paper_id,figure_id,series_id,label,material_name,sample_state,two_theta_deg,relative_intensity
10.1021_acs.chemmater.3c01952,10.1021_acs.chemmater.3c01952-p003-f01,10.1021_acs.chemmater.3c01952-p003-f01-s01,Exp. Pattern,COF-C2-80,experimental,1.483000,0.000000
10.1021_acs.chemmater.3c01952,10.1021_acs.chemmater.3c01952-p003-f01,10.1021_acs.chemmater.3c01952-p003-f01-s01,Exp. Pattern,COF-C2-80,experimental,1.503000,0.000000
10.1021_acs.chemmater.3c01952,10.1021_acs.chemmater.3c01952-p003-f01,10.1021_acs.chemmater.3c01952-p003-f01-s01,Exp. Pattern,COF-C2-80,experimental,1.523000,0.000000
10.1021_acs.chemmater.3c01952,10.1021_acs.chemmater.3c01952-p003-f01,10.1021_acs.chemmater.3c01952-p003-f01-s01,Exp. Pattern,COF-C2-80,experimental,1.543000,0.000000
10.1021_acs.chemmater.3c01952,10.1021_acs.chemmater.3c01952-p003-f01,10.1021_acs.chemmater.3c01952-p003-f01-s01,Exp. Pattern,COF-C2-80,experimental,1.563000,0.000000
10.1021_acs.chemmater.3c01952,10.1021_acs.chemmater.3c01952-p003-f01,10.1021_acs.chemmater.3c01952-p003-f01-s01,Exp. Pattern,COF-C2-80,experimental,1.583000,0.000000
10.1021_acs.chemmater.3c01952,10.1021_acs.chemmater.3c01952-p003-f01,10.1021_acs.chemmater.3c01952-p003-f01-s01,Exp. Pattern,COF-C2-80,experimental,1.603000,0.000000
10.1021_acs.chemmater.3c01952,10.1021_acs.chemmater.3c01952-p003-f01,10.1021_acs.chemmater.3c01952-p003-f01-s01,Exp. Pattern,COF-C2-80,experimental,1.623000,0.000000
10.1021_acs.chemmater.3c01952,10.1021_acs.chemmater.3c01952-p003-f01,10.1021_acs.chemmater.3c01952-p003-f01-s01,Exp. Pattern,COF-C2-80,experimental,1.643000,0.000000
10.1021_acs.chemmater.3c01952,10.1021_acs.chemmater.3c01952-p003-f01,10.1021_acs.chemmater.3c01952-p003-f01-s01,Exp. Pattern,COF-C2-80,experimental,1.663000,0.000000
10.1021_acs.chemmater.3c01952,10.1021_acs.chemmater.3c01952-p003-f01,10.1021_acs.chemmater.3c01952-p003-f01-s01,Exp. Pattern,COF-C2-80,experimental,1.683000,0.000000
10.1021_acs.chemmater.3c01952,10.1021_acs.chemmater.3c01952-p003-f01,10.1021_acs.chemmater.3c01952-p003-f01-s01,Exp. Pattern,COF-C2-80,experimental,1.703000,0.000000
10.1021_acs.chemmater.3c01952,10.1021_acs.chemmater.3c01952-p003-f01,10.1021_acs.chemmater.3c01952-p003-f01-s01,Exp. Pattern,COF-C2-80,experimental,1.723000,-0.000400
10.1021_acs.chemmater.3c01952,10.1021_acs.chemmater.3c01952-p003-f01,10.1021_acs.chemmater.3c01952-p003-f01-s01,Exp. Pattern,COF-C2-80,experimental,1.743000,-0.001500
10.1021_acs.chemmater.3c01952,10.1021_acs.chemmater.3c01952-p003-f01,10.1021_acs.chemmater.3c01952-p003-f01-s01,Exp. Pattern,COF-C2-80,experimental,1.763000,-0.002200
10.1021_acs.chemmater.3c01952,10.1021_acs.chemmater.3c01952-p003-f01,10.1021_acs.chemmater.3c01952-p003-f01-s01,Exp. Pattern,COF-C2-80,experimental,1.783000,-0.001100
10.1021_acs.chemmater.3c01952,10.1021_acs.chemmater.3c01952-p003-f01,10.1021_acs.chemmater.3c01952-p003-f01-s01,Exp. Pattern,COF-C2-80,experimental,1.803000,0.002900
10.1021_acs.chemmater.3c01952,10.1021_acs.chemmater.3c01952-p003-f01,10.1021_acs.chemmater.3c01952-p003-f01-s01,Exp. Pattern,COF-C2-80,experimental,1.823000,0.004300
10.1021_acs.chemmater.3c01952,10.1021_acs.chemmater.3c01952-p003-f01,10.1021_acs.chemmater.3c01952-p003-f01-s01,Exp. Pattern,COF-C2-80,experimental,1.843000,-0.001300
10.1021_acs.chemmater.3c01952,10.1021_acs.chemmater.3c01952-p003-f01,10.1021_acs.chemmater.3c01952-p003-f01-s01,Exp. Pattern,COF-C2-80,experimental,1.863000,0.024000
10.1021_acs.chemmater.3c01952,10.1021_acs.chemmater.3c01952-p003-f01,10.1021_acs.chemmater.3c01952-p003-f01-s01,Exp. Pattern,COF-C2-80,experimental,1.883000,0.077200
10.1021_acs.chemmater.3c01952,10.1021_acs.chemmater.3c01952-p003-f01,10.1021_acs.chemmater.3c01952-p003-f01-s01,Exp. Pattern,COF-C2-80,experimental,1.903000,0.149900
10.1021_acs.chemmater.3c01952,10.1021_acs.chemmater.3c01952-p003-f01,10.1021_acs.chemmater.3c01952-p003-f01-s01,Exp. Pattern,COF-C2-80,experimental,1.923000,0.251700
10.1021_acs.chemmater.3c01952,10.1021_acs.chemmater.3c01952-p003-f01,10.1021_acs.chemmater.3c01952-p003-f01-s01,Exp. Pattern,COF-C2-80,experimental,1.943000,0.347800
10.1021_acs.chemmater.3c01952,10.1021_acs.chemmater.3c01952-p003-f01,10.1021_acs.chemmater.3c01952-p003-f01-s01,Exp. Pattern,COF-C2-80,experimental,1.963000,0.411200
10.1021_acs.chemmater.3c01952,10.1021_acs.chemmater.3c01952-p003-f01,10.1021_acs.chemmater.3c01952-p003-f01-s01,Exp. Pattern,COF-C2-80,experimental,1.983000,0.407800
10.1021_acs.chemmater.3c01952,10.1021_acs.chemmater.3c01952-p003-f01,10.1021_acs.chemmater.3c01952-p003-f01-s01,Exp. Pattern,COF-C2-80,experimental,2.003000,0.368100
10.1021_acs.chemmater.3c01952,10.1021_acs.chemmater.3c01952-p003-f01,10.1021_acs.chemmater.3c01952-p003-f01-s01,Exp. Pattern,COF-C2-80,experimental,2.023000,0.299200
10.1021_acs.chemmater.3c01952,10.1021_acs.chemmater.3c01952-p003-f01,10.1021_acs.chemmater.3c01952-p003-f01-s01,Exp. Pattern,COF-C2-80,experimental,2.043000,0.207500
10.1021_acs.chemmater.3c01952,10.1021_acs.chemmater.3c01952-p003-f01,10.1021_acs.chemmater.3c01952-p003-f01-s01,Exp. Pattern,COF-C2-80,experimental,2.063000,0.158200
10.1021_acs.chemmater.3c01952,10.1021_acs.chemmater.3c01952-p003-f01,10.1021_acs.chemmater.3c01952-p003-f01-s01,Exp. Pattern,COF-C2-80,experimental,2.083000,0.168200
10.1021_acs.chemmater.3c01952,10.1021_acs.chemmater.3c01952-p003-f01,10.1021_acs.chemmater.3c01952-p003-f01-s01,Exp. Pattern,COF-C2-80,experimental,2.103000,0.259000
10.1021_acs.chemmater.3c01952,10.1021_acs.chemmater.3c01952-p003-f01,10.1021_acs.chemmater.3c01952-p003-f01-s01,Exp. Pattern,COF-C2-80,experimental,2.123000,0.423200
10.1021_acs.chemmater.3c01952,10.1021_acs.chemmater.3c01952-p003-f01,10.1021_acs.chemmater.3c01952-p003-f01-s01,Exp. Pattern,COF-C2-80,experimental,2.143000,0.605700
10.1021_acs.chemmater.3c01952,10.1021_acs.chemmater.3c01952-p003-f01,10.1021_acs.chemmater.3c01952-p003-f01-s01,Exp. Pattern,COF-C2-80,experimental,2.163000,0.772900
10.1021_acs.chemmater.3c01952,10.1021_acs.chemmater.3c01952-p003-f01,10.1021_acs.chemmater.3c01952-p003-f01-s01,Exp. Pattern,COF-C2-80,experimental,2.183000,0.896900
10.1021_acs.chemmater.3c01952,10.1021_acs.chemmater.3c01952-p003-f01,10.1021_acs.chemmater.3c01952-p003-f01-s01,Exp. Pattern,COF-C2-80,experimental,2.203000,0.991700
10.1021_acs.chemmater.3c01952,10.1021_acs.chemmater.3c01952-p003-f01,10.1021_acs.chemmater.3c01952-p003-f01-s01,Exp. Pattern,COF-C2-80,experimental,2.223000,1.043400
10.1021_acs.chemmater.3c01952,10.1021_acs.chemmater.3c01952-p003-f01,10.1021_acs.chemmater.3c01952-p003-f01-s01,Exp. Pattern,COF-C2-80,experimental,2.243000,1.063000
10.1021_acs.chemmater.3c01952,10.1021_acs.chemmater.3c01952-p003-f01,10.1021_acs.chemmater.3c01952-p003-f01-s01,Exp. Pattern,COF-C2-80,experimental,2.263000,1.108800
10.1021_acs.chemmater.3c01952,10.1021_acs.chemmater.3c01952-p003-f01,10.1021_acs.chemmater.3c01952-p003-f01-s01,Exp. Pattern,COF-C2-80,experimental,2.283000,1.201500
10.1021_acs.chemmater.3c01952,10.1021_acs.chemmater.3c01952-p003-f01,10.1021_acs.chemmater.3c01952-p003-f01-s01,Exp. Pattern,COF-C2-80,experimental,2.303000,1.335100
10.1021_acs.chemmater.3c01952,10.1021_acs.chemmater.3c01952-p003-f01,10.1021_acs.chemmater.3c01952-p003-f01-s01,Exp. Pattern,COF-C2-80,experimental,2.323000,1.467500
10.1021_acs.chemmater.3c01952,10.1021_acs.chemmater.3c01952-p003-f01,10.1021_acs.chemmater.3c01952-p003-f01-s01,Exp. Pattern,COF-C2-80,experimental,2.343000,1.597900
10.1021_acs.chemmater.3c01952,10.1021_acs.chemmater.3c01952-p003-f01,10.1021_acs.chemmater.3c01952-p003-f01-s01,Exp. Pattern,COF-C2-80,experimental,2.363000,1.731100
10.1021_acs.chemmater.3c01952,10.1021_acs.chemmater.3c01952-p003-f01,10.1021_acs.chemmater.3c01952-p003-f01-s01,Exp. Pattern,COF-C2-80,experimental,2.383000,1.865500
10.1021_acs.chemmater.3c01952,10.1021_acs.chemmater.3c01952-p003-f01,10.1021_acs.chemmater.3c01952-p003-f01-s01,Exp. Pattern,COF-C2-80,experimental,2.403000,1.986900
10.1021_acs.chemmater.3c01952,10.1021_acs.chemmater.3c01952-p003-f01,10.1021_acs.chemmater.3c01952-p003-f01-s01,Exp. Pattern,COF-C2-80,experimental,2.423000,2.110000
10.1021_acs.chemmater.3c01952,10.1021_acs.chemmater.3c01952-p003-f01,10.1021_acs.chemmater.3c01952-p003-f01-s01,Exp. Pattern,COF-C2-80,experimental,2.443000,2.315500
10.1021_acs.chemmater.3c01952,10.1021_acs.chemmater.3c01952-p003-f01,10.1021_acs.chemmater.3c01952-p003-f01-s01,Exp. Pattern,COF-C2-80,experimental,2.463000,2.589200
10.1021_acs.chemmater.3c01952,10.1021_acs.chemmater.3c01952-p003-f01,10.1021_acs.chemmater.3c01952-p003-f01-s01,Exp. Pattern,COF-C2-80,experimental,2.483000,2.885100
10.1021_acs.chemmater.3c01952,10.1021_acs.chemmater.3c01952-p003-f01,10.1021_acs.chemmater.3c01952-p003-f01-s01,Exp. Pattern,COF-C2-80,experimental,2.503000,3.131800
10.1021_acs.chemmater.3c01952,10.1021_acs.chemmater.3c01952-p003-f01,10.1021_acs.chemmater.3c01952-p003-f01-s01,Exp. Pattern,COF-C2-80,experimental,2.523000,3.337300
10.1021_acs.chemmater.3c01952,10.1021_acs.chemmater.3c01952-p003-f01,10.1021_acs.chemmater.3c01952-p003-f01-s01,Exp. Pattern,COF-C2-80,experimental,2.543000,3.544900
10.1021_acs.chemmater.3c01952,10.1021_acs.chemmater.3c01952-p003-f01,10.1021_acs.chemmater.3c01952-p003-f01-s01,Exp. Pattern,COF-C2-80,experimental,2.563000,3.797600
10.1021_acs.chemmater.3c01952,10.1021_acs.chemmater.3c01952-p003-f01,10.1021_acs.chemmater.3c01952-p003-f01-s01,Exp. Pattern,COF-C2-80,experimental,2.583000,4.050700
10.1021_acs.chemmater.3c01952,10.1021_acs.chemmater.3c01952-p003-f01,10.1021_acs.chemmater.3c01952-p003-f01-s01,Exp. Pattern,COF-C2-80,experimental,2.603000,4.292700
10.1021_acs.chemmater.3c01952,10.1021_acs.chemmater.3c01952-p003-f01,10.1021_acs.chemmater.3c01952-p003-f01-s01,Exp. Pattern,COF-C2-80,experimental,2.623000,4.542900
10.1021_acs.chemmater.3c01952,10.1021_acs.chemmater.3c01952-p003-f01,10.1021_acs.chemmater.3c01952-p003-f01-s01,Exp. Pattern,COF-C2-80,experimental,2.643000,4.842400
10.1021_acs.chemmater.3c01952,10.1021_acs.chemmater.3c01952-p003-f01,10.1021_acs.chemmater.3c01952-p003-f01-s01,Exp. Pattern,COF-C2-80,experimental,2.663000,5.126800
10.1021_acs.chemmater.3c01952,10.1021_acs.chemmater.3c01952-p003-f01,10.1021_acs.chemmater.3c01952-p003-f01-s01,Exp. Pattern,COF-C2-80,experimental,2.683000,5.371000
10.1021_acs.chemmater.3c01952,10.1021_acs.chemmater.3c01952-p003-f01,10.1021_acs.chemmater.3c01952-p003-f01-s01,Exp. Pattern,COF-C2-80,experimental,2.703000,5.554900
10.1021_acs.chemmater.3c01952,10.1021_acs.chemmater.3c01952-p003-f01,10.1021_acs.chemmater.3c01952-p003-f01-s01,Exp. Pattern,COF-C2-80,experimental,2.723000,5.784100
10.1021_acs.chemmater.3c01952,10.1021_acs.chemmater.3c01952-p003-f01,10.1021_acs.chemmater.3c01952-p003-f01-s01,Exp. Pattern,COF-C2-80,experimental,2.743000,6.107900
10.1021_acs.chemmater.3c01952,10.1021_acs.chemmater.3c01952-p003-f01,10.1021_acs.chemmater.3c01952-p003-f01-s01,Exp. Pattern,COF-C2-80,experimental,2.763000,6.520100
10.1021_acs.chemmater.3c01952,10.1021_acs.chemmater.3c01952-p003-f01,10.1021_acs.chemmater.3c01952-p003-f01-s01,Exp. Pattern,COF-C2-80,experimental,2.783000,6.998900
10.1021_acs.chemmater.3c01952,10.1021_acs.chemmater.3c01952-p003-f01,10.1021_acs.chemmater.3c01952-p003-f01-s01,Exp. Pattern,COF-C2-80,experimental,2.803000,7.542300
10.1021_acs.chemmater.3c01952,10.1021_acs.chemmater.3c01952-p003-f01,10.1021_acs.chemmater.3c01952-p003-f01-s01,Exp. Pattern,COF-C2-80,experimental,2.823000,8.115600
10.1021_acs.chemmater.3c01952,10.1021_acs.chemmater.3c01952-p003-f01,10.1021_acs.chemmater.3c01952-p003-f01-s01,Exp. Pattern,COF-C2-80,experimental,2.843000,8.740000
10.1021_acs.chemmater.3c01952,10.1021_acs.chemmater.3c01952-p003-f01,10.1021_acs.chemmater.3c01952-p003-f01-s01,Exp. Pattern,COF-C2-80,experimental,2.863000,9.353600
10.1021_acs.chemmater.3c01952,10.1021_acs.chemmater.3c01952-p003-f01,10.1021_acs.chemmater.3c01952-p003-f01-s01,Exp. Pattern,COF-C2-80,experimental,2.883000,9.898300
10.1021_acs.chemmater.3c01952,10.1021_acs.chemmater.3c01952-p003-f01,10.1021_acs.chemmater.3c01952-p003-f01-s01,Exp. Pattern,COF-C2-80,experimental,2.903000,10.423000
10.1021_acs.chemmater.3c01952,10.1021_acs.chemmater.3c01952-p003-f01,10.1021_acs.chemmater.3c01952-p003-f01-s01,Exp. Pattern,COF-C2-80,experimental,2.923000,10.981600
10.1021_acs.chemmater.3c01952,10.1021_acs.chemmater.3c01952-p003-f01,10.1021_acs.chemmater.3c01952-p003-f01-s01,Exp. Pattern,COF-C2-80,experimental,2.943000,11.584500
10.1021_acs.chemmater.3c01952,10.1021_acs.chemmater.3c01952-p003-f01,10.1021_acs.chemmater.3c01952-p003-f01-s01,Exp. Pattern,COF-C2-80,experimental,2.963000,12.291400
10.1021_acs.chemmater.3c01952,10.1021_acs.chemmater.3c01952-p003-f01,10.1021_acs.chemmater.3c01952-p003-f01-s01,Exp. Pattern,COF-C2-80,experimental,2.983000,13.091900
10.1021_acs.chemmater.3c01952,10.1021_acs.chemmater.3c01952-p003-f01,10.1021_acs.chemmater.3c01952-p003-f01-s01,Exp. Pattern,COF-C2-80,experimental,3.003000,13.958700
10.1021_acs.chemmater.3c01952,10.1021_acs.chemmater.3c01952-p003-f01,10.1021_acs.chemmater.3c01952-p003-f01-s01,Exp. Pattern,COF-C2-80,experimental,3.023000,14.924800
10.1021_acs.chemmater.3c01952,10.1021_acs.chemmater.3c01952-p003-f01,10.1021_acs.chemmater.3c01952-p003-f01-s01,Exp. Pattern,COF-C2-80,experimental,3.043000,15.953400
10.1021_acs.chemmater.3c01952,10.1021_acs.chemmater.3c01952-p003-f01,10.1021_acs.chemmater.3c01952-p003-f01-s01,Exp. Pattern,COF-C2-80,experimental,3.063000,16.980500
10.1021_acs.chemmater.3c01952,10.1021_acs.chemmater.3c01952-p003-f01,10.1021_acs.chemmater.3c01952-p003-f01-s01,Exp. Pattern,COF-C2-80,experimental,3.083000,18.022600
10.1021_acs.chemmater.3c01952,10.1021_acs.chemmater.3c01952-p003-f01,10.1021_acs.chemmater.3c01952-p003-f01-s01,Exp. Pattern,COF-C2-80,experimental,3.103000,19.098300
10.1021_acs.chemmater.3c01952,10.1021_acs.chemmater.3c01952-p003-f01,10.1021_acs.chemmater.3c01952-p003-f01-s01,Exp. Pattern,COF-C2-80,experimental,3.123000,20.225500
10.1021_acs.chemmater.3c01952,10.1021_acs.chemmater.3c01952-p003-f01,10.1021_acs.chemmater.3c01952-p003-f01-s01,Exp. Pattern,COF-C2-80,experimental,3.143000,21.447700
10.1021_acs.chemmater.3c01952,10.1021_acs.chemmater.3c01952-p003-f01,10.1021_acs.chemmater.3c01952-p003-f01-s01,Exp. Pattern,COF-C2-80,experimental,3.163000,22.631200
10.1021_acs.chemmater.3c01952,10.1021_acs.chemmater.3c01952-p003-f01,10.1021_acs.chemmater.3c01952-p003-f01-s01,Exp. Pattern,COF-C2-80,experimental,3.183000,23.744800
10.1021_acs.chemmater.3c01952,10.1021_acs.chemmater.3c01952-p003-f01,10.1021_acs.chemmater.3c01952-p003-f01-s01,Exp. Pattern,COF-C2-80,experimental,3.203000,24.860000
10.1021_acs.chemmater.3c01952,10.1021_acs.chemmater.3c01952-p003-f01,10.1021_acs.chemmater.3c01952-p003-f01-s01,Exp. Pattern,COF-C2-80,experimental,3.223000,25.959700
10.1021_acs.chemmater.3c01952,10.1021_acs.chemmater.3c01952-p003-f01,10.1021_acs.chemmater.3c01952-p003-f01-s01,Exp. Pattern,COF-C2-80,experimental,3.243000,27.199600
10.1021_acs.chemmater.3c01952,10.1021_acs.chemmater.3c01952-p003-f01,10.1021_acs.chemmater.3c01952-p003-f01-s01,Exp. Pattern,COF-C2-80,experimental,3.263000,28.691300
10.1021_acs.chemmater.3c01952,10.1021_acs.chemmater.3c01952-p003-f01,10.1021_acs.chemmater.3c01952-p003-f01-s01,Exp. Pattern,COF-C2-80,experimental,3.283000,30.364000
10.1021_acs.chemmater.3c01952,10.1021_acs.chemmater.3c01952-p003-f01,10.1021_acs.chemmater.3c01952-p003-f01-s01,Exp. Pattern,COF-C2-80,experimental,3.303000,32.168900
10.1021_acs.chemmater.3c01952,10.1021_acs.chemmater.3c01952-p003-f01,10.1021_acs.chemmater.3c01952-p003-f01-s01,Exp. Pattern,COF-C2-80,experimental,3.323000,34.091200
10.1021_acs.chemmater.3c01952,10.1021_acs.chemmater.3c01952-p003-f01,10.1021_acs.chemmater.3c01952-p003-f01-s01,Exp. Pattern,COF-C2-80,experimental,3.343000,36.021400
10.1021_acs.chemmater.3c01952,10.1021_acs.chemmater.3c01952-p003-f01,10.1021_acs.chemmater.3c01952-p003-f01-s01,Exp. Pattern,COF-C2-80,experimental,3.363000,37.868500
10.1021_acs.chemmater.3c01952,10.1021_acs.chemmater.3c01952-p003-f01,10.1021_acs.chemmater.3c01952-p003-f01-s01,Exp. Pattern,COF-C2-80,experimental,3.383000,39.750400
10.1021_acs.chemmater.3c01952,10.1021_acs.chemmater.3c01952-p003-f01,10.1021_acs.chemmater.3c01952-p003-f01-s01,Exp. Pattern,COF-C2-80,experimental,3.403000,41.692400
10.1021_acs.chemmater.3c01952,10.1021_acs.chemmater.3c01952-p003-f01,10.1021_acs.chemmater.3c01952-p003-f01-s01,Exp. Pattern,COF-C2-80,experimental,3.423000,43.474600
10.1021_acs.chemmater.3c01952,10.1021_acs.chemmater.3c01952-p003-f01,10.1021_acs.chemmater.3c01952-p003-f01-s01,Exp. Pattern,COF-C2-80,experimental,3.443000,45.501200
10.1021_acs.chemmater.3c01952,10.1021_acs.chemmater.3c01952-p003-f01,10.1021_acs.chemmater.3c01952-p003-f01-s01,Exp. Pattern,COF-C2-80,experimental,3.463000,47.863000
10.1021_acs.chemmater.3c01952,10.1021_acs.chemmater.3c01952-p003-f01,10.1021_acs.chemmater.3c01952-p003-f01-s01,Exp. Pattern,COF-C2-80,experimental,3.483000,50.385400
10.1021_acs.chemmater.3c01952,10.1021_acs.chemmater.3c01952-p003-f01,10.1021_acs.chemmater.3c01952-p003-f01-s01,Exp. Pattern,COF-C2-80,experimental,3.503000,53.000700
10.1021_acs.chemmater.3c01952,10.1021_acs.chemmater.3c01952-p003-f01,10.1021_acs.chemmater.3c01952-p003-f01-s01,Exp. Pattern,COF-C2-80,experimental,3.523000,55.571700
10.1021_acs.chemmater.3c01952,10.1021_acs.chemmater.3c01952-p003-f01,10.1021_acs.chemmater.3c01952-p003-f01-s01,Exp. Pattern,COF-C2-80,experimental,3.543000,57.929400
10.1021_acs.chemmater.3c01952,10.1021_acs.chemmater.3c01952-p003-f01,10.1021_acs.chemmater.3c01952-p003-f01-s01,Exp. Pattern,COF-C2-80,experimental,3.563000,60.135100
10.1021_acs.chemmater.3c01952,10.1021_acs.chemmater.3c01952-p003-f01,10.1021_acs.chemmater.3c01952-p003-f01-s01,Exp. Pattern,COF-C2-80,experimental,3.583000,62.255800
10.1021_acs.chemmater.3c01952,10.1021_acs.chemmater.3c01952-p003-f01,10.1021_acs.chemmater.3c01952-p003-f01-s01,Exp. Pattern,COF-C2-80,experimental,3.603000,64.404400
10.1021_acs.chemmater.3c01952,10.1021_acs.chemmater.3c01952-p003-f01,10.1021_acs.chemmater.3c01952-p003-f01-s01,Exp. Pattern,COF-C2-80,experimental,3.623000,66.333600
10.1021_acs.chemmater.3c01952,10.1021_acs.chemmater.3c01952-p003-f01,10.1021_acs.chemmater.3c01952-p003-f01-s01,Exp. Pattern,COF-C2-80,experimental,3.643000,68.275500
10.1021_acs.chemmater.3c01952,10.1021_acs.chemmater.3c01952-p003-f01,10.1021_acs.chemmater.3c01952-p003-f01-s01,Exp. Pattern,COF-C2-80,experimental,3.663000,70.253300
10.1021_acs.chemmater.3c01952,10.1021_acs.chemmater.3c01952-p003-f01,10.1021_acs.chemmater.3c01952-p003-f01-s01,Exp. Pattern,COF-C2-80,experimental,3.683000,72.143600
10.1021_acs.chemmater.3c01952,10.1021_acs.chemmater.3c01952-p003-f01,10.1021_acs.chemmater.3c01952-p003-f01-s01,Exp. Pattern,COF-C2-80,experimental,3.703000,73.978700
10.1021_acs.chemmater.3c01952,10.1021_acs.chemmater.3c01952-p003-f01,10.1021_acs.chemmater.3c01952-p003-f01-s01,Exp. Pattern,COF-C2-80,experimental,3.723000,75.721300
10.1021_acs.chemmater.3c01952,10.1021_acs.chemmater.3c01952-p003-f01,10.1021_acs.chemmater.3c01952-p003-f01-s01,Exp. Pattern,COF-C2-80,experimental,3.743000,77.201700
10.1021_acs.chemmater.3c01952,10.1021_acs.chemmater.3c01952-p003-f01,10.1021_acs.chemmater.3c01952-p003-f01-s01,Exp. Pattern,COF-C2-80,experimental,3.763000,78.468100
10.1021_acs.chemmater.3c01952,10.1021_acs.chemmater.3c01952-p003-f01,10.1021_acs.chemmater.3c01952-p003-f01-s01,Exp. Pattern,COF-C2-80,experimental,3.783000,79.565200
10.1021_acs.chemmater.3c01952,10.1021_acs.chemmater.3c01952-p003-f01,10.1021_acs.chemmater.3c01952-p003-f01-s01,Exp. Pattern,COF-C2-80,experimental,3.803000,80.417400
10.1021_acs.chemmater.3c01952,10.1021_acs.chemmater.3c01952-p003-f01,10.1021_acs.chemmater.3c01952-p003-f01-s01,Exp. Pattern,COF-C2-80,experimental,3.823000,80.828900
10.1021_acs.chemmater.3c01952,10.1021_acs.chemmater.3c01952-p003-f01,10.1021_acs.chemmater.3c01952-p003-f01-s01,Exp. Pattern,COF-C2-80,experimental,3.843000,80.740600
10.1021_acs.chemmater.3c01952,10.1021_acs.chemmater.3c01952-p003-f01,10.1021_acs.chemmater.3c01952-p003-f01-s01,Exp. Pattern,COF-C2-80,experimental,3.863000,80.094700
10.1021_acs.chemmater.3c01952,10.1021_acs.chemmater.3c01952-p003-f01,10.1021_acs.chemmater.3c01952-p003-f01-s01,Exp. Pattern,COF-C2-80,experimental,3.883000,79.050700
10.1021_acs.chemmater.3c01952,10.1021_acs.chemmater.3c01952-p003-f01,10.1021_acs.chemmater.3c01952-p003-f01-s01,Exp. Pattern,COF-C2-80,experimental,3.903000,77.760400
10.1021_acs.chemmater.3c01952,10.1021_acs.chemmater.3c01952-p003-f01,10.1021_acs.chemmater.3c01952-p003-f01-s01,Exp. Pattern,COF-C2-80,experimental,3.923000,76.267000
10.1021_acs.chemmater.3c01952,10.1021_acs.chemmater.3c01952-p003-f01,10.1021_acs.chemmater.3c01952-p003-f01-s01,Exp. Pattern,COF-C2-80,experimental,3.943000,74.677900
10.1021_acs.chemmater.3c01952,10.1021_acs.chemmater.3c01952-p003-f01,10.1021_acs.chemmater.3c01952-p003-f01-s01,Exp. Pattern,COF-C2-80,experimental,3.963000,73.057200
10.1021_acs.chemmater.3c01952,10.1021_acs.chemmater.3c01952-p003-f01,10.1021_acs.chemmater.3c01952-p003-f01-s01,Exp. Pattern,COF-C2-80,experimental,3.983000,71.359100
10.1021_acs.chemmater.3c01952,10.1021_acs.chemmater.3c01952-p003-f01,10.1021_acs.chemmater.3c01952-p003-f01-s01,Exp. Pattern,COF-C2-80,experimental,4.003000,69.532400
10.1021_acs.chemmater.3c01952,10.1021_acs.chemmater.3c01952-p003-f01,10.1021_acs.chemmater.3c01952-p003-f01-s01,Exp. Pattern,COF-C2-80,experimental,4.023000,67.527000
10.1021_acs.chemmater.3c01952,10.1021_acs.chemmater.3c01952-p003-f01,10.1021_acs.chemmater.3c01952-p003-f01-s01,Exp. Pattern,COF-C2-80,experimental,4.043000,65.286400
10.1021_acs.chemmater.3c01952,10.1021_acs.chemmater.3c01952-p003-f01,10.1021_acs.chemmater.3c01952-p003-f01-s01,Exp. Pattern,COF-C2-80,experimental,4.063000,62.901000
10.1021_acs.chemmater.3c01952,10.1021_acs.chemmater.3c01952-p003-f01,10.1021_acs.chemmater.3c01952-p003-f01-s01,Exp. Pattern,COF-C2-80,experimental,4.083000,60.507300
10.1021_acs.chemmater.3c01952,10.1021_acs.chemmater.3c01952-p003-f01,10.1021_acs.chemmater.3c01952-p003-f01-s01,Exp. Pattern,COF-C2-80,experimental,4.103000,58.110400
10.1021_acs.chemmater.3c01952,10.1021_acs.chemmater.3c01952-p003-f01,10.1021_acs.chemmater.3c01952-p003-f01-s01,Exp. Pattern,COF-C2-80,experimental,4.123000,55.799300
10.1021_acs.chemmater.3c01952,10.1021_acs.chemmater.3c01952-p003-f01,10.1021_acs.chemmater.3c01952-p003-f01-s01,Exp. Pattern,COF-C2-80,experimental,4.143000,53.515400
10.1021_acs.chemmater.3c01952,10.1021_acs.chemmater.3c01952-p003-f01,10.1021_acs.chemmater.3c01952-p003-f01-s01,Exp. Pattern,COF-C2-80,experimental,4.163000,51.258300
10.1021_acs.chemmater.3c01952,10.1021_acs.chemmater.3c01952-p003-f01,10.1021_acs.chemmater.3c01952-p003-f01-s01,Exp. Pattern,COF-C2-80,experimental,4.183000,49.097500
10.1021_acs.chemmater.3c01952,10.1021_acs.chemmater.3c01952-p003-f01,10.1021_acs.chemmater.3c01952-p003-f01-s01,Exp. Pattern,COF-C2-80,experimental,4.203000,46.858700
10.1021_acs.chemmater.3c01952,10.1021_acs.chemmater.3c01952-p003-f01,10.1021_acs.chemmater.3c01952-p003-f01-s01,Exp. Pattern,COF-C2-80,experimental,4.223000,44.563600
10.1021_acs.chemmater.3c01952,10.1021_acs.chemmater.3c01952-p003-f01,10.1021_acs.chemmater.3c01952-p003-f01-s01,Exp. Pattern,COF-C2-80,experimental,4.243000,42.355200
10.1021_acs.chemmater.3c01952,10.1021_acs.chemmater.3c01952-p003-f01,10.1021_acs.chemmater.3c01952-p003-f01-s01,Exp. Pattern,COF-C2-80,experimental,4.263000,40.245100
10.1021_acs.chemmater.3c01952,10.1021_acs.chemmater.3c01952-p003-f01,10.1021_acs.chemmater.3c01952-p003-f01-s01,Exp. Pattern,COF-C2-80,experimental,4.283000,38.331400
10.1021_acs.chemmater.3c01952,10.1021_acs.chemmater.3c01952-p003-f01,10.1021_acs.chemmater.3c01952-p003-f01-s01,Exp. Pattern,COF-C2-80,experimental,4.303000,36.650600
10.1021_acs.chemmater.3c01952,10.1021_acs.chemmater.3c01952-p003-f01,10.1021_acs.chemmater.3c01952-p003-f01-s01,Exp. Pattern,COF-C2-80,experimental,4.323000,35.045700
10.1021_acs.chemmater.3c01952,10.1021_acs.chemmater.3c01952-p003-f01,10.1021_acs.chemmater.3c01952-p003-f01-s01,Exp. Pattern,COF-C2-80,experimental,4.343000,33.348300
10.1021_acs.chemmater.3c01952,10.1021_acs.chemmater.3c01952-p003-f01,10.1021_acs.chemmater.3c01952-p003-f01-s01,Exp. Pattern,COF-C2-80,experimental,4.363000,31.681800
10.1021_acs.chemmater.3c01952,10.1021_acs.chemmater.3c01952-p003-f01,10.1021_acs.chemmater.3c01952-p003-f01-s01,Exp. Pattern,COF-C2-80,experimental,4.383000,30.088300
10.1021_acs.chemmater.3c01952,10.1021_acs.chemmater.3c01952-p003-f01,10.1021_acs.chemmater.3c01952-p003-f01-s01,Exp. Pattern,COF-C2-80,experimental,4.403000,28.462000
10.1021_acs.chemmater.3c01952,10.1021_acs.chemmater.3c01952-p003-f01,10.1021_acs.chemmater.3c01952-p003-f01-s01,Exp. Pattern,COF-C2-80,experimental,4.423000,27.005800
10.1021_acs.chemmater.3c01952,10.1021_acs.chemmater.3c01952-p003-f01,10.1021_acs.chemmater.3c01952-p003-f01-s01,Exp. Pattern,COF-C2-80,experimental,4.443000,25.757200
10.1021_acs.chemmater.3c01952,10.1021_acs.chemmater.3c01952-p003-f01,10.1021_acs.chemmater.3c01952-p003-f01-s01,Exp. Pattern,COF-C2-80,experimental,4.463000,24.588800
10.1021_acs.chemmater.3c01952,10.1021_acs.chemmater.3c01952-p003-f01,10.1021_acs.chemmater.3c01952-p003-f01-s01,Exp. Pattern,COF-C2-80,experimental,4.483000,23.578600
10.1021_acs.chemmater.3c01952,10.1021_acs.chemmater.3c01952-p003-f01,10.1021_acs.chemmater.3c01952-p003-f01-s01,Exp. Pattern,COF-C2-80,experimental,4.503000,22.623700
10.1021_acs.chemmater.3c01952,10.1021_acs.chemmater.3c01952-p003-f01,10.1021_acs.chemmater.3c01952-p003-f01-s01,Exp. Pattern,COF-C2-80,experimental,4.523000,21.557500
10.1021_acs.chemmater.3c01952,10.1021_acs.chemmater.3c01952-p003-f01,10.1021_acs.chemmater.3c01952-p003-f01-s01,Exp. Pattern,COF-C2-80,experimental,4.543000,20.501400
10.1021_acs.chemmater.3c01952,10.1021_acs.chemmater.3c01952-p003-f01,10.1021_acs.chemmater.3c01952-p003-f01-s01,Exp. Pattern,COF-C2-80,experimental,4.563000,19.497800
10.1021_acs.chemmater.3c01952,10.1021_acs.chemmater.3c01952-p003-f01,10.1021_acs.chemmater.3c01952-p003-f01-s01,Exp. Pattern,COF-C2-80,experimental,4.583000,18.514100
10.1021_acs.chemmater.3c01952,10.1021_acs.chemmater.3c01952-p003-f01,10.1021_acs.chemmater.3c01952-p003-f01-s01,Exp. Pattern,COF-C2-80,experimental,4.603000,17.573000
10.1021_acs.chemmater.3c01952,10.1021_acs.chemmater.3c01952-p003-f01,10.1021_acs.chemmater.3c01952-p003-f01-s01,Exp. Pattern,COF-C2-80,experimental,4.623000,16.712900
10.1021_acs.chemmater.3c01952,10.1021_acs.chemmater.3c01952-p003-f01,10.1021_acs.chemmater.3c01952-p003-f01-s01,Exp. Pattern,COF-C2-80,experimental,4.643000,15.942900
10.1021_acs.chemmater.3c01952,10.1021_acs.chemmater.3c01952-p003-f01,10.1021_acs.chemmater.3c01952-p003-f01-s01,Exp. Pattern,COF-C2-80,experimental,4.663000,15.252900
10.1021_acs.chemmater.3c01952,10.1021_acs.chemmater.3c01952-p003-f01,10.1021_acs.chemmater.3c01952-p003-f01-s01,Exp. Pattern,COF-C2-80,experimental,4.683000,14.644700
10.1021_acs.chemmater.3c01952,10.1021_acs.chemmater.3c01952-p003-f01,10.1021_acs.chemmater.3c01952-p003-f01-s01,Exp. Pattern,COF-C2-80,experimental,4.703000,14.106500
10.1021_acs.chemmater.3c01952,10.1021_acs.chemmater.3c01952-p003-f01,10.1021_acs.chemmater.3c01952-p003-f01-s01,Exp. Pattern,COF-C2-80,experimental,4.723000,13.572100
10.1021_acs.chemmater.3c01952,10.1021_acs.chemmater.3c01952-p003-f01,10.1021_acs.chemmater.3c01952-p003-f01-s01,Exp. Pattern,COF-C2-80,experimental,4.743000,13.128600
10.1021_acs.chemmater.3c01952,10.1021_acs.chemmater.3c01952-p003-f01,10.1021_acs.chemmater.3c01952-p003-f01-s01,Exp. Pattern,COF-C2-80,experimental,4.763000,12.750600
10.1021_acs.chemmater.3c01952,10.1021_acs.chemmater.3c01952-p003-f01,10.1021_acs.chemmater.3c01952-p003-f01-s01,Exp. Pattern,COF-C2-80,experimental,4.783000,12.354600
10.1021_acs.chemmater.3c01952,10.1021_acs.chemmater.3c01952-p003-f01,10.1021_acs.chemmater.3c01952-p003-f01-s01,Exp. Pattern,COF-C2-80,experimental,4.803000,11.943100
10.1021_acs.chemmater.3c01952,10.1021_acs.chemmater.3c01952-p003-f01,10.1021_acs.chemmater.3c01952-p003-f01-s01,Exp. Pattern,COF-C2-80,experimental,4.823000,11.510300
10.1021_acs.chemmater.3c01952,10.1021_acs.chemmater.3c01952-p003-f01,10.1021_acs.chemmater.3c01952-p003-f01-s01,Exp. Pattern,COF-C2-80,experimental,4.843000,11.037400
10.1021_acs.chemmater.3c01952,10.1021_acs.chemmater.3c01952-p003-f01,10.1021_acs.chemmater.3c01952-p003-f01-s01,Exp. Pattern,COF-C2-80,experimental,4.863000,10.629500
10.1021_acs.chemmater.3c01952,10.1021_acs.chemmater.3c01952-p003-f01,10.1021_acs.chemmater.3c01952-p003-f01-s01,Exp. Pattern,COF-C2-80,experimental,4.883000,10.290700
10.1021_acs.chemmater.3c01952,10.1021_acs.chemmater.3c01952-p003-f01,10.1021_acs.chemmater.3c01952-p003-f01-s01,Exp. Pattern,COF-C2-80,experimental,4.903000,9.976300
10.1021_acs.chemmater.3c01952,10.1021_acs.chemmater.3c01952-p003-f01,10.1021_acs.chemmater.3c01952-p003-f01-s01,Exp. Pattern,COF-C2-80,experimental,4.923000,9.665000
10.1021_acs.chemmater.3c01952,10.1021_acs.chemmater.3c01952-p003-f01,10.1021_acs.chemmater.3c01952-p003-f01-s01,Exp. Pattern,COF-C2-80,experimental,4.943000,9.386200
10.1021_acs.chemmater.3c01952,10.1021_acs.chemmater.3c01952-p003-f01,10.1021_acs.chemmater.3c01952-p003-f01-s01,Exp. Pattern,COF-C2-80,experimental,4.963000,9.120800
10.1021_acs.chemmater.3c01952,10.1021_acs.chemmater.3c01952-p003-f01,10.1021_acs.chemmater.3c01952-p003-f01-s01,Exp. Pattern,COF-C2-80,experimental,4.983000,8.839800
10.1021_acs.chemmater.3c01952,10.1021_acs.chemmater.3c01952-p003-f01,10.1021_acs.chemmater.3c01952-p003-f01-s01,Exp. Pattern,COF-C2-80,experimental,5.003000,8.556500
10.1021_acs.chemmater.3c01952,10.1021_acs.chemmater.3c01952-p003-f01,10.1021_acs.chemmater.3c01952-p003-f01-s01,Exp. Pattern,COF-C2-80,experimental,5.023000,8.278400
10.1021_acs.chemmater.3c01952,10.1021_acs.chemmater.3c01952-p003-f01,10.1021_acs.chemmater.3c01952-p003-f01-s01,Exp. Pattern,COF-C2-80,experimental,5.043000,8.049700
10.1021_acs.chemmater.3c01952,10.1021_acs.chemmater.3c01952-p003-f01,10.1021_acs.chemmater.3c01952-p003-f01-s01,Exp. Pattern,COF-C2-80,experimental,5.063000,7.892300
10.1021_acs.chemmater.3c01952,10.1021_acs.chemmater.3c01952-p003-f01,10.1021_acs.chemmater.3c01952-p003-f01-s01,Exp. Pattern,COF-C2-80,experimental,5.083000,7.754700
10.1021_acs.chemmater.3c01952,10.1021_acs.chemmater.3c01952-p003-f01,10.1021_acs.chemmater.3c01952-p003-f01-s01,Exp. Pattern,COF-C2-80,experimental,5.103000,7.596500
10.1021_acs.chemmater.3c01952,10.1021_acs.chemmater.3c01952-p003-f01,10.1021_acs.chemmater.3c01952-p003-f01-s01,Exp. Pattern,COF-C2-80,experimental,5.123000,7.455400
10.1021_acs.chemmater.3c01952,10.1021_acs.chemmater.3c01952-p003-f01,10.1021_acs.chemmater.3c01952-p003-f01-s01,Exp. Pattern,COF-C2-80,experimental,5.143000,7.312500
10.1021_acs.chemmater.3c01952,10.1021_acs.chemmater.3c01952-p003-f01,10.1021_acs.chemmater.3c01952-p003-f01-s01,Exp. Pattern,COF-C2-80,experimental,5.163000,7.158700
10.1021_acs.chemmater.3c01952,10.1021_acs.chemmater.3c01952-p003-f01,10.1021_acs.chemmater.3c01952-p003-f01-s01,Exp. Pattern,COF-C2-80,experimental,5.183000,7.021200
10.1021_acs.chemmater.3c01952,10.1021_acs.chemmater.3c01952-p003-f01,10.1021_acs.chemmater.3c01952-p003-f01-s01,Exp. Pattern,COF-C2-80,experimental,5.203000,6.915400
10.1021_acs.chemmater.3c01952,10.1021_acs.chemmater.3c01952-p003-f01,10.1021_acs.chemmater.3c01952-p003-f01-s01,Exp. Pattern,COF-C2-80,experimental,5.223000,6.840600
10.1021_acs.chemmater.3c01952,10.1021_acs.chemmater.3c01952-p003-f01,10.1021_acs.chemmater.3c01952-p003-f01-s01,Exp. Pattern,COF-C2-80,experimental,5.243000,6.827000
10.1021_acs.chemmater.3c01952,10.1021_acs.chemmater.3c01952-p003-f01,10.1021_acs.chemmater.3c01952-p003-f01-s01,Exp. Pattern,COF-C2-80,experimental,5.263000,6.794900
10.1021_acs.chemmater.3c01952,10.1021_acs.chemmater.3c01952-p003-f01,10.1021_acs.chemmater.3c01952-p003-f01-s01,Exp. Pattern,COF-C2-80,experimental,5.283000,6.732500
10.1021_acs.chemmater.3c01952,10.1021_acs.chemmater.3c01952-p003-f01,10.1021_acs.chemmater.3c01952-p003-f01-s01,Exp. Pattern,COF-C2-80,experimental,5.303000,6.716900
10.1021_acs.chemmater.3c01952,10.1021_acs.chemmater.3c01952-p003-f01,10.1021_acs.chemmater.3c01952-p003-f01-s01,Exp. Pattern,COF-C2-80,experimental,5.323000,6.737500
10.1021_acs.chemmater.3c01952,10.1021_acs.chemmater.3c01952-p003-f01,10.1021_acs.chemmater.3c01952-p003-f01-s01,Exp. Pattern,COF-C2-80,experimental,5.343000,6.799700
10.1021_acs.chemmater.3c01952,10.1021_acs.chemmater.3c01952-p003-f01,10.1021_acs.chemmater.3c01952-p003-f01-s01,Exp. Pattern,COF-C2-80,experimental,5.363000,6.966000
10.1021_acs.chemmater.3c01952,10.1021_acs.chemmater.3c01952-p003-f01,10.1021_acs.chemmater.3c01952-p003-f01-s01,Exp. Pattern,COF-C2-80,experimental,5.383000,7.225600
10.1021_acs.chemmater.3c01952,10.1021_acs.chemmater.3c01952-p003-f01,10.1021_acs.chemmater.3c01952-p003-f01-s01,Exp. Pattern,COF-C2-80,experimental,5.403000,7.510100
10.1021_acs.chemmater.3c01952,10.1021_acs.chemmater.3c01952-p003-f01,10.1021_acs.chemmater.3c01952-p003-f01-s01,Exp. Pattern,COF-C2-80,experimental,5.423000,7.757200
10.1021_acs.chemmater.3c01952,10.1021_acs.chemmater.3c01952-p003-f01,10.1021_acs.chemmater.3c01952-p003-f01-s01,Exp. Pattern,COF-C2-80,experimental,5.443000,7.933500
10.1021_acs.chemmater.3c01952,10.1021_acs.chemmater.3c01952-p003-f01,10.1021_acs.chemmater.3c01952-p003-f01-s01,Exp. Pattern,COF-C2-80,experimental,5.463000,7.997100
10.1021_acs.chemmater.3c01952,10.1021_acs.chemmater.3c01952-p003-f01,10.1021_acs.chemmater.3c01952-p003-f01-s01,Exp. Pattern,COF-C2-80,experimental,5.483000,7.953300
10.1021_acs.chemmater.3c01952,10.1021_acs.chemmater.3c01952-p003-f01,10.1021_acs.chemmater.3c01952-p003-f01-s01,Exp. Pattern,COF-C2-80,experimental,5.503000,7.826400
10.1021_acs.chemmater.3c01952,10.1021_acs.chemmater.3c01952-p003-f01,10.1021_acs.chemmater.3c01952-p003-f01-s01,Exp. Pattern,COF-C2-80,experimental,5.523000,7.606700
10.1021_acs.chemmater.3c01952,10.1021_acs.chemmater.3c01952-p003-f01,10.1021_acs.chemmater.3c01952-p003-f01-s01,Exp. Pattern,COF-C2-80,experimental,5.543000,7.378800
10.1021_acs.chemmater.3c01952,10.1021_acs.chemmater.3c01952-p003-f01,10.1021_acs.chemmater.3c01952-p003-f01-s01,Exp. Pattern,COF-C2-80,experimental,5.563000,7.203700
10.1021_acs.chemmater.3c01952,10.1021_acs.chemmater.3c01952-p003-f01,10.1021_acs.chemmater.3c01952-p003-f01-s01,Exp. Pattern,COF-C2-80,experimental,5.583000,7.130700
10.1021_acs.chemmater.3c01952,10.1021_acs.chemmater.3c01952-p003-f01,10.1021_acs.chemmater.3c01952-p003-f01-s01,Exp. Pattern,COF-C2-80,experimental,5.603000,7.194000
10.1021_acs.chemmater.3c01952,10.1021_acs.chemmater.3c01952-p003-f01,10.1021_acs.chemmater.3c01952-p003-f01-s01,Exp. Pattern,COF-C2-80,experimental,5.623000,7.373500
10.1021_acs.chemmater.3c01952,10.1021_acs.chemmater.3c01952-p003-f01,10.1021_acs.chemmater.3c01952-p003-f01-s01,Exp. Pattern,COF-C2-80,experimental,5.643000,7.710700
10.1021_acs.chemmater.3c01952,10.1021_acs.chemmater.3c01952-p003-f01,10.1021_acs.chemmater.3c01952-p003-f01-s01,Exp. Pattern,COF-C2-80,experimental,5.663000,8.223400
10.1021_acs.chemmater.3c01952,10.1021_acs.chemmater.3c01952-p003-f01,10.1021_acs.chemmater.3c01952-p003-f01-s01,Exp. Pattern,COF-C2-80,experimental,5.683000,8.889500
10.1021_acs.chemmater.3c01952,10.1021_acs.chemmater.3c01952-p003-f01,10.1021_acs.chemmater.3c01952-p003-f01-s01,Exp. Pattern,COF-C2-80,experimental,5.703000,9.789400
10.1021_acs.chemmater.3c01952,10.1021_acs.chemmater.3c01952-p003-f01,10.1021_acs.chemmater.3c01952-p003-f01-s01,Exp. Pattern,COF-C2-80,experimental,5.723000,10.991900
10.1021_acs.chemmater.3c01952,10.1021_acs.chemmater.3c01952-p003-f01,10.1021_acs.chemmater.3c01952-p003-f01-s01,Exp. Pattern,COF-C2-80,experimental,5.743000,12.485200
10.1021_acs.chemmater.3c01952,10.1021_acs.chemmater.3c01952-p003-f01,10.1021_acs.chemmater.3c01952-p003-f01-s01,Exp. Pattern,COF-C2-80,experimental,5.763000,14.161700
10.1021_acs.chemmater.3c01952,10.1021_acs.chemmater.3c01952-p003-f01,10.1021_acs.chemmater.3c01952-p003-f01-s01,Exp. Pattern,COF-C2-80,experimental,5.783000,15.914900
10.1021_acs.chemmater.3c01952,10.1021_acs.chemmater.3c01952-p003-f01,10.1021_acs.chemmater.3c01952-p003-f01-s01,Exp. Pattern,COF-C2-80,experimental,5.803000,17.631400
10.1021_acs.chemmater.3c01952,10.1021_acs.chemmater.3c01952-p003-f01,10.1021_acs.chemmater.3c01952-p003-f01-s01,Exp. Pattern,COF-C2-80,experimental,5.823000,18.978500
10.1021_acs.chemmater.3c01952,10.1021_acs.chemmater.3c01952-p003-f01,10.1021_acs.chemmater.3c01952-p003-f01-s01,Exp. Pattern,COF-C2-80,experimental,5.843000,19.886200
10.1021_acs.chemmater.3c01952,10.1021_acs.chemmater.3c01952-p003-f01,10.1021_acs.chemmater.3c01952-p003-f01-s01,Exp. Pattern,COF-C2-80,experimental,5.863000,20.926000
10.1021_acs.chemmater.3c01952,10.1021_acs.chemmater.3c01952-p003-f01,10.1021_acs.chemmater.3c01952-p003-f01-s01,Exp. Pattern,COF-C2-80,experimental,5.883000,23.279100
10.1021_acs.chemmater.3c01952,10.1021_acs.chemmater.3c01952-p003-f01,10.1021_acs.chemmater.3c01952-p003-f01-s01,Exp. Pattern,COF-C2-80,experimental,5.903000,29.502000
10.1021_acs.chemmater.3c01952,10.1021_acs.chemmater.3c01952-p003-f01,10.1021_acs.chemmater.3c01952-p003-f01-s01,Exp. Pattern,COF-C2-80,experimental,5.923000,39.727900
10.1021_acs.chemmater.3c01952,10.1021_acs.chemmater.3c01952-p003-f01,10.1021_acs.chemmater.3c01952-p003-f01-s01,Exp. Pattern,COF-C2-80,experimental,5.943000,52.688900
10.1021_acs.chemmater.3c01952,10.1021_acs.chemmater.3c01952-p003-f01,10.1021_acs.chemmater.3c01952-p003-f01-s01,Exp. Pattern,COF-C2-80,experimental,5.963000,66.666200
10.1021_acs.chemmater.3c01952,10.1021_acs.chemmater.3c01952-p003-f01,10.1021_acs.chemmater.3c01952-p003-f01-s01,Exp. Pattern,COF-C2-80,experimental,5.983000,80.620100
10.1021_acs.chemmater.3c01952,10.1021_acs.chemmater.3c01952-p003-f01,10.1021_acs.chemmater.3c01952-p003-f01-s01,Exp. Pattern,COF-C2-80,experimental,6.003000,93.549200
10.1021_acs.chemmater.3c01952,10.1021_acs.chemmater.3c01952-p003-f01,10.1021_acs.chemmater.3c01952-p003-f01-s01,Exp. Pattern,COF-C2-80,experimental,6.023000,101.480400
10.1021_acs.chemmater.3c01952,10.1021_acs.chemmater.3c01952-p003-f01,10.1021_acs.chemmater.3c01952-p003-f01-s01,Exp. Pattern,COF-C2-80,experimental,6.043000,102.357900
10.1021_acs.chemmater.3c01952,10.1021_acs.chemmater.3c01952-p003-f01,10.1021_acs.chemmater.3c01952-p003-f01-s01,Exp. Pattern,COF-C2-80,experimental,6.063000,96.098600
10.1021_acs.chemmater.3c01952,10.1021_acs.chemmater.3c01952-p003-f01,10.1021_acs.chemmater.3c01952-p003-f01-s01,Exp. Pattern,COF-C2-80,experimental,6.083000,83.544700
10.1021_acs.chemmater.3c01952,10.1021_acs.chemmater.3c01952-p003-f01,10.1021_acs.chemmater.3c01952-p003-f01-s01,Exp. Pattern,COF-C2-80,experimental,6.103000,68.677600
10.1021_acs.chemmater.3c01952,10.1021_acs.chemmater.3c01952-p003-f01,10.1021_acs.chemmater.3c01952-p003-f01-s01,Exp. Pattern,COF-C2-80,experimental,6.123000,53.093100
10.1021_acs.chemmater.3c01952,10.1021_acs.chemmater.3c01952-p003-f01,10.1021_acs.chemmater.3c01952-p003-f01-s01,Exp. Pattern,COF-C2-80,experimental,6.143000,38.238400
10.1021_acs.chemmater.3c01952,10.1021_acs.chemmater.3c01952-p003-f01,10.1021_acs.chemmater.3c01952-p003-f01-s01,Exp. Pattern,COF-C2-80,experimental,6.163000,25.838300
10.1021_acs.chemmater.3c01952,10.1021_acs.chemmater.3c01952-p003-f01,10.1021_acs.chemmater.3c01952-p003-f01-s01,Exp. Pattern,COF-C2-80,experimental,6.183000,17.839600
10.1021_acs.chemmater.3c01952,10.1021_acs.chemmater.3c01952-p003-f01,10.1021_acs.chemmater.3c01952-p003-f01-s01,Exp. Pattern,COF-C2-80,experimental,6.203000,14.632900
10.1021_acs.chemmater.3c01952,10.1021_acs.chemmater.3c01952-p003-f01,10.1021_acs.chemmater.3c01952-p003-f01-s01,Exp. Pattern,COF-C2-80,experimental,6.223000,13.514800
10.1021_acs.chemmater.3c01952,10.1021_acs.chemmater.3c01952-p003-f01,10.1021_acs.chemmater.3c01952-p003-f01-s01,Exp. Pattern,COF-C2-80,experimental,6.243000,13.414800
10.1021_acs.chemmater.3c01952,10.1021_acs.chemmater.3c01952-p003-f01,10.1021_acs.chemmater.3c01952-p003-f01-s01,Exp. Pattern,COF-C2-80,experimental,6.263000,13.131900
10.1021_acs.chemmater.3c01952,10.1021_acs.chemmater.3c01952-p003-f01,10.1021_acs.chemmater.3c01952-p003-f01-s01,Exp. Pattern,COF-C2-80,experimental,6.283000,11.705200
10.1021_acs.chemmater.3c01952,10.1021_acs.chemmater.3c01952-p003-f01,10.1021_acs.chemmater.3c01952-p003-f01-s01,Exp. Pattern,COF-C2-80,experimental,6.303000,10.152400
10.1021_acs.chemmater.3c01952,10.1021_acs.chemmater.3c01952-p003-f01,10.1021_acs.chemmater.3c01952-p003-f01-s01,Exp. Pattern,COF-C2-80,experimental,6.323000,8.572000
10.1021_acs.chemmater.3c01952,10.1021_acs.chemmater.3c01952-p003-f01,10.1021_acs.chemmater.3c01952-p003-f01-s01,Exp. Pattern,COF-C2-80,experimental,6.343000,7.045000
10.1021_acs.chemmater.3c01952,10.1021_acs.chemmater.3c01952-p003-f01,10.1021_acs.chemmater.3c01952-p003-f01-s01,Exp. Pattern,COF-C2-80,experimental,6.363000,5.748300
10.1021_acs.chemmater.3c01952,10.1021_acs.chemmater.3c01952-p003-f01,10.1021_acs.chemmater.3c01952-p003-f01-s01,Exp. Pattern,COF-C2-80,experimental,6.383000,4.815900
10.1021_acs.chemmater.3c01952,10.1021_acs.chemmater.3c01952-p003-f01,10.1021_acs.chemmater.3c01952-p003-f01-s01,Exp. Pattern,COF-C2-80,experimental,6.403000,4.278500
10.1021_acs.chemmater.3c01952,10.1021_acs.chemmater.3c01952-p003-f01,10.1021_acs.chemmater.3c01952-p003-f01-s01,Exp. Pattern,COF-C2-80,experimental,6.423000,3.888100
10.1021_acs.chemmater.3c01952,10.1021_acs.chemmater.3c01952-p003-f01,10.1021_acs.chemmater.3c01952-p003-f01-s01,Exp. Pattern,COF-C2-80,experimental,6.443000,3.519600
10.1021_acs.chemmater.3c01952,10.1021_acs.chemmater.3c01952-p003-f01,10.1021_acs.chemmater.3c01952-p003-f01-s01,Exp. Pattern,COF-C2-80,experimental,6.463000,3.143700
10.1021_acs.chemmater.3c01952,10.1021_acs.chemmater.3c01952-p003-f01,10.1021_acs.chemmater.3c01952-p003-f01-s01,Exp. Pattern,COF-C2-80,experimental,6.483000,2.832400
10.1021_acs.chemmater.3c01952,10.1021_acs.chemmater.3c01952-p003-f01,10.1021_acs.chemmater.3c01952-p003-f01-s01,Exp. Pattern,COF-C2-80,experimental,6.503000,2.588100
10.1021_acs.chemmater.3c01952,10.1021_acs.chemmater.3c01952-p003-f01,10.1021_acs.chemmater.3c01952-p003-f01-s01,Exp. Pattern,COF-C2-80,experimental,6.523000,2.407000
10.1021_acs.chemmater.3c01952,10.1021_acs.chemmater.3c01952-p003-f01,10.1021_acs.chemmater.3c01952-p003-f01-s01,Exp. Pattern,COF-C2-80,experimental,6.543000,2.242500
10.1021_acs.chemmater.3c01952,10.1021_acs.chemmater.3c01952-p003-f01,10.1021_acs.chemmater.3c01952-p003-f01-s01,Exp. Pattern,COF-C2-80,experimental,6.563000,2.131200
10.1021_acs.chemmater.3c01952,10.1021_acs.chemmater.3c01952-p003-f01,10.1021_acs.chemmater.3c01952-p003-f01-s01,Exp. Pattern,COF-C2-80,experimental,6.583000,2.047100
10.1021_acs.chemmater.3c01952,10.1021_acs.chemmater.3c01952-p003-f01,10.1021_acs.chemmater.3c01952-p003-f01-s01,Exp. Pattern,COF-C2-80,experimental,6.603000,1.932600
10.1021_acs.chemmater.3c01952,10.1021_acs.chemmater.3c01952-p003-f01,10.1021_acs.chemmater.3c01952-p003-f01-s01,Exp. Pattern,COF-C2-80,experimental,6.623000,1.774100
10.1021_acs.chemmater.3c01952,10.1021_acs.chemmater.3c01952-p003-f01,10.1021_acs.chemmater.3c01952-p003-f01-s01,Exp. Pattern,COF-C2-80,experimental,6.643000,1.610200
10.1021_acs.chemmater.3c01952,10.1021_acs.chemmater.3c01952-p003-f01,10.1021_acs.chemmater.3c01952-p003-f01-s01,Exp. Pattern,COF-C2-80,experimental,6.663000,1.473900
10.1021_acs.chemmater.3c01952,10.1021_acs.chemmater.3c01952-p003-f01,10.1021_acs.chemmater.3c01952-p003-f01-s01,Exp. Pattern,COF-C2-80,experimental,6.683000,1.364000
10.1021_acs.chemmater.3c01952,10.1021_acs.chemmater.3c01952-p003-f01,10.1021_acs.chemmater.3c01952-p003-f01-s01,Exp. Pattern,COF-C2-80,experimental,6.703000,1.295700
10.1021_acs.chemmater.3c01952,10.1021_acs.chemmater.3c01952-p003-f01,10.1021_acs.chemmater.3c01952-p003-f01-s01,Exp. Pattern,COF-C2-80,experimental,6.723000,1.241400
10.1021_acs.chemmater.3c01952,10.1021_acs.chemmater.3c01952-p003-f01,10.1021_acs.chemmater.3c01952-p003-f01-s01,Exp. Pattern,COF-C2-80,experimental,6.743000,1.222900
10.1021_acs.chemmater.3c01952,10.1021_acs.chemmater.3c01952-p003-f01,10.1021_acs.chemmater.3c01952-p003-f01-s01,Exp. Pattern,COF-C2-80,experimental,6.763000,1.243000
10.1021_acs.chemmater.3c01952,10.1021_acs.chemmater.3c01952-p003-f01,10.1021_acs.chemmater.3c01952-p003-f01-s01,Exp. Pattern,COF-C2-80,experimental,6.783000,1.288700
10.1021_acs.chemmater.3c01952,10.1021_acs.chemmater.3c01952-p003-f01,10.1021_acs.chemmater.3c01952-p003-f01-s01,Exp. Pattern,COF-C2-80,experimental,6.803000,1.301000
10.1021_acs.chemmater.3c01952,10.1021_acs.chemmater.3c01952-p003-f01,10.1021_acs.chemmater.3c01952-p003-f01-s01,Exp. Pattern,COF-C2-80,experimental,6.823000,1.299400
10.1021_acs.chemmater.3c01952,10.1021_acs.chemmater.3c01952-p003-f01,10.1021_acs.chemmater.3c01952-p003-f01-s01,Exp. Pattern,COF-C2-80,experimental,6.843000,1.291500
10.1021_acs.chemmater.3c01952,10.1021_acs.chemmater.3c01952-p003-f01,10.1021_acs.chemmater.3c01952-p003-f01-s01,Exp. Pattern,COF-C2-80,experimental,6.863000,1.284500
10.1021_acs.chemmater.3c01952,10.1021_acs.chemmater.3c01952-p003-f01,10.1021_acs.chemmater.3c01952-p003-f01-s01,Exp. Pattern,COF-C2-80,experimental,6.883000,1.285700
10.1021_acs.chemmater.3c01952,10.1021_acs.chemmater.3c01952-p003-f01,10.1021_acs.chemmater.3c01952-p003-f01-s01,Exp. Pattern,COF-C2-80,experimental,6.903000,1.272100
10.1021_acs.chemmater.3c01952,10.1021_acs.chemmater.3c01952-p003-f01,10.1021_acs.chemmater.3c01952-p003-f01-s01,Exp. Pattern,COF-C2-80,experimental,6.923000,1.233200
10.1021_acs.chemmater.3c01952,10.1021_acs.chemmater.3c01952-p003-f01,10.1021_acs.chemmater.3c01952-p003-f01-s01,Exp. Pattern,COF-C2-80,experimental,6.943000,1.226600
10.1021_acs.chemmater.3c01952,10.1021_acs.chemmater.3c01952-p003-f01,10.1021_acs.chemmater.3c01952-p003-f01-s01,Exp. Pattern,COF-C2-80,experimental,6.963000,1.254600
10.1021_acs.chemmater.3c01952,10.1021_acs.chemmater.3c01952-p003-f01,10.1021_acs.chemmater.3c01952-p003-f01-s01,Exp. Pattern,COF-C2-80,experimental,6.983000,1.314800
10.1021_acs.chemmater.3c01952,10.1021_acs.chemmater.3c01952-p003-f01,10.1021_acs.chemmater.3c01952-p003-f01-s01,Exp. Pattern,COF-C2-80,experimental,7.003000,1.337200
10.1021_acs.chemmater.3c01952,10.1021_acs.chemmater.3c01952-p003-f01,10.1021_acs.chemmater.3c01952-p003-f01-s01,Exp. Pattern,COF-C2-80,experimental,7.023000,1.331900
10.1021_acs.chemmater.3c01952,10.1021_acs.chemmater.3c01952-p003-f01,10.1021_acs.chemmater.3c01952-p003-f01-s01,Exp. Pattern,COF-C2-80,experimental,7.043000,1.308300
10.1021_acs.chemmater.3c01952,10.1021_acs.chemmater.3c01952-p003-f01,10.1021_acs.chemmater.3c01952-p003-f01-s01,Exp. Pattern,COF-C2-80,experimental,7.063000,1.291100
10.1021_acs.chemmater.3c01952,10.1021_acs.chemmater.3c01952-p003-f01,10.1021_acs.chemmater.3c01952-p003-f01-s01,Exp. Pattern,COF-C2-80,experimental,7.083000,1.259900
10.1021_acs.chemmater.3c01952,10.1021_acs.chemmater.3c01952-p003-f01,10.1021_acs.chemmater.3c01952-p003-f01-s01,Exp. Pattern,COF-C2-80,experimental,7.103000,1.202100
10.1021_acs.chemmater.3c01952,10.1021_acs.chemmater.3c01952-p003-f01,10.1021_acs.chemmater.3c01952-p003-f01-s01,Exp. Pattern,COF-C2-80,experimental,7.123000,1.115000
10.1021_acs.chemmater.3c01952,10.1021_acs.chemmater.3c01952-p003-f01,10.1021_acs.chemmater.3c01952-p003-f01-s01,Exp. Pattern,COF-C2-80,experimental,7.143000,1.055500
10.1021_acs.chemmater.3c01952,10.1021_acs.chemmater.3c01952-p003-f01,10.1021_acs.chemmater.3c01952-p003-f01-s01,Exp. Pattern,COF-C2-80,experimental,7.163000,1.046000
10.1021_acs.chemmater.3c01952,10.1021_acs.chemmater.3c01952-p003-f01,10.1021_acs.chemmater.3c01952-p003-f01-s01,Exp. Pattern,COF-C2-80,experimental,7.183000,1.050900
10.1021_acs.chemmater.3c01952,10.1021_acs.chemmater.3c01952-p003-f01,10.1021_acs.chemmater.3c01952-p003-f01-s01,Exp. Pattern,COF-C2-80,experimental,7.203000,1.054500
10.1021_acs.chemmater.3c01952,10.1021_acs.chemmater.3c01952-p003-f01,10.1021_acs.chemmater.3c01952-p003-f01-s01,Exp. Pattern,COF-C2-80,experimental,7.223000,1.060300
10.1021_acs.chemmater.3c01952,10.1021_acs.chemmater.3c01952-p003-f01,10.1021_acs.chemmater.3c01952-p003-f01-s01,Exp. Pattern,COF-C2-80,experimental,7.243000,1.049400
10.1021_acs.chemmater.3c01952,10.1021_acs.chemmater.3c01952-p003-f01,10.1021_acs.chemmater.3c01952-p003-f01-s01,Exp. Pattern,COF-C2-80,experimental,7.263000,1.037400
10.1021_acs.chemmater.3c01952,10.1021_acs.chemmater.3c01952-p003-f01,10.1021_acs.chemmater.3c01952-p003-f01-s01,Exp. Pattern,COF-C2-80,experimental,7.283000,1.002500
10.1021_acs.chemmater.3c01952,10.1021_acs.chemmater.3c01952-p003-f01,10.1021_acs.chemmater.3c01952-p003-f01-s01,Exp. Pattern,COF-C2-80,experimental,7.303000,0.950000
10.1021_acs.chemmater.3c01952,10.1021_acs.chemmater.3c01952-p003-f01,10.1021_acs.chemmater.3c01952-p003-f01-s01,Exp. Pattern,COF-C2-80,experimental,7.323000,0.861200
10.1021_acs.chemmater.3c01952,10.1021_acs.chemmater.3c01952-p003-f01,10.1021_acs.chemmater.3c01952-p003-f01-s01,Exp. Pattern,COF-C2-80,experimental,7.343000,0.791000
10.1021_acs.chemmater.3c01952,10.1021_acs.chemmater.3c01952-p003-f01,10.1021_acs.chemmater.3c01952-p003-f01-s01,Exp. Pattern,COF-C2-80,experimental,7.363000,0.737200
10.1021_acs.chemmater.3c01952,10.1021_acs.chemmater.3c01952-p003-f01,10.1021_acs.chemmater.3c01952-p003-f01-s01,Exp. Pattern,COF-C2-80,experimental,7.383000,0.680200
10.1021_acs.chemmater.3c01952,10.1021_acs.chemmater.3c01952-p003-f01,10.1021_acs.chemmater.3c01952-p003-f01-s01,Exp. Pattern,COF-C2-80,experimental,7.403000,0.651100
10.1021_acs.chemmater.3c01952,10.1021_acs.chemmater.3c01952-p003-f01,10.1021_acs.chemmater.3c01952-p003-f01-s01,Exp. Pattern,COF-C2-80,experimental,7.423000,0.633100
10.1021_acs.chemmater.3c01952,10.1021_acs.chemmater.3c01952-p003-f01,10.1021_acs.chemmater.3c01952-p003-f01-s01,Exp. Pattern,COF-C2-80,experimental,7.443000,0.611900
10.1021_acs.chemmater.3c01952,10.1021_acs.chemmater.3c01952-p003-f01,10.1021_acs.chemmater.3c01952-p003-f01-s01,Exp. Pattern,COF-C2-80,experimental,7.463000,0.610000
10.1021_acs.chemmater.3c01952,10.1021_acs.chemmater.3c01952-p003-f01,10.1021_acs.chemmater.3c01952-p003-f01-s01,Exp. Pattern,COF-C2-80,experimental,7.483000,0.634700
10.1021_acs.chemmater.3c01952,10.1021_acs.chemmater.3c01952-p003-f01,10.1021_acs.chemmater.3c01952-p003-f01-s01,Exp. Pattern,COF-C2-80,experimental,7.503000,0.678400
10.1021_acs.chemmater.3c01952,10.1021_acs.chemmater.3c01952-p003-f01,10.1021_acs.chemmater.3c01952-p003-f01-s01,Exp. Pattern,COF-C2-80,experimental,7.523000,0.706600
10.1021_acs.chemmater.3c01952,10.1021_acs.chemmater.3c01952-p003-f01,10.1021_acs.chemmater.3c01952-p003-f01-s01,Exp. Pattern,COF-C2-80,experimental,7.543000,0.732600
10.1021_acs.chemmater.3c01952,10.1021_acs.chemmater.3c01952-p003-f01,10.1021_acs.chemmater.3c01952-p003-f01-s01,Exp. Pattern,COF-C2-80,experimental,7.563000,0.758500
10.1021_acs.chemmater.3c01952,10.1021_acs.chemmater.3c01952-p003-f01,10.1021_acs.chemmater.3c01952-p003-f01-s01,Exp. Pattern,COF-C2-80,experimental,7.583000,0.784400
10.1021_acs.chemmater.3c01952,10.1021_acs.chemmater.3c01952-p003-f01,10.1021_acs.chemmater.3c01952-p003-f01-s01,Exp. Pattern,COF-C2-80,experimental,7.603000,0.810300
10.1021_acs.chemmater.3c01952,10.1021_acs.chemmater.3c01952-p003-f01,10.1021_acs.chemmater.3c01952-p003-f01-s01,Exp. Pattern,COF-C2-80,experimental,7.623000,0.836100
10.1021_acs.chemmater.3c01952,10.1021_acs.chemmater.3c01952-p003-f01,10.1021_acs.chemmater.3c01952-p003-f01-s01,Exp. Pattern,COF-C2-80,experimental,7.643000,0.861900
10.1021_acs.chemmater.3c01952,10.1021_acs.chemmater.3c01952-p003-f01,10.1021_acs.chemmater.3c01952-p003-f01-s01,Exp. Pattern,COF-C2-80,experimental,7.663000,0.887700
10.1021_acs.chemmater.3c01952,10.1021_acs.chemmater.3c01952-p003-f01,10.1021_acs.chemmater.3c01952-p003-f01-s01,Exp. Pattern,COF-C2-80,experimental,7.683000,0.911600
10.1021_acs.chemmater.3c01952,10.1021_acs.chemmater.3c01952-p003-f01,10.1021_acs.chemmater.3c01952-p003-f01-s01,Exp. Pattern,COF-C2-80,experimental,7.703000,0.919700
10.1021_acs.chemmater.3c01952,10.1021_acs.chemmater.3c01952-p003-f01,10.1021_acs.chemmater.3c01952-p003-f01-s01,Exp. Pattern,COF-C2-80,experimental,7.723000,0.921200
10.1021_acs.chemmater.3c01952,10.1021_acs.chemmater.3c01952-p003-f01,10.1021_acs.chemmater.3c01952-p003-f01-s01,Exp. Pattern,COF-C2-80,experimental,7.743000,0.938500
10.1021_acs.chemmater.3c01952,10.1021_acs.chemmater.3c01952-p003-f01,10.1021_acs.chemmater.3c01952-p003-f01-s01,Exp. Pattern,COF-C2-80,experimental,7.763000,0.994400
10.1021_acs.chemmater.3c01952,10.1021_acs.chemmater.3c01952-p003-f01,10.1021_acs.chemmater.3c01952-p003-f01-s01,Exp. Pattern,COF-C2-80,experimental,7.783000,1.148700
10.1021_acs.chemmater.3c01952,10.1021_acs.chemmater.3c01952-p003-f01,10.1021_acs.chemmater.3c01952-p003-f01-s01,Exp. Pattern,COF-C2-80,experimental,7.803000,1.405300
10.1021_acs.chemmater.3c01952,10.1021_acs.chemmater.3c01952-p003-f01,10.1021_acs.chemmater.3c01952-p003-f01-s01,Exp. Pattern,COF-C2-80,experimental,7.823000,1.748000
10.1021_acs.chemmater.3c01952,10.1021_acs.chemmater.3c01952-p003-f01,10.1021_acs.chemmater.3c01952-p003-f01-s01,Exp. Pattern,COF-C2-80,experimental,7.843000,2.221500
10.1021_acs.chemmater.3c01952,10.1021_acs.chemmater.3c01952-p003-f01,10.1021_acs.chemmater.3c01952-p003-f01-s01,Exp. Pattern,COF-C2-80,experimental,7.863000,2.822000
10.1021_acs.chemmater.3c01952,10.1021_acs.chemmater.3c01952-p003-f01,10.1021_acs.chemmater.3c01952-p003-f01-s01,Exp. Pattern,COF-C2-80,experimental,7.883000,3.516900
10.1021_acs.chemmater.3c01952,10.1021_acs.chemmater.3c01952-p003-f01,10.1021_acs.chemmater.3c01952-p003-f01-s01,Exp. Pattern,COF-C2-80,experimental,7.903000,4.224300
10.1021_acs.chemmater.3c01952,10.1021_acs.chemmater.3c01952-p003-f01,10.1021_acs.chemmater.3c01952-p003-f01-s01,Exp. Pattern,COF-C2-80,experimental,7.923000,4.969900
10.1021_acs.chemmater.3c01952,10.1021_acs.chemmater.3c01952-p003-f01,10.1021_acs.chemmater.3c01952-p003-f01-s01,Exp. Pattern,COF-C2-80,experimental,7.943000,5.733400
10.1021_acs.chemmater.3c01952,10.1021_acs.chemmater.3c01952-p003-f01,10.1021_acs.chemmater.3c01952-p003-f01-s01,Exp. Pattern,COF-C2-80,experimental,7.963000,6.467800
10.1021_acs.chemmater.3c01952,10.1021_acs.chemmater.3c01952-p003-f01,10.1021_acs.chemmater.3c01952-p003-f01-s01,Exp. Pattern,COF-C2-80,experimental,7.983000,7.085300
10.1021_acs.chemmater.3c01952,10.1021_acs.chemmater.3c01952-p003-f01,10.1021_acs.chemmater.3c01952-p003-f01-s01,Exp. Pattern,COF-C2-80,experimental,8.003000,7.471000
10.1021_acs.chemmater.3c01952,10.1021_acs.chemmater.3c01952-p003-f01,10.1021_acs.chemmater.3c01952-p003-f01-s01,Exp. Pattern,COF-C2-80,experimental,8.023000,7.565100
10.1021_acs.chemmater.3c01952,10.1021_acs.chemmater.3c01952-p003-f01,10.1021_acs.chemmater.3c01952-p003-f01-s01,Exp. Pattern,COF-C2-80,experimental,8.043000,7.449900
10.1021_acs.chemmater.3c01952,10.1021_acs.chemmater.3c01952-p003-f01,10.1021_acs.chemmater.3c01952-p003-f01-s01,Exp. Pattern,COF-C2-80,experimental,8.063000,7.122700
10.1021_acs.chemmater.3c01952,10.1021_acs.chemmater.3c01952-p003-f01,10.1021_acs.chemmater.3c01952-p003-f01-s01,Exp. Pattern,COF-C2-80,experimental,8.083000,6.590700
10.1021_acs.chemmater.3c01952,10.1021_acs.chemmater.3c01952-p003-f01,10.1021_acs.chemmater.3c01952-p003-f01-s01,Exp. Pattern,COF-C2-80,experimental,8.103000,5.883600
10.1021_acs.chemmater.3c01952,10.1021_acs.chemmater.3c01952-p003-f01,10.1021_acs.chemmater.3c01952-p003-f01-s01,Exp. Pattern,COF-C2-80,experimental,8.123000,5.109500
10.1021_acs.chemmater.3c01952,10.1021_acs.chemmater.3c01952-p003-f01,10.1021_acs.chemmater.3c01952-p003-f01-s01,Exp. Pattern,COF-C2-80,experimental,8.143000,4.305100
10.1021_acs.chemmater.3c01952,10.1021_acs.chemmater.3c01952-p003-f01,10.1021_acs.chemmater.3c01952-p003-f01-s01,Exp. Pattern,COF-C2-80,experimental,8.163000,3.446800
10.1021_acs.chemmater.3c01952,10.1021_acs.chemmater.3c01952-p003-f01,10.1021_acs.chemmater.3c01952-p003-f01-s01,Exp. Pattern,COF-C2-80,experimental,8.183000,2.585400
10.1021_acs.chemmater.3c01952,10.1021_acs.chemmater.3c01952-p003-f01,10.1021_acs.chemmater.3c01952-p003-f01-s01,Exp. Pattern,COF-C2-80,experimental,8.203000,1.790500
10.1021_acs.chemmater.3c01952,10.1021_acs.chemmater.3c01952-p003-f01,10.1021_acs.chemmater.3c01952-p003-f01-s01,Exp. Pattern,COF-C2-80,experimental,8.223000,1.123800
10.1021_acs.chemmater.3c01952,10.1021_acs.chemmater.3c01952-p003-f01,10.1021_acs.chemmater.3c01952-p003-f01-s01,Exp. Pattern,COF-C2-80,experimental,8.243000,0.673400
10.1021_acs.chemmater.3c01952,10.1021_acs.chemmater.3c01952-p003-f01,10.1021_acs.chemmater.3c01952-p003-f01-s01,Exp. Pattern,COF-C2-80,experimental,8.263000,0.411800
10.1021_acs.chemmater.3c01952,10.1021_acs.chemmater.3c01952-p003-f01,10.1021_acs.chemmater.3c01952-p003-f01-s01,Exp. Pattern,COF-C2-80,experimental,8.283000,0.282400
10.1021_acs.chemmater.3c01952,10.1021_acs.chemmater.3c01952-p003-f01,10.1021_acs.chemmater.3c01952-p003-f01-s01,Exp. Pattern,COF-C2-80,experimental,8.303000,0.254000
10.1021_acs.chemmater.3c01952,10.1021_acs.chemmater.3c01952-p003-f01,10.1021_acs.chemmater.3c01952-p003-f01-s01,Exp. Pattern,COF-C2-80,experimental,8.323000,0.273300
10.1021_acs.chemmater.3c01952,10.1021_acs.chemmater.3c01952-p003-f01,10.1021_acs.chemmater.3c01952-p003-f01-s01,Exp. Pattern,COF-C2-80,experimental,8.343000,0.287900
10.1021_acs.chemmater.3c01952,10.1021_acs.chemmater.3c01952-p003-f01,10.1021_acs.chemmater.3c01952-p003-f01-s01,Exp. Pattern,COF-C2-80,experimental,8.363000,0.260500
10.1021_acs.chemmater.3c01952,10.1021_acs.chemmater.3c01952-p003-f01,10.1021_acs.chemmater.3c01952-p003-f01-s01,Exp. Pattern,COF-C2-80,experimental,8.383000,0.231900
10.1021_acs.chemmater.3c01952,10.1021_acs.chemmater.3c01952-p003-f01,10.1021_acs.chemmater.3c01952-p003-f01-s01,Exp. Pattern,COF-C2-80,experimental,8.403000,0.193800
10.1021_acs.chemmater.3c01952,10.1021_acs.chemmater.3c01952-p003-f01,10.1021_acs.chemmater.3c01952-p003-f01-s01,Exp. Pattern,COF-C2-80,experimental,8.423000,0.158000
10.1021_acs.chemmater.3c01952,10.1021_acs.chemmater.3c01952-p003-f01,10.1021_acs.chemmater.3c01952-p003-f01-s01,Exp. Pattern,COF-C2-80,experimental,8.443000,0.136900
10.1021_acs.chemmater.3c01952,10.1021_acs.chemmater.3c01952-p003-f01,10.1021_acs.chemmater.3c01952-p003-f01-s01,Exp. Pattern,COF-C2-80,experimental,8.463000,0.112200
10.1021_acs.chemmater.3c01952,10.1021_acs.chemmater.3c01952-p003-f01,10.1021_acs.chemmater.3c01952-p003-f01-s01,Exp. Pattern,COF-C2-80,experimental,8.483000,0.069000
10.1021_acs.chemmater.3c01952,10.1021_acs.chemmater.3c01952-p003-f01,10.1021_acs.chemmater.3c01952-p003-f01-s01,Exp. Pattern,COF-C2-80,experimental,8.503000,0.028200
10.1021_acs.chemmater.3c01952,10.1021_acs.chemmater.3c01952-p003-f01,10.1021_acs.chemmater.3c01952-p003-f01-s01,Exp. Pattern,COF-C2-80,experimental,8.523000,-0.003400
10.1021_acs.chemmater.3c01952,10.1021_acs.chemmater.3c01952-p003-f01,10.1021_acs.chemmater.3c01952-p003-f01-s01,Exp. Pattern,COF-C2-80,experimental,8.543000,-0.018100
10.1021_acs.chemmater.3c01952,10.1021_acs.chemmater.3c01952-p003-f01,10.1021_acs.chemmater.3c01952-p003-f01-s01,Exp. Pattern,COF-C2-80,experimental,8.563000,-0.008000
10.1021_acs.chemmater.3c01952,10.1021_acs.chemmater.3c01952-p003-f01,10.1021_acs.chemmater.3c01952-p003-f01-s01,Exp. Pattern,COF-C2-80,experimental,8.583000,0.000000
10.1021_acs.chemmater.3c01952,10.1021_acs.chemmater.3c01952-p003-f01,10.1021_acs.chemmater.3c01952-p003-f01-s01,Exp. Pattern,COF-C2-80,experimental,8.603000,0.000000
10.1021_acs.chemmater.3c01952,10.1021_acs.chemmater.3c01952-p003-f01,10.1021_acs.chemmater.3c01952-p003-f01-s01,Exp. Pattern,COF-C2-80,experimental,8.623000,0.000000
10.1021_acs.chemmater.3c01952,10.1021_acs.chemmater.3c01952-p003-f01,10.1021_acs.chemmater.3c01952-p003-f01-s01,Exp. Pattern,COF-C2-80,experimental,8.643000,0.000000
10.1021_acs.chemmater.3c01952,10.1021_acs.chemmater.3c01952-p003-f01,10.1021_acs.chemmater.3c01952-p003-f01-s01,Exp. Pattern,COF-C2-80,experimental,8.663000,0.000000
10.1021_acs.chemmater.3c01952,10.1021_acs.chemmater.3c01952-p003-f01,10.1021_acs.chemmater.3c01952-p003-f01-s01,Exp. Pattern,COF-C2-80,experimental,8.683000,0.000000
10.1021_acs.chemmater.3c01952,10.1021_acs.chemmater.3c01952-p003-f01,10.1021_acs.chemmater.3c01952-p003-f01-s01,Exp. Pattern,COF-C2-80,experimental,8.703000,0.000000
10.1021_acs.chemmater.3c01952,10.1021_acs.chemmater.3c01952-p003-f01,10.1021_acs.chemmater.3c01952-p003-f01-s01,Exp. Pattern,COF-C2-80,experimental,8.723000,0.000000
10.1021_acs.chemmater.3c01952,10.1021_acs.chemmater.3c01952-p003-f01,10.1021_acs.chemmater.3c01952-p003-f01-s01,Exp. Pattern,COF-C2-80,experimental,8.743000,0.000000
10.1021_acs.chemmater.3c01952,10.1021_acs.chemmater.3c01952-p003-f01,10.1021_acs.chemmater.3c01952-p003-f01-s01,Exp. Pattern,COF-C2-80,experimental,8.763000,0.000000
10.1021_acs.chemmater.3c01952,10.1021_acs.chemmater.3c01952-p003-f01,10.1021_acs.chemmater.3c01952-p003-f01-s01,Exp. Pattern,COF-C2-80,experimental,8.783000,0.000000
10.1021_acs.chemmater.3c01952,10.1021_acs.chemmater.3c01952-p003-f01,10.1021_acs.chemmater.3c01952-p003-f01-s01,Exp. Pattern,COF-C2-80,experimental,8.803000,0.000000
10.1021_acs.chemmater.3c01952,10.1021_acs.chemmater.3c01952-p003-f01,10.1021_acs.chemmater.3c01952-p003-f01-s01,Exp. Pattern,COF-C2-80,experimental,8.823000,0.000000
10.1021_acs.chemmater.3c01952,10.1021_acs.chemmater.3c01952-p003-f01,10.1021_acs.chemmater.3c01952-p003-f01-s01,Exp. Pattern,COF-C2-80,experimental,8.843000,0.000000
10.1021_acs.chemmater.3c01952,10.1021_acs.chemmater.3c01952-p003-f01,10.1021_acs.chemmater.3c01952-p003-f01-s01,Exp. Pattern,COF-C2-80,experimental,8.863000,0.000000
10.1021_acs.chemmater.3c01952,10.1021_acs.chemmater.3c01952-p003-f01,10.1021_acs.chemmater.3c01952-p003-f01-s01,Exp. Pattern,COF-C2-80,experimental,8.883000,0.000000
10.1021_acs.chemmater.3c01952,10.1021_acs.chemmater.3c01952-p003-f01,10.1021_acs.chemmater.3c01952-p003-f01-s01,Exp. Pattern,COF-C2-80,experimental,8.903000,0.000000
10.1021_acs.chemmater.3c01952,10.1021_acs.chemmater.3c01952-p003-f01,10.1021_acs.chemmater.3c01952-p003-f01-s01,Exp. Pattern,COF-C2-80,experimental,8.923000,0.000000
10.1021_acs.chemmater.3c01952,10.1021_acs.chemmater.3c01952-p003-f01,10.1021_acs.chemmater.3c01952-p003-f01-s01,Exp. Pattern,COF-C2-80,experimental,8.943000,0.000000
10.1021_acs.chemmater.3c01952,10.1021_acs.chemmater.3c01952-p003-f01,10.1021_acs.chemmater.3c01952-p003-f01-s01,Exp. Pattern,COF-C2-80,experimental,8.963000,0.000000
10.1021_acs.chemmater.3c01952,10.1021_acs.chemmater.3c01952-p003-f01,10.1021_acs.chemmater.3c01952-p003-f01-s01,Exp. Pattern,COF-C2-80,experimental,8.983000,-0.000100
10.1021_acs.chemmater.3c01952,10.1021_acs.chemmater.3c01952-p003-f01,10.1021_acs.chemmater.3c01952-p003-f01-s01,Exp. Pattern,COF-C2-80,experimental,9.003000,-0.001200
10.1021_acs.chemmater.3c01952,10.1021_acs.chemmater.3c01952-p003-f01,10.1021_acs.chemmater.3c01952-p003-f01-s01,Exp. Pattern,COF-C2-80,experimental,9.023000,-0.002300
10.1021_acs.chemmater.3c01952,10.1021_acs.chemmater.3c01952-p003-f01,10.1021_acs.chemmater.3c01952-p003-f01-s01,Exp. Pattern,COF-C2-80,experimental,9.043000,-0.002200
10.1021_acs.chemmater.3c01952,10.1021_acs.chemmater.3c01952-p003-f01,10.1021_acs.chemmater.3c01952-p003-f01-s01,Exp. Pattern,COF-C2-80,experimental,9.063000,0.000700
10.1021_acs.chemmater.3c01952,10.1021_acs.chemmater.3c01952-p003-f01,10.1021_acs.chemmater.3c01952-p003-f01-s01,Exp. Pattern,COF-C2-80,experimental,9.083000,0.007400
10.1021_acs.chemmater.3c01952,10.1021_acs.chemmater.3c01952-p003-f01,10.1021_acs.chemmater.3c01952-p003-f01-s01,Exp. Pattern,COF-C2-80,experimental,9.103000,0.021000
10.1021_acs.chemmater.3c01952,10.1021_acs.chemmater.3c01952-p003-f01,10.1021_acs.chemmater.3c01952-p003-f01-s01,Exp. Pattern,COF-C2-80,experimental,9.123000,0.044000
10.1021_acs.chemmater.3c01952,10.1021_acs.chemmater.3c01952-p003-f01,10.1021_acs.chemmater.3c01952-p003-f01-s01,Exp. Pattern,COF-C2-80,experimental,9.143000,0.060200
10.1021_acs.chemmater.3c01952,10.1021_acs.chemmater.3c01952-p003-f01,10.1021_acs.chemmater.3c01952-p003-f01-s01,Exp. Pattern,COF-C2-80,experimental,9.163000,0.067600
10.1021_acs.chemmater.3c01952,10.1021_acs.chemmater.3c01952-p003-f01,10.1021_acs.chemmater.3c01952-p003-f01-s01,Exp. Pattern,COF-C2-80,experimental,9.183000,0.066400
10.1021_acs.chemmater.3c01952,10.1021_acs.chemmater.3c01952-p003-f01,10.1021_acs.chemmater.3c01952-p003-f01-s01,Exp. Pattern,COF-C2-80,experimental,9.203000,0.056600
10.1021_acs.chemmater.3c01952,10.1021_acs.chemmater.3c01952-p003-f01,10.1021_acs.chemmater.3c01952-p003-f01-s01,Exp. Pattern,COF-C2-80,experimental,9.223000,0.041100
10.1021_acs.chemmater.3c01952,10.1021_acs.chemmater.3c01952-p003-f01,10.1021_acs.chemmater.3c01952-p003-f01-s01,Exp. Pattern,COF-C2-80,experimental,9.243000,0.023000
10.1021_acs.chemmater.3c01952,10.1021_acs.chemmater.3c01952-p003-f01,10.1021_acs.chemmater.3c01952-p003-f01-s01,Exp. Pattern,COF-C2-80,experimental,9.263000,0.006200
10.1021_acs.chemmater.3c01952,10.1021_acs.chemmater.3c01952-p003-f01,10.1021_acs.chemmater.3c01952-p003-f01-s01,Exp. Pattern,COF-C2-80,experimental,9.283000,-0.005500
10.1021_acs.chemmater.3c01952,10.1021_acs.chemmater.3c01952-p003-f01,10.1021_acs.chemmater.3c01952-p003-f01-s01,Exp. Pattern,COF-C2-80,experimental,9.303000,-0.007700
10.1021_acs.chemmater.3c01952,10.1021_acs.chemmater.3c01952-p003-f01,10.1021_acs.chemmater.3c01952-p003-f01-s01,Exp. Pattern,COF-C2-80,experimental,9.323000,-0.002900
10.1021_acs.chemmater.3c01952,10.1021_acs.chemmater.3c01952-p003-f01,10.1021_acs.chemmater.3c01952-p003-f01-s01,Exp. Pattern,COF-C2-80,experimental,9.343000,0.000300
10.1021_acs.chemmater.3c01952,10.1021_acs.chemmater.3c01952-p003-f01,10.1021_acs.chemmater.3c01952-p003-f01-s01,Exp. Pattern,COF-C2-80,experimental,9.363000,0.003000
10.1021_acs.chemmater.3c01952,10.1021_acs.chemmater.3c01952-p003-f01,10.1021_acs.chemmater.3c01952-p003-f01-s01,Exp. Pattern,COF-C2-80,experimental,9.383000,0.001400
10.1021_acs.chemmater.3c01952,10.1021_acs.chemmater.3c01952-p003-f01,10.1021_acs.chemmater.3c01952-p003-f01-s01,Exp. Pattern,COF-C2-80,experimental,9.403000,-0.011900
10.1021_acs.chemmater.3c01952,10.1021_acs.chemmater.3c01952-p003-f01,10.1021_acs.chemmater.3c01952-p003-f01-s01,Exp. Pattern,COF-C2-80,experimental,9.423000,-0.001200
10.1021_acs.chemmater.3c01952,10.1021_acs.chemmater.3c01952-p003-f01,10.1021_acs.chemmater.3c01952-p003-f01-s01,Exp. Pattern,COF-C2-80,experimental,9.443000,0.053200
10.1021_acs.chemmater.3c01952,10.1021_acs.chemmater.3c01952-p003-f01,10.1021_acs.chemmater.3c01952-p003-f01-s01,Exp. Pattern,COF-C2-80,experimental,9.463000,0.103200
10.1021_acs.chemmater.3c01952,10.1021_acs.chemmater.3c01952-p003-f01,10.1021_acs.chemmater.3c01952-p003-f01-s01,Exp. Pattern,COF-C2-80,experimental,9.483000,0.146800
10.1021_acs.chemmater.3c01952,10.1021_acs.chemmater.3c01952-p003-f01,10.1021_acs.chemmater.3c01952-p003-f01-s01,Exp. Pattern,COF-C2-80,experimental,9.503000,0.182500
10.1021_acs.chemmater.3c01952,10.1021_acs.chemmater.3c01952-p003-f01,10.1021_acs.chemmater.3c01952-p003-f01-s01,Exp. Pattern,COF-C2-80,experimental,9.523000,0.209000
10.1021_acs.chemmater.3c01952,10.1021_acs.chemmater.3c01952-p003-f01,10.1021_acs.chemmater.3c01952-p003-f01-s01,Exp. Pattern,COF-C2-80,experimental,9.543000,0.227700
10.1021_acs.chemmater.3c01952,10.1021_acs.chemmater.3c01952-p003-f01,10.1021_acs.chemmater.3c01952-p003-f01-s01,Exp. Pattern,COF-C2-80,experimental,9.563000,0.235000
10.1021_acs.chemmater.3c01952,10.1021_acs.chemmater.3c01952-p003-f01,10.1021_acs.chemmater.3c01952-p003-f01-s01,Exp. Pattern,COF-C2-80,experimental,9.583000,0.238600
10.1021_acs.chemmater.3c01952,10.1021_acs.chemmater.3c01952-p003-f01,10.1021_acs.chemmater.3c01952-p003-f01-s01,Exp. Pattern,COF-C2-80,experimental,9.603000,0.215500
10.1021_acs.chemmater.3c01952,10.1021_acs.chemmater.3c01952-p003-f01,10.1021_acs.chemmater.3c01952-p003-f01-s01,Exp. Pattern,COF-C2-80,experimental,9.623000,0.193900
10.1021_acs.chemmater.3c01952,10.1021_acs.chemmater.3c01952-p003-f01,10.1021_acs.chemmater.3c01952-p003-f01-s01,Exp. Pattern,COF-C2-80,experimental,9.643000,0.167300
10.1021_acs.chemmater.3c01952,10.1021_acs.chemmater.3c01952-p003-f01,10.1021_acs.chemmater.3c01952-p003-f01-s01,Exp. Pattern,COF-C2-80,experimental,9.663000,0.136800
10.1021_acs.chemmater.3c01952,10.1021_acs.chemmater.3c01952-p003-f01,10.1021_acs.chemmater.3c01952-p003-f01-s01,Exp. Pattern,COF-C2-80,experimental,9.683000,0.126400
10.1021_acs.chemmater.3c01952,10.1021_acs.chemmater.3c01952-p003-f01,10.1021_acs.chemmater.3c01952-p003-f01-s01,Exp. Pattern,COF-C2-80,experimental,9.703000,0.136300
10.1021_acs.chemmater.3c01952,10.1021_acs.chemmater.3c01952-p003-f01,10.1021_acs.chemmater.3c01952-p003-f01-s01,Exp. Pattern,COF-C2-80,experimental,9.723000,0.166600
10.1021_acs.chemmater.3c01952,10.1021_acs.chemmater.3c01952-p003-f01,10.1021_acs.chemmater.3c01952-p003-f01-s01,Exp. Pattern,COF-C2-80,experimental,9.743000,0.217200
10.1021_acs.chemmater.3c01952,10.1021_acs.chemmater.3c01952-p003-f01,10.1021_acs.chemmater.3c01952-p003-f01-s01,Exp. Pattern,COF-C2-80,experimental,9.763000,0.288200
10.1021_acs.chemmater.3c01952,10.1021_acs.chemmater.3c01952-p003-f01,10.1021_acs.chemmater.3c01952-p003-f01-s01,Exp. Pattern,COF-C2-80,experimental,9.783000,0.370600
10.1021_acs.chemmater.3c01952,10.1021_acs.chemmater.3c01952-p003-f01,10.1021_acs.chemmater.3c01952-p003-f01-s01,Exp. Pattern,COF-C2-80,experimental,9.803000,0.435900
10.1021_acs.chemmater.3c01952,10.1021_acs.chemmater.3c01952-p003-f01,10.1021_acs.chemmater.3c01952-p003-f01-s01,Exp. Pattern,COF-C2-80,experimental,9.823000,0.469400
10.1021_acs.chemmater.3c01952,10.1021_acs.chemmater.3c01952-p003-f01,10.1021_acs.chemmater.3c01952-p003-f01-s01,Exp. Pattern,COF-C2-80,experimental,9.843000,0.451600
10.1021_acs.chemmater.3c01952,10.1021_acs.chemmater.3c01952-p003-f01,10.1021_acs.chemmater.3c01952-p003-f01-s01,Exp. Pattern,COF-C2-80,experimental,9.863000,0.426400
10.1021_acs.chemmater.3c01952,10.1021_acs.chemmater.3c01952-p003-f01,10.1021_acs.chemmater.3c01952-p003-f01-s01,Exp. Pattern,COF-C2-80,experimental,9.883000,0.388100
10.1021_acs.chemmater.3c01952,10.1021_acs.chemmater.3c01952-p003-f01,10.1021_acs.chemmater.3c01952-p003-f01-s01,Exp. Pattern,COF-C2-80,experimental,9.903000,0.341700
10.1021_acs.chemmater.3c01952,10.1021_acs.chemmater.3c01952-p003-f01,10.1021_acs.chemmater.3c01952-p003-f01-s01,Exp. Pattern,COF-C2-80,experimental,9.923000,0.295000
10.1021_acs.chemmater.3c01952,10.1021_acs.chemmater.3c01952-p003-f01,10.1021_acs.chemmater.3c01952-p003-f01-s01,Exp. Pattern,COF-C2-80,experimental,9.943000,0.255300
10.1021_acs.chemmater.3c01952,10.1021_acs.chemmater.3c01952-p003-f01,10.1021_acs.chemmater.3c01952-p003-f01-s01,Exp. Pattern,COF-C2-80,experimental,9.963000,0.230300
10.1021_acs.chemmater.3c01952,10.1021_acs.chemmater.3c01952-p003-f01,10.1021_acs.chemmater.3c01952-p003-f01-s01,Exp. Pattern,COF-C2-80,experimental,9.983000,0.245800
10.1021_acs.chemmater.3c01952,10.1021_acs.chemmater.3c01952-p003-f01,10.1021_acs.chemmater.3c01952-p003-f01-s01,Exp. Pattern,COF-C2-80,experimental,10.003000,0.266500
10.1021_acs.chemmater.3c01952,10.1021_acs.chemmater.3c01952-p003-f01,10.1021_acs.chemmater.3c01952-p003-f01-s01,Exp. Pattern,COF-C2-80,experimental,10.023000,0.260800
10.1021_acs.chemmater.3c01952,10.1021_acs.chemmater.3c01952-p003-f01,10.1021_acs.chemmater.3c01952-p003-f01-s01,Exp. Pattern,COF-C2-80,experimental,10.043000,0.249800
10.1021_acs.chemmater.3c01952,10.1021_acs.chemmater.3c01952-p003-f01,10.1021_acs.chemmater.3c01952-p003-f01-s01,Exp. Pattern,COF-C2-80,experimental,10.063000,0.248400
10.1021_acs.chemmater.3c01952,10.1021_acs.chemmater.3c01952-p003-f01,10.1021_acs.chemmater.3c01952-p003-f01-s01,Exp. Pattern,COF-C2-80,experimental,10.083000,0.256800
10.1021_acs.chemmater.3c01952,10.1021_acs.chemmater.3c01952-p003-f01,10.1021_acs.chemmater.3c01952-p003-f01-s01,Exp. Pattern,COF-C2-80,experimental,10.103000,0.274900
10.1021_acs.chemmater.3c01952,10.1021_acs.chemmater.3c01952-p003-f01,10.1021_acs.chemmater.3c01952-p003-f01-s01,Exp. Pattern,COF-C2-80,experimental,10.123000,0.302600
10.1021_acs.chemmater.3c01952,10.1021_acs.chemmater.3c01952-p003-f01,10.1021_acs.chemmater.3c01952-p003-f01-s01,Exp. Pattern,COF-C2-80,experimental,10.143000,0.346000
10.1021_acs.chemmater.3c01952,10.1021_acs.chemmater.3c01952-p003-f01,10.1021_acs.chemmater.3c01952-p003-f01-s01,Exp. Pattern,COF-C2-80,experimental,10.163000,0.410300
10.1021_acs.chemmater.3c01952,10.1021_acs.chemmater.3c01952-p003-f01,10.1021_acs.chemmater.3c01952-p003-f01-s01,Exp. Pattern,COF-C2-80,experimental,10.183000,0.457600
10.1021_acs.chemmater.3c01952,10.1021_acs.chemmater.3c01952-p003-f01,10.1021_acs.chemmater.3c01952-p003-f01-s01,Exp. Pattern,COF-C2-80,experimental,10.203000,0.448600
10.1021_acs.chemmater.3c01952,10.1021_acs.chemmater.3c01952-p003-f01,10.1021_acs.chemmater.3c01952-p003-f01-s01,Exp. Pattern,COF-C2-80,experimental,10.223000,0.408600
10.1021_acs.chemmater.3c01952,10.1021_acs.chemmater.3c01952-p003-f01,10.1021_acs.chemmater.3c01952-p003-f01-s01,Exp. Pattern,COF-C2-80,experimental,10.243000,0.354400
10.1021_acs.chemmater.3c01952,10.1021_acs.chemmater.3c01952-p003-f01,10.1021_acs.chemmater.3c01952-p003-f01-s01,Exp. Pattern,COF-C2-80,experimental,10.263000,0.261000
10.1021_acs.chemmater.3c01952,10.1021_acs.chemmater.3c01952-p003-f01,10.1021_acs.chemmater.3c01952-p003-f01-s01,Exp. Pattern,COF-C2-80,experimental,10.283000,0.150700
10.1021_acs.chemmater.3c01952,10.1021_acs.chemmater.3c01952-p003-f01,10.1021_acs.chemmater.3c01952-p003-f01-s01,Exp. Pattern,COF-C2-80,experimental,10.303000,0.099800
10.1021_acs.chemmater.3c01952,10.1021_acs.chemmater.3c01952-p003-f01,10.1021_acs.chemmater.3c01952-p003-f01-s01,Exp. Pattern,COF-C2-80,experimental,10.323000,0.108300
10.1021_acs.chemmater.3c01952,10.1021_acs.chemmater.3c01952-p003-f01,10.1021_acs.chemmater.3c01952-p003-f01-s01,Exp. Pattern,COF-C2-80,experimental,10.343000,0.176200
10.1021_acs.chemmater.3c01952,10.1021_acs.chemmater.3c01952-p003-f01,10.1021_acs.chemmater.3c01952-p003-f01-s01,Exp. Pattern,COF-C2-80,experimental,10.363000,0.288500
10.1021_acs.chemmater.3c01952,10.1021_acs.chemmater.3c01952-p003-f01,10.1021_acs.chemmater.3c01952-p003-f01-s01,Exp. Pattern,COF-C2-80,experimental,10.383000,0.402200
10.1021_acs.chemmater.3c01952,10.1021_acs.chemmater.3c01952-p003-f01,10.1021_acs.chemmater.3c01952-p003-f01-s01,Exp. Pattern,COF-C2-80,experimental,10.403000,0.523300
10.1021_acs.chemmater.3c01952,10.1021_acs.chemmater.3c01952-p003-f01,10.1021_acs.chemmater.3c01952-p003-f01-s01,Exp. Pattern,COF-C2-80,experimental,10.423000,0.632100
10.1021_acs.chemmater.3c01952,10.1021_acs.chemmater.3c01952-p003-f01,10.1021_acs.chemmater.3c01952-p003-f01-s01,Exp. Pattern,COF-C2-80,experimental,10.443000,0.691500
10.1021_acs.chemmater.3c01952,10.1021_acs.chemmater.3c01952-p003-f01,10.1021_acs.chemmater.3c01952-p003-f01-s01,Exp. Pattern,COF-C2-80,experimental,10.463000,0.698200
10.1021_acs.chemmater.3c01952,10.1021_acs.chemmater.3c01952-p003-f01,10.1021_acs.chemmater.3c01952-p003-f01-s01,Exp. Pattern,COF-C2-80,experimental,10.483000,0.684500
10.1021_acs.chemmater.3c01952,10.1021_acs.chemmater.3c01952-p003-f01,10.1021_acs.chemmater.3c01952-p003-f01-s01,Exp. Pattern,COF-C2-80,experimental,10.503000,0.700900
10.1021_acs.chemmater.3c01952,10.1021_acs.chemmater.3c01952-p003-f01,10.1021_acs.chemmater.3c01952-p003-f01-s01,Exp. Pattern,COF-C2-80,experimental,10.523000,0.706900
10.1021_acs.chemmater.3c01952,10.1021_acs.chemmater.3c01952-p003-f01,10.1021_acs.chemmater.3c01952-p003-f01-s01,Exp. Pattern,COF-C2-80,experimental,10.543000,0.708600
10.1021_acs.chemmater.3c01952,10.1021_acs.chemmater.3c01952-p003-f01,10.1021_acs.chemmater.3c01952-p003-f01-s01,Exp. Pattern,COF-C2-80,experimental,10.563000,0.741600
10.1021_acs.chemmater.3c01952,10.1021_acs.chemmater.3c01952-p003-f01,10.1021_acs.chemmater.3c01952-p003-f01-s01,Exp. Pattern,COF-C2-80,experimental,10.583000,0.798300
10.1021_acs.chemmater.3c01952,10.1021_acs.chemmater.3c01952-p003-f01,10.1021_acs.chemmater.3c01952-p003-f01-s01,Exp. Pattern,COF-C2-80,experimental,10.603000,0.875100
10.1021_acs.chemmater.3c01952,10.1021_acs.chemmater.3c01952-p003-f01,10.1021_acs.chemmater.3c01952-p003-f01-s01,Exp. Pattern,COF-C2-80,experimental,10.623000,0.974300
10.1021_acs.chemmater.3c01952,10.1021_acs.chemmater.3c01952-p003-f01,10.1021_acs.chemmater.3c01952-p003-f01-s01,Exp. Pattern,COF-C2-80,experimental,10.643000,1.037300
10.1021_acs.chemmater.3c01952,10.1021_acs.chemmater.3c01952-p003-f01,10.1021_acs.chemmater.3c01952-p003-f01-s01,Exp. Pattern,COF-C2-80,experimental,10.663000,1.071800
10.1021_acs.chemmater.3c01952,10.1021_acs.chemmater.3c01952-p003-f01,10.1021_acs.chemmater.3c01952-p003-f01-s01,Exp. Pattern,COF-C2-80,experimental,10.683000,1.102500
10.1021_acs.chemmater.3c01952,10.1021_acs.chemmater.3c01952-p003-f01,10.1021_acs.chemmater.3c01952-p003-f01-s01,Exp. Pattern,COF-C2-80,experimental,10.703000,1.089100
10.1021_acs.chemmater.3c01952,10.1021_acs.chemmater.3c01952-p003-f01,10.1021_acs.chemmater.3c01952-p003-f01-s01,Exp. Pattern,COF-C2-80,experimental,10.723000,1.076300
10.1021_acs.chemmater.3c01952,10.1021_acs.chemmater.3c01952-p003-f01,10.1021_acs.chemmater.3c01952-p003-f01-s01,Exp. Pattern,COF-C2-80,experimental,10.743000,1.121600
10.1021_acs.chemmater.3c01952,10.1021_acs.chemmater.3c01952-p003-f01,10.1021_acs.chemmater.3c01952-p003-f01-s01,Exp. Pattern,COF-C2-80,experimental,10.763000,1.219300
10.1021_acs.chemmater.3c01952,10.1021_acs.chemmater.3c01952-p003-f01,10.1021_acs.chemmater.3c01952-p003-f01-s01,Exp. Pattern,COF-C2-80,experimental,10.783000,1.371200
10.1021_acs.chemmater.3c01952,10.1021_acs.chemmater.3c01952-p003-f01,10.1021_acs.chemmater.3c01952-p003-f01-s01,Exp. Pattern,COF-C2-80,experimental,10.803000,1.579000
10.1021_acs.chemmater.3c01952,10.1021_acs.chemmater.3c01952-p003-f01,10.1021_acs.chemmater.3c01952-p003-f01-s01,Exp. Pattern,COF-C2-80,experimental,10.823000,1.825600
10.1021_acs.chemmater.3c01952,10.1021_acs.chemmater.3c01952-p003-f01,10.1021_acs.chemmater.3c01952-p003-f01-s01,Exp. Pattern,COF-C2-80,experimental,10.843000,2.007900
10.1021_acs.chemmater.3c01952,10.1021_acs.chemmater.3c01952-p003-f01,10.1021_acs.chemmater.3c01952-p003-f01-s01,Exp. Pattern,COF-C2-80,experimental,10.863000,2.135700
10.1021_acs.chemmater.3c01952,10.1021_acs.chemmater.3c01952-p003-f01,10.1021_acs.chemmater.3c01952-p003-f01-s01,Exp. Pattern,COF-C2-80,experimental,10.883000,2.222900
10.1021_acs.chemmater.3c01952,10.1021_acs.chemmater.3c01952-p003-f01,10.1021_acs.chemmater.3c01952-p003-f01-s01,Exp. Pattern,COF-C2-80,experimental,10.903000,2.233900
10.1021_acs.chemmater.3c01952,10.1021_acs.chemmater.3c01952-p003-f01,10.1021_acs.chemmater.3c01952-p003-f01-s01,Exp. Pattern,COF-C2-80,experimental,10.923000,2.193500
10.1021_acs.chemmater.3c01952,10.1021_acs.chemmater.3c01952-p003-f01,10.1021_acs.chemmater.3c01952-p003-f01-s01,Exp. Pattern,COF-C2-80,experimental,10.943000,2.074400
10.1021_acs.chemmater.3c01952,10.1021_acs.chemmater.3c01952-p003-f01,10.1021_acs.chemmater.3c01952-p003-f01-s01,Exp. Pattern,COF-C2-80,experimental,10.963000,1.876800
10.1021_acs.chemmater.3c01952,10.1021_acs.chemmater.3c01952-p003-f01,10.1021_acs.chemmater.3c01952-p003-f01-s01,Exp. Pattern,COF-C2-80,experimental,10.983000,1.670000
10.1021_acs.chemmater.3c01952,10.1021_acs.chemmater.3c01952-p003-f01,10.1021_acs.chemmater.3c01952-p003-f01-s01,Exp. Pattern,COF-C2-80,experimental,11.003000,1.484500
10.1021_acs.chemmater.3c01952,10.1021_acs.chemmater.3c01952-p003-f01,10.1021_acs.chemmater.3c01952-p003-f01-s01,Exp. Pattern,COF-C2-80,experimental,11.023000,1.355800
10.1021_acs.chemmater.3c01952,10.1021_acs.chemmater.3c01952-p003-f01,10.1021_acs.chemmater.3c01952-p003-f01-s01,Exp. Pattern,COF-C2-80,experimental,11.043000,1.243800
10.1021_acs.chemmater.3c01952,10.1021_acs.chemmater.3c01952-p003-f01,10.1021_acs.chemmater.3c01952-p003-f01-s01,Exp. Pattern,COF-C2-80,experimental,11.063000,1.155100
10.1021_acs.chemmater.3c01952,10.1021_acs.chemmater.3c01952-p003-f01,10.1021_acs.chemmater.3c01952-p003-f01-s01,Exp. Pattern,COF-C2-80,experimental,11.083000,1.082500
10.1021_acs.chemmater.3c01952,10.1021_acs.chemmater.3c01952-p003-f01,10.1021_acs.chemmater.3c01952-p003-f01-s01,Exp. Pattern,COF-C2-80,experimental,11.103000,1.019500
10.1021_acs.chemmater.3c01952,10.1021_acs.chemmater.3c01952-p003-f01,10.1021_acs.chemmater.3c01952-p003-f01-s01,Exp. Pattern,COF-C2-80,experimental,11.123000,0.933300
10.1021_acs.chemmater.3c01952,10.1021_acs.chemmater.3c01952-p003-f01,10.1021_acs.chemmater.3c01952-p003-f01-s01,Exp. Pattern,COF-C2-80,experimental,11.143000,0.814600
10.1021_acs.chemmater.3c01952,10.1021_acs.chemmater.3c01952-p003-f01,10.1021_acs.chemmater.3c01952-p003-f01-s01,Exp. Pattern,COF-C2-80,experimental,11.163000,0.704100
10.1021_acs.chemmater.3c01952,10.1021_acs.chemmater.3c01952-p003-f01,10.1021_acs.chemmater.3c01952-p003-f01-s01,Exp. Pattern,COF-C2-80,experimental,11.183000,0.616900
10.1021_acs.chemmater.3c01952,10.1021_acs.chemmater.3c01952-p003-f01,10.1021_acs.chemmater.3c01952-p003-f01-s01,Exp. Pattern,COF-C2-80,experimental,11.203000,0.568500
10.1021_acs.chemmater.3c01952,10.1021_acs.chemmater.3c01952-p003-f01,10.1021_acs.chemmater.3c01952-p003-f01-s01,Exp. Pattern,COF-C2-80,experimental,11.223000,0.574100
10.1021_acs.chemmater.3c01952,10.1021_acs.chemmater.3c01952-p003-f01,10.1021_acs.chemmater.3c01952-p003-f01-s01,Exp. Pattern,COF-C2-80,experimental,11.243000,0.601200
10.1021_acs.chemmater.3c01952,10.1021_acs.chemmater.3c01952-p003-f01,10.1021_acs.chemmater.3c01952-p003-f01-s01,Exp. Pattern,COF-C2-80,experimental,11.263000,0.631100
10.1021_acs.chemmater.3c01952,10.1021_acs.chemmater.3c01952-p003-f01,10.1021_acs.chemmater.3c01952-p003-f01-s01,Exp. Pattern,COF-C2-80,experimental,11.283000,0.644800
10.1021_acs.chemmater.3c01952,10.1021_acs.chemmater.3c01952-p003-f01,10.1021_acs.chemmater.3c01952-p003-f01-s01,Exp. Pattern,COF-C2-80,experimental,11.303000,0.658800
10.1021_acs.chemmater.3c01952,10.1021_acs.chemmater.3c01952-p003-f01,10.1021_acs.chemmater.3c01952-p003-f01-s01,Exp. Pattern,COF-C2-80,experimental,11.323000,0.672900
10.1021_acs.chemmater.3c01952,10.1021_acs.chemmater.3c01952-p003-f01,10.1021_acs.chemmater.3c01952-p003-f01-s01,Exp. Pattern,COF-C2-80,experimental,11.343000,0.686800
10.1021_acs.chemmater.3c01952,10.1021_acs.chemmater.3c01952-p003-f01,10.1021_acs.chemmater.3c01952-p003-f01-s01,Exp. Pattern,COF-C2-80,experimental,11.363000,0.700600
10.1021_acs.chemmater.3c01952,10.1021_acs.chemmater.3c01952-p003-f01,10.1021_acs.chemmater.3c01952-p003-f01-s01,Exp. Pattern,COF-C2-80,experimental,11.383000,0.714300
10.1021_acs.chemmater.3c01952,10.1021_acs.chemmater.3c01952-p003-f01,10.1021_acs.chemmater.3c01952-p003-f01-s01,Exp. Pattern,COF-C2-80,experimental,11.403000,0.727900
10.1021_acs.chemmater.3c01952,10.1021_acs.chemmater.3c01952-p003-f01,10.1021_acs.chemmater.3c01952-p003-f01-s01,Exp. Pattern,COF-C2-80,experimental,11.423000,0.741500
10.1021_acs.chemmater.3c01952,10.1021_acs.chemmater.3c01952-p003-f01,10.1021_acs.chemmater.3c01952-p003-f01-s01,Exp. Pattern,COF-C2-80,experimental,11.443000,0.755000
10.1021_acs.chemmater.3c01952,10.1021_acs.chemmater.3c01952-p003-f01,10.1021_acs.chemmater.3c01952-p003-f01-s01,Exp. Pattern,COF-C2-80,experimental,11.463000,0.768400
10.1021_acs.chemmater.3c01952,10.1021_acs.chemmater.3c01952-p003-f01,10.1021_acs.chemmater.3c01952-p003-f01-s01,Exp. Pattern,COF-C2-80,experimental,11.483000,0.781800
10.1021_acs.chemmater.3c01952,10.1021_acs.chemmater.3c01952-p003-f01,10.1021_acs.chemmater.3c01952-p003-f01-s01,Exp. Pattern,COF-C2-80,experimental,11.503000,0.795200
10.1021_acs.chemmater.3c01952,10.1021_acs.chemmater.3c01952-p003-f01,10.1021_acs.chemmater.3c01952-p003-f01-s01,Exp. Pattern,COF-C2-80,experimental,11.523000,0.808400
10.1021_acs.chemmater.3c01952,10.1021_acs.chemmater.3c01952-p003-f01,10.1021_acs.chemmater.3c01952-p003-f01-s01,Exp. Pattern,COF-C2-80,experimental,11.543000,0.821600
10.1021_acs.chemmater.3c01952,10.1021_acs.chemmater.3c01952-p003-f01,10.1021_acs.chemmater.3c01952-p003-f01-s01,Exp. Pattern,COF-C2-80,experimental,11.563000,0.834800
10.1021_acs.chemmater.3c01952,10.1021_acs.chemmater.3c01952-p003-f01,10.1021_acs.chemmater.3c01952-p003-f01-s01,Exp. Pattern,COF-C2-80,experimental,11.583000,0.847900
10.1021_acs.chemmater.3c01952,10.1021_acs.chemmater.3c01952-p003-f01,10.1021_acs.chemmater.3c01952-p003-f01-s01,Exp. Pattern,COF-C2-80,experimental,11.603000,0.860900
10.1021_acs.chemmater.3c01952,10.1021_acs.chemmater.3c01952-p003-f01,10.1021_acs.chemmater.3c01952-p003-f01-s01,Exp. Pattern,COF-C2-80,experimental,11.623000,0.873800
10.1021_acs.chemmater.3c01952,10.1021_acs.chemmater.3c01952-p003-f01,10.1021_acs.chemmater.3c01952-p003-f01-s01,Exp. Pattern,COF-C2-80,experimental,11.643000,0.886700
10.1021_acs.chemmater.3c01952,10.1021_acs.chemmater.3c01952-p003-f01,10.1021_acs.chemmater.3c01952-p003-f01-s01,Exp. Pattern,COF-C2-80,experimental,11.663000,0.899600
10.1021_acs.chemmater.3c01952,10.1021_acs.chemmater.3c01952-p003-f01,10.1021_acs.chemmater.3c01952-p003-f01-s01,Exp. Pattern,COF-C2-80,experimental,11.683000,0.912400
10.1021_acs.chemmater.3c01952,10.1021_acs.chemmater.3c01952-p003-f01,10.1021_acs.chemmater.3c01952-p003-f01-s01,Exp. Pattern,COF-C2-80,experimental,11.703000,0.925100
10.1021_acs.chemmater.3c01952,10.1021_acs.chemmater.3c01952-p003-f01,10.1021_acs.chemmater.3c01952-p003-f01-s01,Exp. Pattern,COF-C2-80,experimental,11.723000,0.937700
10.1021_acs.chemmater.3c01952,10.1021_acs.chemmater.3c01952-p003-f01,10.1021_acs.chemmater.3c01952-p003-f01-s01,Exp. Pattern,COF-C2-80,experimental,11.743000,0.950400
10.1021_acs.chemmater.3c01952,10.1021_acs.chemmater.3c01952-p003-f01,10.1021_acs.chemmater.3c01952-p003-f01-s01,Exp. Pattern,COF-C2-80,experimental,11.763000,0.954900
10.1021_acs.chemmater.3c01952,10.1021_acs.chemmater.3c01952-p003-f01,10.1021_acs.chemmater.3c01952-p003-f01-s01,Exp. Pattern,COF-C2-80,experimental,11.783000,0.950600
10.1021_acs.chemmater.3c01952,10.1021_acs.chemmater.3c01952-p003-f01,10.1021_acs.chemmater.3c01952-p003-f01-s01,Exp. Pattern,COF-C2-80,experimental,11.803000,0.958800
10.1021_acs.chemmater.3c01952,10.1021_acs.chemmater.3c01952-p003-f01,10.1021_acs.chemmater.3c01952-p003-f01-s01,Exp. Pattern,COF-C2-80,experimental,11.823000,1.005500
10.1021_acs.chemmater.3c01952,10.1021_acs.chemmater.3c01952-p003-f01,10.1021_acs.chemmater.3c01952-p003-f01-s01,Exp. Pattern,COF-C2-80,experimental,11.843000,1.097700
10.1021_acs.chemmater.3c01952,10.1021_acs.chemmater.3c01952-p003-f01,10.1021_acs.chemmater.3c01952-p003-f01-s01,Exp. Pattern,COF-C2-80,experimental,11.863000,1.220200
10.1021_acs.chemmater.3c01952,10.1021_acs.chemmater.3c01952-p003-f01,10.1021_acs.chemmater.3c01952-p003-f01-s01,Exp. Pattern,COF-C2-80,experimental,11.883000,1.358000
10.1021_acs.chemmater.3c01952,10.1021_acs.chemmater.3c01952-p003-f01,10.1021_acs.chemmater.3c01952-p003-f01-s01,Exp. Pattern,COF-C2-80,experimental,11.903000,1.496000
10.1021_acs.chemmater.3c01952,10.1021_acs.chemmater.3c01952-p003-f01,10.1021_acs.chemmater.3c01952-p003-f01-s01,Exp. Pattern,COF-C2-80,experimental,11.923000,1.619100
10.1021_acs.chemmater.3c01952,10.1021_acs.chemmater.3c01952-p003-f01,10.1021_acs.chemmater.3c01952-p003-f01-s01,Exp. Pattern,COF-C2-80,experimental,11.943000,1.712300
10.1021_acs.chemmater.3c01952,10.1021_acs.chemmater.3c01952-p003-f01,10.1021_acs.chemmater.3c01952-p003-f01-s01,Exp. Pattern,COF-C2-80,experimental,11.963000,1.754600
10.1021_acs.chemmater.3c01952,10.1021_acs.chemmater.3c01952-p003-f01,10.1021_acs.chemmater.3c01952-p003-f01-s01,Exp. Pattern,COF-C2-80,experimental,11.983000,1.746000
10.1021_acs.chemmater.3c01952,10.1021_acs.chemmater.3c01952-p003-f01,10.1021_acs.chemmater.3c01952-p003-f01-s01,Exp. Pattern,COF-C2-80,experimental,12.003000,1.734100
10.1021_acs.chemmater.3c01952,10.1021_acs.chemmater.3c01952-p003-f01,10.1021_acs.chemmater.3c01952-p003-f01-s01,Exp. Pattern,COF-C2-80,experimental,12.023000,1.765000
10.1021_acs.chemmater.3c01952,10.1021_acs.chemmater.3c01952-p003-f01,10.1021_acs.chemmater.3c01952-p003-f01-s01,Exp. Pattern,COF-C2-80,experimental,12.043000,1.851800
10.1021_acs.chemmater.3c01952,10.1021_acs.chemmater.3c01952-p003-f01,10.1021_acs.chemmater.3c01952-p003-f01-s01,Exp. Pattern,COF-C2-80,experimental,12.063000,1.970900
10.1021_acs.chemmater.3c01952,10.1021_acs.chemmater.3c01952-p003-f01,10.1021_acs.chemmater.3c01952-p003-f01-s01,Exp. Pattern,COF-C2-80,experimental,12.083000,2.096900
10.1021_acs.chemmater.3c01952,10.1021_acs.chemmater.3c01952-p003-f01,10.1021_acs.chemmater.3c01952-p003-f01-s01,Exp. Pattern,COF-C2-80,experimental,12.103000,2.222300
10.1021_acs.chemmater.3c01952,10.1021_acs.chemmater.3c01952-p003-f01,10.1021_acs.chemmater.3c01952-p003-f01-s01,Exp. Pattern,COF-C2-80,experimental,12.123000,2.383400
10.1021_acs.chemmater.3c01952,10.1021_acs.chemmater.3c01952-p003-f01,10.1021_acs.chemmater.3c01952-p003-f01-s01,Exp. Pattern,COF-C2-80,experimental,12.143000,2.521600
10.1021_acs.chemmater.3c01952,10.1021_acs.chemmater.3c01952-p003-f01,10.1021_acs.chemmater.3c01952-p003-f01-s01,Exp. Pattern,COF-C2-80,experimental,12.163000,2.608600
10.1021_acs.chemmater.3c01952,10.1021_acs.chemmater.3c01952-p003-f01,10.1021_acs.chemmater.3c01952-p003-f01-s01,Exp. Pattern,COF-C2-80,experimental,12.183000,2.654500
10.1021_acs.chemmater.3c01952,10.1021_acs.chemmater.3c01952-p003-f01,10.1021_acs.chemmater.3c01952-p003-f01-s01,Exp. Pattern,COF-C2-80,experimental,12.203000,2.677900
10.1021_acs.chemmater.3c01952,10.1021_acs.chemmater.3c01952-p003-f01,10.1021_acs.chemmater.3c01952-p003-f01-s01,Exp. Pattern,COF-C2-80,experimental,12.223000,2.663800
10.1021_acs.chemmater.3c01952,10.1021_acs.chemmater.3c01952-p003-f01,10.1021_acs.chemmater.3c01952-p003-f01-s01,Exp. Pattern,COF-C2-80,experimental,12.243000,2.581100
10.1021_acs.chemmater.3c01952,10.1021_acs.chemmater.3c01952-p003-f01,10.1021_acs.chemmater.3c01952-p003-f01-s01,Exp. Pattern,COF-C2-80,experimental,12.263000,2.419900
10.1021_acs.chemmater.3c01952,10.1021_acs.chemmater.3c01952-p003-f01,10.1021_acs.chemmater.3c01952-p003-f01-s01,Exp. Pattern,COF-C2-80,experimental,12.283000,2.169900
10.1021_acs.chemmater.3c01952,10.1021_acs.chemmater.3c01952-p003-f01,10.1021_acs.chemmater.3c01952-p003-f01-s01,Exp. Pattern,COF-C2-80,experimental,12.303000,1.866800
10.1021_acs.chemmater.3c01952,10.1021_acs.chemmater.3c01952-p003-f01,10.1021_acs.chemmater.3c01952-p003-f01-s01,Exp. Pattern,COF-C2-80,experimental,12.323000,1.620300
10.1021_acs.chemmater.3c01952,10.1021_acs.chemmater.3c01952-p003-f01,10.1021_acs.chemmater.3c01952-p003-f01-s01,Exp. Pattern,COF-C2-80,experimental,12.343000,1.404600
10.1021_acs.chemmater.3c01952,10.1021_acs.chemmater.3c01952-p003-f01,10.1021_acs.chemmater.3c01952-p003-f01-s01,Exp. Pattern,COF-C2-80,experimental,12.363000,1.253700
10.1021_acs.chemmater.3c01952,10.1021_acs.chemmater.3c01952-p003-f01,10.1021_acs.chemmater.3c01952-p003-f01-s01,Exp. Pattern,COF-C2-80,experimental,12.383000,1.194800
10.1021_acs.chemmater.3c01952,10.1021_acs.chemmater.3c01952-p003-f01,10.1021_acs.chemmater.3c01952-p003-f01-s01,Exp. Pattern,COF-C2-80,experimental,12.403000,1.212600
10.1021_acs.chemmater.3c01952,10.1021_acs.chemmater.3c01952-p003-f01,10.1021_acs.chemmater.3c01952-p003-f01-s01,Exp. Pattern,COF-C2-80,experimental,12.423000,1.266700
10.1021_acs.chemmater.3c01952,10.1021_acs.chemmater.3c01952-p003-f01,10.1021_acs.chemmater.3c01952-p003-f01-s01,Exp. Pattern,COF-C2-80,experimental,12.443000,1.325200
10.1021_acs.chemmater.3c01952,10.1021_acs.chemmater.3c01952-p003-f01,10.1021_acs.chemmater.3c01952-p003-f01-s01,Exp. Pattern,COF-C2-80,experimental,12.463000,1.377900
10.1021_acs.chemmater.3c01952,10.1021_acs.chemmater.3c01952-p003-f01,10.1021_acs.chemmater.3c01952-p003-f01-s01,Exp. Pattern,COF-C2-80,experimental,12.483000,1.396300
10.1021_acs.chemmater.3c01952,10.1021_acs.chemmater.3c01952-p003-f01,10.1021_acs.chemmater.3c01952-p003-f01-s01,Exp. Pattern,COF-C2-80,experimental,12.503000,1.387900
10.1021_acs.chemmater.3c01952,10.1021_acs.chemmater.3c01952-p003-f01,10.1021_acs.chemmater.3c01952-p003-f01-s01,Exp. Pattern,COF-C2-80,experimental,12.523000,1.398100
10.1021_acs.chemmater.3c01952,10.1021_acs.chemmater.3c01952-p003-f01,10.1021_acs.chemmater.3c01952-p003-f01-s01,Exp. Pattern,COF-C2-80,experimental,12.543000,1.408500
10.1021_acs.chemmater.3c01952,10.1021_acs.chemmater.3c01952-p003-f01,10.1021_acs.chemmater.3c01952-p003-f01-s01,Exp. Pattern,COF-C2-80,experimental,12.563000,1.418800
10.1021_acs.chemmater.3c01952,10.1021_acs.chemmater.3c01952-p003-f01,10.1021_acs.chemmater.3c01952-p003-f01-s01,Exp. Pattern,COF-C2-80,experimental,12.583000,1.429100
10.1021_acs.chemmater.3c01952,10.1021_acs.chemmater.3c01952-p003-f01,10.1021_acs.chemmater.3c01952-p003-f01-s01,Exp. Pattern,COF-C2-80,experimental,12.603000,1.439400
10.1021_acs.chemmater.3c01952,10.1021_acs.chemmater.3c01952-p003-f01,10.1021_acs.chemmater.3c01952-p003-f01-s01,Exp. Pattern,COF-C2-80,experimental,12.623000,1.451400
10.1021_acs.chemmater.3c01952,10.1021_acs.chemmater.3c01952-p003-f01,10.1021_acs.chemmater.3c01952-p003-f01-s01,Exp. Pattern,COF-C2-80,experimental,12.643000,1.480000
10.1021_acs.chemmater.3c01952,10.1021_acs.chemmater.3c01952-p003-f01,10.1021_acs.chemmater.3c01952-p003-f01-s01,Exp. Pattern,COF-C2-80,experimental,12.663000,1.489900
10.1021_acs.chemmater.3c01952,10.1021_acs.chemmater.3c01952-p003-f01,10.1021_acs.chemmater.3c01952-p003-f01-s01,Exp. Pattern,COF-C2-80,experimental,12.683000,1.471700
10.1021_acs.chemmater.3c01952,10.1021_acs.chemmater.3c01952-p003-f01,10.1021_acs.chemmater.3c01952-p003-f01-s01,Exp. Pattern,COF-C2-80,experimental,12.703000,1.433000
10.1021_acs.chemmater.3c01952,10.1021_acs.chemmater.3c01952-p003-f01,10.1021_acs.chemmater.3c01952-p003-f01-s01,Exp. Pattern,COF-C2-80,experimental,12.723000,1.381500
10.1021_acs.chemmater.3c01952,10.1021_acs.chemmater.3c01952-p003-f01,10.1021_acs.chemmater.3c01952-p003-f01-s01,Exp. Pattern,COF-C2-80,experimental,12.743000,1.324800
10.1021_acs.chemmater.3c01952,10.1021_acs.chemmater.3c01952-p003-f01,10.1021_acs.chemmater.3c01952-p003-f01-s01,Exp. Pattern,COF-C2-80,experimental,12.763000,1.270500
10.1021_acs.chemmater.3c01952,10.1021_acs.chemmater.3c01952-p003-f01,10.1021_acs.chemmater.3c01952-p003-f01-s01,Exp. Pattern,COF-C2-80,experimental,12.783000,1.226200
10.1021_acs.chemmater.3c01952,10.1021_acs.chemmater.3c01952-p003-f01,10.1021_acs.chemmater.3c01952-p003-f01-s01,Exp. Pattern,COF-C2-80,experimental,12.803000,1.199500
10.1021_acs.chemmater.3c01952,10.1021_acs.chemmater.3c01952-p003-f01,10.1021_acs.chemmater.3c01952-p003-f01-s01,Exp. Pattern,COF-C2-80,experimental,12.823000,1.198100
10.1021_acs.chemmater.3c01952,10.1021_acs.chemmater.3c01952-p003-f01,10.1021_acs.chemmater.3c01952-p003-f01-s01,Exp. Pattern,COF-C2-80,experimental,12.843000,1.206400
10.1021_acs.chemmater.3c01952,10.1021_acs.chemmater.3c01952-p003-f01,10.1021_acs.chemmater.3c01952-p003-f01-s01,Exp. Pattern,COF-C2-80,experimental,12.863000,1.218600
10.1021_acs.chemmater.3c01952,10.1021_acs.chemmater.3c01952-p003-f01,10.1021_acs.chemmater.3c01952-p003-f01-s01,Exp. Pattern,COF-C2-80,experimental,12.883000,1.251400
10.1021_acs.chemmater.3c01952,10.1021_acs.chemmater.3c01952-p003-f01,10.1021_acs.chemmater.3c01952-p003-f01-s01,Exp. Pattern,COF-C2-80,experimental,12.903000,1.289000
10.1021_acs.chemmater.3c01952,10.1021_acs.chemmater.3c01952-p003-f01,10.1021_acs.chemmater.3c01952-p003-f01-s01,Exp. Pattern,COF-C2-80,experimental,12.923000,1.334800
10.1021_acs.chemmater.3c01952,10.1021_acs.chemmater.3c01952-p003-f01,10.1021_acs.chemmater.3c01952-p003-f01-s01,Exp. Pattern,COF-C2-80,experimental,12.943000,1.403800
10.1021_acs.chemmater.3c01952,10.1021_acs.chemmater.3c01952-p003-f01,10.1021_acs.chemmater.3c01952-p003-f01-s01,Exp. Pattern,COF-C2-80,experimental,12.963000,1.510900
10.1021_acs.chemmater.3c01952,10.1021_acs.chemmater.3c01952-p003-f01,10.1021_acs.chemmater.3c01952-p003-f01-s01,Exp. Pattern,COF-C2-80,experimental,12.983000,1.719800
10.1021_acs.chemmater.3c01952,10.1021_acs.chemmater.3c01952-p003-f01,10.1021_acs.chemmater.3c01952-p003-f01-s01,Exp. Pattern,COF-C2-80,experimental,13.003000,1.996500
10.1021_acs.chemmater.3c01952,10.1021_acs.chemmater.3c01952-p003-f01,10.1021_acs.chemmater.3c01952-p003-f01-s01,Exp. Pattern,COF-C2-80,experimental,13.023000,2.282000
10.1021_acs.chemmater.3c01952,10.1021_acs.chemmater.3c01952-p003-f01,10.1021_acs.chemmater.3c01952-p003-f01-s01,Exp. Pattern,COF-C2-80,experimental,13.043000,2.660000
10.1021_acs.chemmater.3c01952,10.1021_acs.chemmater.3c01952-p003-f01,10.1021_acs.chemmater.3c01952-p003-f01-s01,Exp. Pattern,COF-C2-80,experimental,13.063000,3.196400
10.1021_acs.chemmater.3c01952,10.1021_acs.chemmater.3c01952-p003-f01,10.1021_acs.chemmater.3c01952-p003-f01-s01,Exp. Pattern,COF-C2-80,experimental,13.083000,3.888300
10.1021_acs.chemmater.3c01952,10.1021_acs.chemmater.3c01952-p003-f01,10.1021_acs.chemmater.3c01952-p003-f01-s01,Exp. Pattern,COF-C2-80,experimental,13.103000,4.735100
10.1021_acs.chemmater.3c01952,10.1021_acs.chemmater.3c01952-p003-f01,10.1021_acs.chemmater.3c01952-p003-f01-s01,Exp. Pattern,COF-C2-80,experimental,13.123000,5.682800
10.1021_acs.chemmater.3c01952,10.1021_acs.chemmater.3c01952-p003-f01,10.1021_acs.chemmater.3c01952-p003-f01-s01,Exp. Pattern,COF-C2-80,experimental,13.143000,6.691600
10.1021_acs.chemmater.3c01952,10.1021_acs.chemmater.3c01952-p003-f01,10.1021_acs.chemmater.3c01952-p003-f01-s01,Exp. Pattern,COF-C2-80,experimental,13.163000,7.755300
10.1021_acs.chemmater.3c01952,10.1021_acs.chemmater.3c01952-p003-f01,10.1021_acs.chemmater.3c01952-p003-f01-s01,Exp. Pattern,COF-C2-80,experimental,13.183000,8.900900
10.1021_acs.chemmater.3c01952,10.1021_acs.chemmater.3c01952-p003-f01,10.1021_acs.chemmater.3c01952-p003-f01-s01,Exp. Pattern,COF-C2-80,experimental,13.203000,9.981100
10.1021_acs.chemmater.3c01952,10.1021_acs.chemmater.3c01952-p003-f01,10.1021_acs.chemmater.3c01952-p003-f01-s01,Exp. Pattern,COF-C2-80,experimental,13.223000,10.875800
10.1021_acs.chemmater.3c01952,10.1021_acs.chemmater.3c01952-p003-f01,10.1021_acs.chemmater.3c01952-p003-f01-s01,Exp. Pattern,COF-C2-80,experimental,13.243000,11.573700
10.1021_acs.chemmater.3c01952,10.1021_acs.chemmater.3c01952-p003-f01,10.1021_acs.chemmater.3c01952-p003-f01-s01,Exp. Pattern,COF-C2-80,experimental,13.263000,11.990800
10.1021_acs.chemmater.3c01952,10.1021_acs.chemmater.3c01952-p003-f01,10.1021_acs.chemmater.3c01952-p003-f01-s01,Exp. Pattern,COF-C2-80,experimental,13.283000,12.093300
10.1021_acs.chemmater.3c01952,10.1021_acs.chemmater.3c01952-p003-f01,10.1021_acs.chemmater.3c01952-p003-f01-s01,Exp. Pattern,COF-C2-80,experimental,13.303000,11.945300
10.1021_acs.chemmater.3c01952,10.1021_acs.chemmater.3c01952-p003-f01,10.1021_acs.chemmater.3c01952-p003-f01-s01,Exp. Pattern,COF-C2-80,experimental,13.323000,11.431300
10.1021_acs.chemmater.3c01952,10.1021_acs.chemmater.3c01952-p003-f01,10.1021_acs.chemmater.3c01952-p003-f01-s01,Exp. Pattern,COF-C2-80,experimental,13.343000,10.553900
10.1021_acs.chemmater.3c01952,10.1021_acs.chemmater.3c01952-p003-f01,10.1021_acs.chemmater.3c01952-p003-f01-s01,Exp. Pattern,COF-C2-80,experimental,13.363000,9.508100
10.1021_acs.chemmater.3c01952,10.1021_acs.chemmater.3c01952-p003-f01,10.1021_acs.chemmater.3c01952-p003-f01-s01,Exp. Pattern,COF-C2-80,experimental,13.383000,8.364600
10.1021_acs.chemmater.3c01952,10.1021_acs.chemmater.3c01952-p003-f01,10.1021_acs.chemmater.3c01952-p003-f01-s01,Exp. Pattern,COF-C2-80,experimental,13.403000,7.160200
10.1021_acs.chemmater.3c01952,10.1021_acs.chemmater.3c01952-p003-f01,10.1021_acs.chemmater.3c01952-p003-f01-s01,Exp. Pattern,COF-C2-80,experimental,13.423000,5.979900
10.1021_acs.chemmater.3c01952,10.1021_acs.chemmater.3c01952-p003-f01,10.1021_acs.chemmater.3c01952-p003-f01-s01,Exp. Pattern,COF-C2-80,experimental,13.443000,4.852900
10.1021_acs.chemmater.3c01952,10.1021_acs.chemmater.3c01952-p003-f01,10.1021_acs.chemmater.3c01952-p003-f01-s01,Exp. Pattern,COF-C2-80,experimental,13.463000,3.849200
10.1021_acs.chemmater.3c01952,10.1021_acs.chemmater.3c01952-p003-f01,10.1021_acs.chemmater.3c01952-p003-f01-s01,Exp. Pattern,COF-C2-80,experimental,13.483000,3.052700
10.1021_acs.chemmater.3c01952,10.1021_acs.chemmater.3c01952-p003-f01,10.1021_acs.chemmater.3c01952-p003-f01-s01,Exp. Pattern,COF-C2-80,experimental,13.503000,2.505000
10.1021_acs.chemmater.3c01952,10.1021_acs.chemmater.3c01952-p003-f01,10.1021_acs.chemmater.3c01952-p003-f01-s01,Exp. Pattern,COF-C2-80,experimental,13.523000,2.114500
10.1021_acs.chemmater.3c01952,10.1021_acs.chemmater.3c01952-p003-f01,10.1021_acs.chemmater.3c01952-p003-f01-s01,Exp. Pattern,COF-C2-80,experimental,13.543000,1.875900
10.1021_acs.chemmater.3c01952,10.1021_acs.chemmater.3c01952-p003-f01,10.1021_acs.chemmater.3c01952-p003-f01-s01,Exp. Pattern,COF-C2-80,experimental,13.563000,1.840500
10.1021_acs.chemmater.3c01952,10.1021_acs.chemmater.3c01952-p003-f01,10.1021_acs.chemmater.3c01952-p003-f01-s01,Exp. Pattern,COF-C2-80,experimental,13.583000,1.931400
10.1021_acs.chemmater.3c01952,10.1021_acs.chemmater.3c01952-p003-f01,10.1021_acs.chemmater.3c01952-p003-f01-s01,Exp. Pattern,COF-C2-80,experimental,13.603000,2.156500
10.1021_acs.chemmater.3c01952,10.1021_acs.chemmater.3c01952-p003-f01,10.1021_acs.chemmater.3c01952-p003-f01-s01,Exp. Pattern,COF-C2-80,experimental,13.623000,2.475300
10.1021_acs.chemmater.3c01952,10.1021_acs.chemmater.3c01952-p003-f01,10.1021_acs.chemmater.3c01952-p003-f01-s01,Exp. Pattern,COF-C2-80,experimental,13.643000,2.937700
10.1021_acs.chemmater.3c01952,10.1021_acs.chemmater.3c01952-p003-f01,10.1021_acs.chemmater.3c01952-p003-f01-s01,Exp. Pattern,COF-C2-80,experimental,13.663000,3.593500
10.1021_acs.chemmater.3c01952,10.1021_acs.chemmater.3c01952-p003-f01,10.1021_acs.chemmater.3c01952-p003-f01-s01,Exp. Pattern,COF-C2-80,experimental,13.683000,4.387200
10.1021_acs.chemmater.3c01952,10.1021_acs.chemmater.3c01952-p003-f01,10.1021_acs.chemmater.3c01952-p003-f01-s01,Exp. Pattern,COF-C2-80,experimental,13.703000,5.464600
10.1021_acs.chemmater.3c01952,10.1021_acs.chemmater.3c01952-p003-f01,10.1021_acs.chemmater.3c01952-p003-f01-s01,Exp. Pattern,COF-C2-80,experimental,13.723000,6.825800
10.1021_acs.chemmater.3c01952,10.1021_acs.chemmater.3c01952-p003-f01,10.1021_acs.chemmater.3c01952-p003-f01-s01,Exp. Pattern,COF-C2-80,experimental,13.743000,8.368000
10.1021_acs.chemmater.3c01952,10.1021_acs.chemmater.3c01952-p003-f01,10.1021_acs.chemmater.3c01952-p003-f01-s01,Exp. Pattern,COF-C2-80,experimental,13.763000,9.849700
10.1021_acs.chemmater.3c01952,10.1021_acs.chemmater.3c01952-p003-f01,10.1021_acs.chemmater.3c01952-p003-f01-s01,Exp. Pattern,COF-C2-80,experimental,13.783000,11.278100
10.1021_acs.chemmater.3c01952,10.1021_acs.chemmater.3c01952-p003-f01,10.1021_acs.chemmater.3c01952-p003-f01-s01,Exp. Pattern,COF-C2-80,experimental,13.803000,12.697500
10.1021_acs.chemmater.3c01952,10.1021_acs.chemmater.3c01952-p003-f01,10.1021_acs.chemmater.3c01952-p003-f01-s01,Exp. Pattern,COF-C2-80,experimental,13.823000,13.897800
10.1021_acs.chemmater.3c01952,10.1021_acs.chemmater.3c01952-p003-f01,10.1021_acs.chemmater.3c01952-p003-f01-s01,Exp. Pattern,COF-C2-80,experimental,13.843000,14.840900
10.1021_acs.chemmater.3c01952,10.1021_acs.chemmater.3c01952-p003-f01,10.1021_acs.chemmater.3c01952-p003-f01-s01,Exp. Pattern,COF-C2-80,experimental,13.863000,15.423200
10.1021_acs.chemmater.3c01952,10.1021_acs.chemmater.3c01952-p003-f01,10.1021_acs.chemmater.3c01952-p003-f01-s01,Exp. Pattern,COF-C2-80,experimental,13.883000,15.426400
10.1021_acs.chemmater.3c01952,10.1021_acs.chemmater.3c01952-p003-f01,10.1021_acs.chemmater.3c01952-p003-f01-s01,Exp. Pattern,COF-C2-80,experimental,13.903000,15.097800
10.1021_acs.chemmater.3c01952,10.1021_acs.chemmater.3c01952-p003-f01,10.1021_acs.chemmater.3c01952-p003-f01-s01,Exp. Pattern,COF-C2-80,experimental,13.923000,14.466500
10.1021_acs.chemmater.3c01952,10.1021_acs.chemmater.3c01952-p003-f01,10.1021_acs.chemmater.3c01952-p003-f01-s01,Exp. Pattern,COF-C2-80,experimental,13.943000,13.564100
10.1021_acs.chemmater.3c01952,10.1021_acs.chemmater.3c01952-p003-f01,10.1021_acs.chemmater.3c01952-p003-f01-s01,Exp. Pattern,COF-C2-80,experimental,13.963000,12.379200
10.1021_acs.chemmater.3c01952,10.1021_acs.chemmater.3c01952-p003-f01,10.1021_acs.chemmater.3c01952-p003-f01-s01,Exp. Pattern,COF-C2-80,experimental,13.983000,11.150800
10.1021_acs.chemmater.3c01952,10.1021_acs.chemmater.3c01952-p003-f01,10.1021_acs.chemmater.3c01952-p003-f01-s01,Exp. Pattern,COF-C2-80,experimental,14.003000,10.008200
10.1021_acs.chemmater.3c01952,10.1021_acs.chemmater.3c01952-p003-f01,10.1021_acs.chemmater.3c01952-p003-f01-s01,Exp. Pattern,COF-C2-80,experimental,14.023000,8.790000
10.1021_acs.chemmater.3c01952,10.1021_acs.chemmater.3c01952-p003-f01,10.1021_acs.chemmater.3c01952-p003-f01-s01,Exp. Pattern,COF-C2-80,experimental,14.043000,7.551300
10.1021_acs.chemmater.3c01952,10.1021_acs.chemmater.3c01952-p003-f01,10.1021_acs.chemmater.3c01952-p003-f01-s01,Exp. Pattern,COF-C2-80,experimental,14.063000,6.325700
10.1021_acs.chemmater.3c01952,10.1021_acs.chemmater.3c01952-p003-f01,10.1021_acs.chemmater.3c01952-p003-f01-s01,Exp. Pattern,COF-C2-80,experimental,14.083000,5.040800
10.1021_acs.chemmater.3c01952,10.1021_acs.chemmater.3c01952-p003-f01,10.1021_acs.chemmater.3c01952-p003-f01-s01,Exp. Pattern,COF-C2-80,experimental,14.103000,3.896100
10.1021_acs.chemmater.3c01952,10.1021_acs.chemmater.3c01952-p003-f01,10.1021_acs.chemmater.3c01952-p003-f01-s01,Exp. Pattern,COF-C2-80,experimental,14.123000,2.972900
10.1021_acs.chemmater.3c01952,10.1021_acs.chemmater.3c01952-p003-f01,10.1021_acs.chemmater.3c01952-p003-f01-s01,Exp. Pattern,COF-C2-80,experimental,14.143000,2.260500
10.1021_acs.chemmater.3c01952,10.1021_acs.chemmater.3c01952-p003-f01,10.1021_acs.chemmater.3c01952-p003-f01-s01,Exp. Pattern,COF-C2-80,experimental,14.163000,1.757200
10.1021_acs.chemmater.3c01952,10.1021_acs.chemmater.3c01952-p003-f01,10.1021_acs.chemmater.3c01952-p003-f01-s01,Exp. Pattern,COF-C2-80,experimental,14.183000,1.433800
10.1021_acs.chemmater.3c01952,10.1021_acs.chemmater.3c01952-p003-f01,10.1021_acs.chemmater.3c01952-p003-f01-s01,Exp. Pattern,COF-C2-80,experimental,14.203000,1.223800
10.1021_acs.chemmater.3c01952,10.1021_acs.chemmater.3c01952-p003-f01,10.1021_acs.chemmater.3c01952-p003-f01-s01,Exp. Pattern,COF-C2-80,experimental,14.223000,1.033100
10.1021_acs.chemmater.3c01952,10.1021_acs.chemmater.3c01952-p003-f01,10.1021_acs.chemmater.3c01952-p003-f01-s01,Exp. Pattern,COF-C2-80,experimental,14.243000,0.898500
10.1021_acs.chemmater.3c01952,10.1021_acs.chemmater.3c01952-p003-f01,10.1021_acs.chemmater.3c01952-p003-f01-s01,Exp. Pattern,COF-C2-80,experimental,14.263000,0.828600
10.1021_acs.chemmater.3c01952,10.1021_acs.chemmater.3c01952-p003-f01,10.1021_acs.chemmater.3c01952-p003-f01-s01,Exp. Pattern,COF-C2-80,experimental,14.283000,0.801600
10.1021_acs.chemmater.3c01952,10.1021_acs.chemmater.3c01952-p003-f01,10.1021_acs.chemmater.3c01952-p003-f01-s01,Exp. Pattern,COF-C2-80,experimental,14.303000,0.823700
10.1021_acs.chemmater.3c01952,10.1021_acs.chemmater.3c01952-p003-f01,10.1021_acs.chemmater.3c01952-p003-f01-s01,Exp. Pattern,COF-C2-80,experimental,14.323000,0.866400
10.1021_acs.chemmater.3c01952,10.1021_acs.chemmater.3c01952-p003-f01,10.1021_acs.chemmater.3c01952-p003-f01-s01,Exp. Pattern,COF-C2-80,experimental,14.343000,0.872400
10.1021_acs.chemmater.3c01952,10.1021_acs.chemmater.3c01952-p003-f01,10.1021_acs.chemmater.3c01952-p003-f01-s01,Exp. Pattern,COF-C2-80,experimental,14.363000,0.885800
10.1021_acs.chemmater.3c01952,10.1021_acs.chemmater.3c01952-p003-f01,10.1021_acs.chemmater.3c01952-p003-f01-s01,Exp. Pattern,COF-C2-80,experimental,14.383000,0.908300
10.1021_acs.chemmater.3c01952,10.1021_acs.chemmater.3c01952-p003-f01,10.1021_acs.chemmater.3c01952-p003-f01-s01,Exp. Pattern,COF-C2-80,experimental,14.403000,0.898700
10.1021_acs.chemmater.3c01952,10.1021_acs.chemmater.3c01952-p003-f01,10.1021_acs.chemmater.3c01952-p003-f01-s01,Exp. Pattern,COF-C2-80,experimental,14.423000,0.864000
10.1021_acs.chemmater.3c01952,10.1021_acs.chemmater.3c01952-p003-f01,10.1021_acs.chemmater.3c01952-p003-f01-s01,Exp. Pattern,COF-C2-80,experimental,14.443000,0.811900
10.1021_acs.chemmater.3c01952,10.1021_acs.chemmater.3c01952-p003-f01,10.1021_acs.chemmater.3c01952-p003-f01-s01,Exp. Pattern,COF-C2-80,experimental,14.463000,0.750300
10.1021_acs.chemmater.3c01952,10.1021_acs.chemmater.3c01952-p003-f01,10.1021_acs.chemmater.3c01952-p003-f01-s01,Exp. Pattern,COF-C2-80,experimental,14.483000,0.687000
10.1021_acs.chemmater.3c01952,10.1021_acs.chemmater.3c01952-p003-f01,10.1021_acs.chemmater.3c01952-p003-f01-s01,Exp. Pattern,COF-C2-80,experimental,14.503000,0.630000
10.1021_acs.chemmater.3c01952,10.1021_acs.chemmater.3c01952-p003-f01,10.1021_acs.chemmater.3c01952-p003-f01-s01,Exp. Pattern,COF-C2-80,experimental,14.523000,0.587000
10.1021_acs.chemmater.3c01952,10.1021_acs.chemmater.3c01952-p003-f01,10.1021_acs.chemmater.3c01952-p003-f01-s01,Exp. Pattern,COF-C2-80,experimental,14.543000,0.565900
10.1021_acs.chemmater.3c01952,10.1021_acs.chemmater.3c01952-p003-f01,10.1021_acs.chemmater.3c01952-p003-f01-s01,Exp. Pattern,COF-C2-80,experimental,14.563000,0.574500
10.1021_acs.chemmater.3c01952,10.1021_acs.chemmater.3c01952-p003-f01,10.1021_acs.chemmater.3c01952-p003-f01-s01,Exp. Pattern,COF-C2-80,experimental,14.583000,0.599600
10.1021_acs.chemmater.3c01952,10.1021_acs.chemmater.3c01952-p003-f01,10.1021_acs.chemmater.3c01952-p003-f01-s01,Exp. Pattern,COF-C2-80,experimental,14.603000,0.605800
10.1021_acs.chemmater.3c01952,10.1021_acs.chemmater.3c01952-p003-f01,10.1021_acs.chemmater.3c01952-p003-f01-s01,Exp. Pattern,COF-C2-80,experimental,14.623000,0.611600
10.1021_acs.chemmater.3c01952,10.1021_acs.chemmater.3c01952-p003-f01,10.1021_acs.chemmater.3c01952-p003-f01-s01,Exp. Pattern,COF-C2-80,experimental,14.643000,0.617300
10.1021_acs.chemmater.3c01952,10.1021_acs.chemmater.3c01952-p003-f01,10.1021_acs.chemmater.3c01952-p003-f01-s01,Exp. Pattern,COF-C2-80,experimental,14.663000,0.623000
10.1021_acs.chemmater.3c01952,10.1021_acs.chemmater.3c01952-p003-f01,10.1021_acs.chemmater.3c01952-p003-f01-s01,Exp. Pattern,COF-C2-80,experimental,14.683000,0.628600
10.1021_acs.chemmater.3c01952,10.1021_acs.chemmater.3c01952-p003-f01,10.1021_acs.chemmater.3c01952-p003-f01-s01,Exp. Pattern,COF-C2-80,experimental,14.703000,0.634200
10.1021_acs.chemmater.3c01952,10.1021_acs.chemmater.3c01952-p003-f01,10.1021_acs.chemmater.3c01952-p003-f01-s01,Exp. Pattern,COF-C2-80,experimental,14.723000,0.639800
10.1021_acs.chemmater.3c01952,10.1021_acs.chemmater.3c01952-p003-f01,10.1021_acs.chemmater.3c01952-p003-f01-s01,Exp. Pattern,COF-C2-80,experimental,14.743000,0.645300
10.1021_acs.chemmater.3c01952,10.1021_acs.chemmater.3c01952-p003-f01,10.1021_acs.chemmater.3c01952-p003-f01-s01,Exp. Pattern,COF-C2-80,experimental,14.763000,0.650800
10.1021_acs.chemmater.3c01952,10.1021_acs.chemmater.3c01952-p003-f01,10.1021_acs.chemmater.3c01952-p003-f01-s01,Exp. Pattern,COF-C2-80,experimental,14.783000,0.656200
10.1021_acs.chemmater.3c01952,10.1021_acs.chemmater.3c01952-p003-f01,10.1021_acs.chemmater.3c01952-p003-f01-s01,Exp. Pattern,COF-C2-80,experimental,14.803000,0.661600
10.1021_acs.chemmater.3c01952,10.1021_acs.chemmater.3c01952-p003-f01,10.1021_acs.chemmater.3c01952-p003-f01-s01,Exp. Pattern,COF-C2-80,experimental,14.823000,0.666900
10.1021_acs.chemmater.3c01952,10.1021_acs.chemmater.3c01952-p003-f01,10.1021_acs.chemmater.3c01952-p003-f01-s01,Exp. Pattern,COF-C2-80,experimental,14.843000,0.672300
10.1021_acs.chemmater.3c01952,10.1021_acs.chemmater.3c01952-p003-f01,10.1021_acs.chemmater.3c01952-p003-f01-s01,Exp. Pattern,COF-C2-80,experimental,14.863000,0.677600
10.1021_acs.chemmater.3c01952,10.1021_acs.chemmater.3c01952-p003-f01,10.1021_acs.chemmater.3c01952-p003-f01-s01,Exp. Pattern,COF-C2-80,experimental,14.883000,0.682800
10.1021_acs.chemmater.3c01952,10.1021_acs.chemmater.3c01952-p003-f01,10.1021_acs.chemmater.3c01952-p003-f01-s01,Exp. Pattern,COF-C2-80,experimental,14.903000,0.688000
10.1021_acs.chemmater.3c01952,10.1021_acs.chemmater.3c01952-p003-f01,10.1021_acs.chemmater.3c01952-p003-f01-s01,Exp. Pattern,COF-C2-80,experimental,14.923000,0.693200
10.1021_acs.chemmater.3c01952,10.1021_acs.chemmater.3c01952-p003-f01,10.1021_acs.chemmater.3c01952-p003-f01-s01,Exp. Pattern,COF-C2-80,experimental,14.943000,0.698300
10.1021_acs.chemmater.3c01952,10.1021_acs.chemmater.3c01952-p003-f01,10.1021_acs.chemmater.3c01952-p003-f01-s01,Exp. Pattern,COF-C2-80,experimental,14.963000,0.703400
10.1021_acs.chemmater.3c01952,10.1021_acs.chemmater.3c01952-p003-f01,10.1021_acs.chemmater.3c01952-p003-f01-s01,Exp. Pattern,COF-C2-80,experimental,14.983000,0.708500
10.1021_acs.chemmater.3c01952,10.1021_acs.chemmater.3c01952-p003-f01,10.1021_acs.chemmater.3c01952-p003-f01-s01,Exp. Pattern,COF-C2-80,experimental,15.003000,0.713500
10.1021_acs.chemmater.3c01952,10.1021_acs.chemmater.3c01952-p003-f01,10.1021_acs.chemmater.3c01952-p003-f01-s01,Exp. Pattern,COF-C2-80,experimental,15.023000,0.718500
10.1021_acs.chemmater.3c01952,10.1021_acs.chemmater.3c01952-p003-f01,10.1021_acs.chemmater.3c01952-p003-f01-s01,Exp. Pattern,COF-C2-80,experimental,15.043000,0.723400
10.1021_acs.chemmater.3c01952,10.1021_acs.chemmater.3c01952-p003-f01,10.1021_acs.chemmater.3c01952-p003-f01-s01,Exp. Pattern,COF-C2-80,experimental,15.063000,0.728400
10.1021_acs.chemmater.3c01952,10.1021_acs.chemmater.3c01952-p003-f01,10.1021_acs.chemmater.3c01952-p003-f01-s01,Exp. Pattern,COF-C2-80,experimental,15.083000,0.733200
10.1021_acs.chemmater.3c01952,10.1021_acs.chemmater.3c01952-p003-f01,10.1021_acs.chemmater.3c01952-p003-f01-s01,Exp. Pattern,COF-C2-80,experimental,15.103000,0.738100
10.1021_acs.chemmater.3c01952,10.1021_acs.chemmater.3c01952-p003-f01,10.1021_acs.chemmater.3c01952-p003-f01-s01,Exp. Pattern,COF-C2-80,experimental,15.123000,0.742900
10.1021_acs.chemmater.3c01952,10.1021_acs.chemmater.3c01952-p003-f01,10.1021_acs.chemmater.3c01952-p003-f01-s01,Exp. Pattern,COF-C2-80,experimental,15.143000,0.747600
10.1021_acs.chemmater.3c01952,10.1021_acs.chemmater.3c01952-p003-f01,10.1021_acs.chemmater.3c01952-p003-f01-s01,Exp. Pattern,COF-C2-80,experimental,15.163000,0.752400
10.1021_acs.chemmater.3c01952,10.1021_acs.chemmater.3c01952-p003-f01,10.1021_acs.chemmater.3c01952-p003-f01-s01,Exp. Pattern,COF-C2-80,experimental,15.183000,0.775000
10.1021_acs.chemmater.3c01952,10.1021_acs.chemmater.3c01952-p003-f01,10.1021_acs.chemmater.3c01952-p003-f01-s01,Exp. Pattern,COF-C2-80,experimental,15.203000,0.783700
10.1021_acs.chemmater.3c01952,10.1021_acs.chemmater.3c01952-p003-f01,10.1021_acs.chemmater.3c01952-p003-f01-s01,Exp. Pattern,COF-C2-80,experimental,15.223000,0.764300
10.1021_acs.chemmater.3c01952,10.1021_acs.chemmater.3c01952-p003-f01,10.1021_acs.chemmater.3c01952-p003-f01-s01,Exp. Pattern,COF-C2-80,experimental,15.243000,0.724100
10.1021_acs.chemmater.3c01952,10.1021_acs.chemmater.3c01952-p003-f01,10.1021_acs.chemmater.3c01952-p003-f01-s01,Exp. Pattern,COF-C2-80,experimental,15.263000,0.670500
10.1021_acs.chemmater.3c01952,10.1021_acs.chemmater.3c01952-p003-f01,10.1021_acs.chemmater.3c01952-p003-f01-s01,Exp. Pattern,COF-C2-80,experimental,15.283000,0.610800
10.1021_acs.chemmater.3c01952,10.1021_acs.chemmater.3c01952-p003-f01,10.1021_acs.chemmater.3c01952-p003-f01-s01,Exp. Pattern,COF-C2-80,experimental,15.303000,0.552300
10.1021_acs.chemmater.3c01952,10.1021_acs.chemmater.3c01952-p003-f01,10.1021_acs.chemmater.3c01952-p003-f01-s01,Exp. Pattern,COF-C2-80,experimental,15.323000,0.502500
10.1021_acs.chemmater.3c01952,10.1021_acs.chemmater.3c01952-p003-f01,10.1021_acs.chemmater.3c01952-p003-f01-s01,Exp. Pattern,COF-C2-80,experimental,15.343000,0.468600
10.1021_acs.chemmater.3c01952,10.1021_acs.chemmater.3c01952-p003-f01,10.1021_acs.chemmater.3c01952-p003-f01-s01,Exp. Pattern,COF-C2-80,experimental,15.363000,0.458000
10.1021_acs.chemmater.3c01952,10.1021_acs.chemmater.3c01952-p003-f01,10.1021_acs.chemmater.3c01952-p003-f01-s01,Exp. Pattern,COF-C2-80,experimental,15.383000,0.478000
10.1021_acs.chemmater.3c01952,10.1021_acs.chemmater.3c01952-p003-f01,10.1021_acs.chemmater.3c01952-p003-f01-s01,Exp. Pattern,COF-C2-80,experimental,15.403000,0.490800
10.1021_acs.chemmater.3c01952,10.1021_acs.chemmater.3c01952-p003-f01,10.1021_acs.chemmater.3c01952-p003-f01-s01,Exp. Pattern,COF-C2-80,experimental,15.423000,0.495000
10.1021_acs.chemmater.3c01952,10.1021_acs.chemmater.3c01952-p003-f01,10.1021_acs.chemmater.3c01952-p003-f01-s01,Exp. Pattern,COF-C2-80,experimental,15.443000,0.499200
10.1021_acs.chemmater.3c01952,10.1021_acs.chemmater.3c01952-p003-f01,10.1021_acs.chemmater.3c01952-p003-f01-s01,Exp. Pattern,COF-C2-80,experimental,15.463000,0.503400
10.1021_acs.chemmater.3c01952,10.1021_acs.chemmater.3c01952-p003-f01,10.1021_acs.chemmater.3c01952-p003-f01-s01,Exp. Pattern,COF-C2-80,experimental,15.483000,0.507500
10.1021_acs.chemmater.3c01952,10.1021_acs.chemmater.3c01952-p003-f01,10.1021_acs.chemmater.3c01952-p003-f01-s01,Exp. Pattern,COF-C2-80,experimental,15.503000,0.511600
10.1021_acs.chemmater.3c01952,10.1021_acs.chemmater.3c01952-p003-f01,10.1021_acs.chemmater.3c01952-p003-f01-s01,Exp. Pattern,COF-C2-80,experimental,15.523000,0.515600
10.1021_acs.chemmater.3c01952,10.1021_acs.chemmater.3c01952-p003-f01,10.1021_acs.chemmater.3c01952-p003-f01-s01,Exp. Pattern,COF-C2-80,experimental,15.543000,0.523500
10.1021_acs.chemmater.3c01952,10.1021_acs.chemmater.3c01952-p003-f01,10.1021_acs.chemmater.3c01952-p003-f01-s01,Exp. Pattern,COF-C2-80,experimental,15.563000,0.545900
10.1021_acs.chemmater.3c01952,10.1021_acs.chemmater.3c01952-p003-f01,10.1021_acs.chemmater.3c01952-p003-f01-s01,Exp. Pattern,COF-C2-80,experimental,15.583000,0.530300
10.1021_acs.chemmater.3c01952,10.1021_acs.chemmater.3c01952-p003-f01,10.1021_acs.chemmater.3c01952-p003-f01-s01,Exp. Pattern,COF-C2-80,experimental,15.603000,0.486400
10.1021_acs.chemmater.3c01952,10.1021_acs.chemmater.3c01952-p003-f01,10.1021_acs.chemmater.3c01952-p003-f01-s01,Exp. Pattern,COF-C2-80,experimental,15.623000,0.442500
10.1021_acs.chemmater.3c01952,10.1021_acs.chemmater.3c01952-p003-f01,10.1021_acs.chemmater.3c01952-p003-f01-s01,Exp. Pattern,COF-C2-80,experimental,15.643000,0.435900
10.1021_acs.chemmater.3c01952,10.1021_acs.chemmater.3c01952-p003-f01,10.1021_acs.chemmater.3c01952-p003-f01-s01,Exp. Pattern,COF-C2-80,experimental,15.663000,0.465500
10.1021_acs.chemmater.3c01952,10.1021_acs.chemmater.3c01952-p003-f01,10.1021_acs.chemmater.3c01952-p003-f01-s01,Exp. Pattern,COF-C2-80,experimental,15.683000,0.523800
10.1021_acs.chemmater.3c01952,10.1021_acs.chemmater.3c01952-p003-f01,10.1021_acs.chemmater.3c01952-p003-f01-s01,Exp. Pattern,COF-C2-80,experimental,15.703000,0.603500
10.1021_acs.chemmater.3c01952,10.1021_acs.chemmater.3c01952-p003-f01,10.1021_acs.chemmater.3c01952-p003-f01-s01,Exp. Pattern,COF-C2-80,experimental,15.723000,0.697200
10.1021_acs.chemmater.3c01952,10.1021_acs.chemmater.3c01952-p003-f01,10.1021_acs.chemmater.3c01952-p003-f01-s01,Exp. Pattern,COF-C2-80,experimental,15.743000,0.799300
10.1021_acs.chemmater.3c01952,10.1021_acs.chemmater.3c01952-p003-f01,10.1021_acs.chemmater.3c01952-p003-f01-s01,Exp. Pattern,COF-C2-80,experimental,15.763000,0.907100
10.1021_acs.chemmater.3c01952,10.1021_acs.chemmater.3c01952-p003-f01,10.1021_acs.chemmater.3c01952-p003-f01-s01,Exp. Pattern,COF-C2-80,experimental,15.783000,0.932700
10.1021_acs.chemmater.3c01952,10.1021_acs.chemmater.3c01952-p003-f01,10.1021_acs.chemmater.3c01952-p003-f01-s01,Exp. Pattern,COF-C2-80,experimental,15.803000,0.897600
10.1021_acs.chemmater.3c01952,10.1021_acs.chemmater.3c01952-p003-f01,10.1021_acs.chemmater.3c01952-p003-f01-s01,Exp. Pattern,COF-C2-80,experimental,15.823000,0.836400
10.1021_acs.chemmater.3c01952,10.1021_acs.chemmater.3c01952-p003-f01,10.1021_acs.chemmater.3c01952-p003-f01-s01,Exp. Pattern,COF-C2-80,experimental,15.843000,0.804100
10.1021_acs.chemmater.3c01952,10.1021_acs.chemmater.3c01952-p003-f01,10.1021_acs.chemmater.3c01952-p003-f01-s01,Exp. Pattern,COF-C2-80,experimental,15.863000,0.760400
10.1021_acs.chemmater.3c01952,10.1021_acs.chemmater.3c01952-p003-f01,10.1021_acs.chemmater.3c01952-p003-f01-s01,Exp. Pattern,COF-C2-80,experimental,15.883000,0.664000
10.1021_acs.chemmater.3c01952,10.1021_acs.chemmater.3c01952-p003-f01,10.1021_acs.chemmater.3c01952-p003-f01-s01,Exp. Pattern,COF-C2-80,experimental,15.903000,0.522300
10.1021_acs.chemmater.3c01952,10.1021_acs.chemmater.3c01952-p003-f01,10.1021_acs.chemmater.3c01952-p003-f01-s01,Exp. Pattern,COF-C2-80,experimental,15.923000,0.369400
10.1021_acs.chemmater.3c01952,10.1021_acs.chemmater.3c01952-p003-f01,10.1021_acs.chemmater.3c01952-p003-f01-s01,Exp. Pattern,COF-C2-80,experimental,15.943000,0.242100
10.1021_acs.chemmater.3c01952,10.1021_acs.chemmater.3c01952-p003-f01,10.1021_acs.chemmater.3c01952-p003-f01-s01,Exp. Pattern,COF-C2-80,experimental,15.963000,0.192400
10.1021_acs.chemmater.3c01952,10.1021_acs.chemmater.3c01952-p003-f01,10.1021_acs.chemmater.3c01952-p003-f01-s01,Exp. Pattern,COF-C2-80,experimental,15.983000,0.183500
10.1021_acs.chemmater.3c01952,10.1021_acs.chemmater.3c01952-p003-f01,10.1021_acs.chemmater.3c01952-p003-f01-s01,Exp. Pattern,COF-C2-80,experimental,16.003000,0.218900
10.1021_acs.chemmater.3c01952,10.1021_acs.chemmater.3c01952-p003-f01,10.1021_acs.chemmater.3c01952-p003-f01-s01,Exp. Pattern,COF-C2-80,experimental,16.023000,0.305400
10.1021_acs.chemmater.3c01952,10.1021_acs.chemmater.3c01952-p003-f01,10.1021_acs.chemmater.3c01952-p003-f01-s01,Exp. Pattern,COF-C2-80,experimental,16.043000,0.442800
10.1021_acs.chemmater.3c01952,10.1021_acs.chemmater.3c01952-p003-f01,10.1021_acs.chemmater.3c01952-p003-f01-s01,Exp. Pattern,COF-C2-80,experimental,16.063000,0.565200
10.1021_acs.chemmater.3c01952,10.1021_acs.chemmater.3c01952-p003-f01,10.1021_acs.chemmater.3c01952-p003-f01-s01,Exp. Pattern,COF-C2-80,experimental,16.083000,0.631000
10.1021_acs.chemmater.3c01952,10.1021_acs.chemmater.3c01952-p003-f01,10.1021_acs.chemmater.3c01952-p003-f01-s01,Exp. Pattern,COF-C2-80,experimental,16.103000,0.649500
10.1021_acs.chemmater.3c01952,10.1021_acs.chemmater.3c01952-p003-f01,10.1021_acs.chemmater.3c01952-p003-f01-s01,Exp. Pattern,COF-C2-80,experimental,16.123000,0.640800
10.1021_acs.chemmater.3c01952,10.1021_acs.chemmater.3c01952-p003-f01,10.1021_acs.chemmater.3c01952-p003-f01-s01,Exp. Pattern,COF-C2-80,experimental,16.143000,0.624500
10.1021_acs.chemmater.3c01952,10.1021_acs.chemmater.3c01952-p003-f01,10.1021_acs.chemmater.3c01952-p003-f01-s01,Exp. Pattern,COF-C2-80,experimental,16.163000,0.627100
10.1021_acs.chemmater.3c01952,10.1021_acs.chemmater.3c01952-p003-f01,10.1021_acs.chemmater.3c01952-p003-f01-s01,Exp. Pattern,COF-C2-80,experimental,16.183000,0.630000
10.1021_acs.chemmater.3c01952,10.1021_acs.chemmater.3c01952-p003-f01,10.1021_acs.chemmater.3c01952-p003-f01-s01,Exp. Pattern,COF-C2-80,experimental,16.203000,0.632900
10.1021_acs.chemmater.3c01952,10.1021_acs.chemmater.3c01952-p003-f01,10.1021_acs.chemmater.3c01952-p003-f01-s01,Exp. Pattern,COF-C2-80,experimental,16.223000,0.635800
10.1021_acs.chemmater.3c01952,10.1021_acs.chemmater.3c01952-p003-f01,10.1021_acs.chemmater.3c01952-p003-f01-s01,Exp. Pattern,COF-C2-80,experimental,16.243000,0.638600
10.1021_acs.chemmater.3c01952,10.1021_acs.chemmater.3c01952-p003-f01,10.1021_acs.chemmater.3c01952-p003-f01-s01,Exp. Pattern,COF-C2-80,experimental,16.263000,0.643100
10.1021_acs.chemmater.3c01952,10.1021_acs.chemmater.3c01952-p003-f01,10.1021_acs.chemmater.3c01952-p003-f01-s01,Exp. Pattern,COF-C2-80,experimental,16.283000,0.664800
10.1021_acs.chemmater.3c01952,10.1021_acs.chemmater.3c01952-p003-f01,10.1021_acs.chemmater.3c01952-p003-f01-s01,Exp. Pattern,COF-C2-80,experimental,16.303000,0.655100
10.1021_acs.chemmater.3c01952,10.1021_acs.chemmater.3c01952-p003-f01,10.1021_acs.chemmater.3c01952-p003-f01-s01,Exp. Pattern,COF-C2-80,experimental,16.323000,0.616800
10.1021_acs.chemmater.3c01952,10.1021_acs.chemmater.3c01952-p003-f01,10.1021_acs.chemmater.3c01952-p003-f01-s01,Exp. Pattern,COF-C2-80,experimental,16.343000,0.589200
10.1021_acs.chemmater.3c01952,10.1021_acs.chemmater.3c01952-p003-f01,10.1021_acs.chemmater.3c01952-p003-f01-s01,Exp. Pattern,COF-C2-80,experimental,16.363000,0.572100
10.1021_acs.chemmater.3c01952,10.1021_acs.chemmater.3c01952-p003-f01,10.1021_acs.chemmater.3c01952-p003-f01-s01,Exp. Pattern,COF-C2-80,experimental,16.383000,0.565500
10.1021_acs.chemmater.3c01952,10.1021_acs.chemmater.3c01952-p003-f01,10.1021_acs.chemmater.3c01952-p003-f01-s01,Exp. Pattern,COF-C2-80,experimental,16.403000,0.569600
10.1021_acs.chemmater.3c01952,10.1021_acs.chemmater.3c01952-p003-f01,10.1021_acs.chemmater.3c01952-p003-f01-s01,Exp. Pattern,COF-C2-80,experimental,16.423000,0.584200
10.1021_acs.chemmater.3c01952,10.1021_acs.chemmater.3c01952-p003-f01,10.1021_acs.chemmater.3c01952-p003-f01-s01,Exp. Pattern,COF-C2-80,experimental,16.443000,0.609500
10.1021_acs.chemmater.3c01952,10.1021_acs.chemmater.3c01952-p003-f01,10.1021_acs.chemmater.3c01952-p003-f01-s01,Exp. Pattern,COF-C2-80,experimental,16.463000,0.645300
10.1021_acs.chemmater.3c01952,10.1021_acs.chemmater.3c01952-p003-f01,10.1021_acs.chemmater.3c01952-p003-f01-s01,Exp. Pattern,COF-C2-80,experimental,16.483000,0.706200
10.1021_acs.chemmater.3c01952,10.1021_acs.chemmater.3c01952-p003-f01,10.1021_acs.chemmater.3c01952-p003-f01-s01,Exp. Pattern,COF-C2-80,experimental,16.503000,0.711300
10.1021_acs.chemmater.3c01952,10.1021_acs.chemmater.3c01952-p003-f01,10.1021_acs.chemmater.3c01952-p003-f01-s01,Exp. Pattern,COF-C2-80,experimental,16.523000,0.671200
10.1021_acs.chemmater.3c01952,10.1021_acs.chemmater.3c01952-p003-f01,10.1021_acs.chemmater.3c01952-p003-f01-s01,Exp. Pattern,COF-C2-80,experimental,16.543000,0.607600
10.1021_acs.chemmater.3c01952,10.1021_acs.chemmater.3c01952-p003-f01,10.1021_acs.chemmater.3c01952-p003-f01-s01,Exp. Pattern,COF-C2-80,experimental,16.563000,0.548700
10.1021_acs.chemmater.3c01952,10.1021_acs.chemmater.3c01952-p003-f01,10.1021_acs.chemmater.3c01952-p003-f01-s01,Exp. Pattern,COF-C2-80,experimental,16.583000,0.511900
10.1021_acs.chemmater.3c01952,10.1021_acs.chemmater.3c01952-p003-f01,10.1021_acs.chemmater.3c01952-p003-f01-s01,Exp. Pattern,COF-C2-80,experimental,16.603000,0.497200
10.1021_acs.chemmater.3c01952,10.1021_acs.chemmater.3c01952-p003-f01,10.1021_acs.chemmater.3c01952-p003-f01-s01,Exp. Pattern,COF-C2-80,experimental,16.623000,0.504700
10.1021_acs.chemmater.3c01952,10.1021_acs.chemmater.3c01952-p003-f01,10.1021_acs.chemmater.3c01952-p003-f01-s01,Exp. Pattern,COF-C2-80,experimental,16.643000,0.534300
10.1021_acs.chemmater.3c01952,10.1021_acs.chemmater.3c01952-p003-f01,10.1021_acs.chemmater.3c01952-p003-f01-s01,Exp. Pattern,COF-C2-80,experimental,16.663000,0.586000
10.1021_acs.chemmater.3c01952,10.1021_acs.chemmater.3c01952-p003-f01,10.1021_acs.chemmater.3c01952-p003-f01-s01,Exp. Pattern,COF-C2-80,experimental,16.683000,0.659800
10.1021_acs.chemmater.3c01952,10.1021_acs.chemmater.3c01952-p003-f01,10.1021_acs.chemmater.3c01952-p003-f01-s01,Exp. Pattern,COF-C2-80,experimental,16.703000,0.708200
10.1021_acs.chemmater.3c01952,10.1021_acs.chemmater.3c01952-p003-f01,10.1021_acs.chemmater.3c01952-p003-f01-s01,Exp. Pattern,COF-C2-80,experimental,16.723000,0.721900
10.1021_acs.chemmater.3c01952,10.1021_acs.chemmater.3c01952-p003-f01,10.1021_acs.chemmater.3c01952-p003-f01-s01,Exp. Pattern,COF-C2-80,experimental,16.743000,0.706500
10.1021_acs.chemmater.3c01952,10.1021_acs.chemmater.3c01952-p003-f01,10.1021_acs.chemmater.3c01952-p003-f01-s01,Exp. Pattern,COF-C2-80,experimental,16.763000,0.701800
10.1021_acs.chemmater.3c01952,10.1021_acs.chemmater.3c01952-p003-f01,10.1021_acs.chemmater.3c01952-p003-f01-s01,Exp. Pattern,COF-C2-80,experimental,16.783000,0.703900
10.1021_acs.chemmater.3c01952,10.1021_acs.chemmater.3c01952-p003-f01,10.1021_acs.chemmater.3c01952-p003-f01-s01,Exp. Pattern,COF-C2-80,experimental,16.803000,0.706000
10.1021_acs.chemmater.3c01952,10.1021_acs.chemmater.3c01952-p003-f01,10.1021_acs.chemmater.3c01952-p003-f01-s01,Exp. Pattern,COF-C2-80,experimental,16.823000,0.719900
10.1021_acs.chemmater.3c01952,10.1021_acs.chemmater.3c01952-p003-f01,10.1021_acs.chemmater.3c01952-p003-f01-s01,Exp. Pattern,COF-C2-80,experimental,16.843000,0.733700
10.1021_acs.chemmater.3c01952,10.1021_acs.chemmater.3c01952-p003-f01,10.1021_acs.chemmater.3c01952-p003-f01-s01,Exp. Pattern,COF-C2-80,experimental,16.863000,0.717800
10.1021_acs.chemmater.3c01952,10.1021_acs.chemmater.3c01952-p003-f01,10.1021_acs.chemmater.3c01952-p003-f01-s01,Exp. Pattern,COF-C2-80,experimental,16.883000,0.679500
10.1021_acs.chemmater.3c01952,10.1021_acs.chemmater.3c01952-p003-f01,10.1021_acs.chemmater.3c01952-p003-f01-s01,Exp. Pattern,COF-C2-80,experimental,16.903000,0.620500
10.1021_acs.chemmater.3c01952,10.1021_acs.chemmater.3c01952-p003-f01,10.1021_acs.chemmater.3c01952-p003-f01-s01,Exp. Pattern,COF-C2-80,experimental,16.923000,0.542600
10.1021_acs.chemmater.3c01952,10.1021_acs.chemmater.3c01952-p003-f01,10.1021_acs.chemmater.3c01952-p003-f01-s01,Exp. Pattern,COF-C2-80,experimental,16.943000,0.490000
10.1021_acs.chemmater.3c01952,10.1021_acs.chemmater.3c01952-p003-f01,10.1021_acs.chemmater.3c01952-p003-f01-s01,Exp. Pattern,COF-C2-80,experimental,16.963000,0.477100
10.1021_acs.chemmater.3c01952,10.1021_acs.chemmater.3c01952-p003-f01,10.1021_acs.chemmater.3c01952-p003-f01-s01,Exp. Pattern,COF-C2-80,experimental,16.983000,0.505000
10.1021_acs.chemmater.3c01952,10.1021_acs.chemmater.3c01952-p003-f01,10.1021_acs.chemmater.3c01952-p003-f01-s01,Exp. Pattern,COF-C2-80,experimental,17.003000,0.533100
10.1021_acs.chemmater.3c01952,10.1021_acs.chemmater.3c01952-p003-f01,10.1021_acs.chemmater.3c01952-p003-f01-s01,Exp. Pattern,COF-C2-80,experimental,17.023000,0.567800
10.1021_acs.chemmater.3c01952,10.1021_acs.chemmater.3c01952-p003-f01,10.1021_acs.chemmater.3c01952-p003-f01-s01,Exp. Pattern,COF-C2-80,experimental,17.043000,0.585600
10.1021_acs.chemmater.3c01952,10.1021_acs.chemmater.3c01952-p003-f01,10.1021_acs.chemmater.3c01952-p003-f01-s01,Exp. Pattern,COF-C2-80,experimental,17.063000,0.550300
10.1021_acs.chemmater.3c01952,10.1021_acs.chemmater.3c01952-p003-f01,10.1021_acs.chemmater.3c01952-p003-f01-s01,Exp. Pattern,COF-C2-80,experimental,17.083000,0.512800
10.1021_acs.chemmater.3c01952,10.1021_acs.chemmater.3c01952-p003-f01,10.1021_acs.chemmater.3c01952-p003-f01-s01,Exp. Pattern,COF-C2-80,experimental,17.103000,0.487200
10.1021_acs.chemmater.3c01952,10.1021_acs.chemmater.3c01952-p003-f01,10.1021_acs.chemmater.3c01952-p003-f01-s01,Exp. Pattern,COF-C2-80,experimental,17.123000,0.490900
10.1021_acs.chemmater.3c01952,10.1021_acs.chemmater.3c01952-p003-f01,10.1021_acs.chemmater.3c01952-p003-f01-s01,Exp. Pattern,COF-C2-80,experimental,17.143000,0.521200
10.1021_acs.chemmater.3c01952,10.1021_acs.chemmater.3c01952-p003-f01,10.1021_acs.chemmater.3c01952-p003-f01-s01,Exp. Pattern,COF-C2-80,experimental,17.163000,0.561200
10.1021_acs.chemmater.3c01952,10.1021_acs.chemmater.3c01952-p003-f01,10.1021_acs.chemmater.3c01952-p003-f01-s01,Exp. Pattern,COF-C2-80,experimental,17.183000,0.595500
10.1021_acs.chemmater.3c01952,10.1021_acs.chemmater.3c01952-p003-f01,10.1021_acs.chemmater.3c01952-p003-f01-s01,Exp. Pattern,COF-C2-80,experimental,17.203000,0.589200
10.1021_acs.chemmater.3c01952,10.1021_acs.chemmater.3c01952-p003-f01,10.1021_acs.chemmater.3c01952-p003-f01-s01,Exp. Pattern,COF-C2-80,experimental,17.223000,0.560300
10.1021_acs.chemmater.3c01952,10.1021_acs.chemmater.3c01952-p003-f01,10.1021_acs.chemmater.3c01952-p003-f01-s01,Exp. Pattern,COF-C2-80,experimental,17.243000,0.509400
10.1021_acs.chemmater.3c01952,10.1021_acs.chemmater.3c01952-p003-f01,10.1021_acs.chemmater.3c01952-p003-f01-s01,Exp. Pattern,COF-C2-80,experimental,17.263000,0.440700
10.1021_acs.chemmater.3c01952,10.1021_acs.chemmater.3c01952-p003-f01,10.1021_acs.chemmater.3c01952-p003-f01-s01,Exp. Pattern,COF-C2-80,experimental,17.283000,0.411400
10.1021_acs.chemmater.3c01952,10.1021_acs.chemmater.3c01952-p003-f01,10.1021_acs.chemmater.3c01952-p003-f01-s01,Exp. Pattern,COF-C2-80,experimental,17.303000,0.420400
10.1021_acs.chemmater.3c01952,10.1021_acs.chemmater.3c01952-p003-f01,10.1021_acs.chemmater.3c01952-p003-f01-s01,Exp. Pattern,COF-C2-80,experimental,17.323000,0.423800
10.1021_acs.chemmater.3c01952,10.1021_acs.chemmater.3c01952-p003-f01,10.1021_acs.chemmater.3c01952-p003-f01-s01,Exp. Pattern,COF-C2-80,experimental,17.343000,0.379200
10.1021_acs.chemmater.3c01952,10.1021_acs.chemmater.3c01952-p003-f01,10.1021_acs.chemmater.3c01952-p003-f01-s01,Exp. Pattern,COF-C2-80,experimental,17.363000,0.310200
10.1021_acs.chemmater.3c01952,10.1021_acs.chemmater.3c01952-p003-f01,10.1021_acs.chemmater.3c01952-p003-f01-s01,Exp. Pattern,COF-C2-80,experimental,17.383000,0.248200
10.1021_acs.chemmater.3c01952,10.1021_acs.chemmater.3c01952-p003-f01,10.1021_acs.chemmater.3c01952-p003-f01-s01,Exp. Pattern,COF-C2-80,experimental,17.403000,0.230700
10.1021_acs.chemmater.3c01952,10.1021_acs.chemmater.3c01952-p003-f01,10.1021_acs.chemmater.3c01952-p003-f01-s01,Exp. Pattern,COF-C2-80,experimental,17.423000,0.267900
10.1021_acs.chemmater.3c01952,10.1021_acs.chemmater.3c01952-p003-f01,10.1021_acs.chemmater.3c01952-p003-f01-s01,Exp. Pattern,COF-C2-80,experimental,17.443000,0.358000
10.1021_acs.chemmater.3c01952,10.1021_acs.chemmater.3c01952-p003-f01,10.1021_acs.chemmater.3c01952-p003-f01-s01,Exp. Pattern,COF-C2-80,experimental,17.463000,0.437600
10.1021_acs.chemmater.3c01952,10.1021_acs.chemmater.3c01952-p003-f01,10.1021_acs.chemmater.3c01952-p003-f01-s01,Exp. Pattern,COF-C2-80,experimental,17.483000,0.526200
10.1021_acs.chemmater.3c01952,10.1021_acs.chemmater.3c01952-p003-f01,10.1021_acs.chemmater.3c01952-p003-f01-s01,Exp. Pattern,COF-C2-80,experimental,17.503000,0.619900
10.1021_acs.chemmater.3c01952,10.1021_acs.chemmater.3c01952-p003-f01,10.1021_acs.chemmater.3c01952-p003-f01-s01,Exp. Pattern,COF-C2-80,experimental,17.523000,0.675700
10.1021_acs.chemmater.3c01952,10.1021_acs.chemmater.3c01952-p003-f01,10.1021_acs.chemmater.3c01952-p003-f01-s01,Exp. Pattern,COF-C2-80,experimental,17.543000,0.704700
10.1021_acs.chemmater.3c01952,10.1021_acs.chemmater.3c01952-p003-f01,10.1021_acs.chemmater.3c01952-p003-f01-s01,Exp. Pattern,COF-C2-80,experimental,17.563000,0.718400
10.1021_acs.chemmater.3c01952,10.1021_acs.chemmater.3c01952-p003-f01,10.1021_acs.chemmater.3c01952-p003-f01-s01,Exp. Pattern,COF-C2-80,experimental,17.583000,0.720500
10.1021_acs.chemmater.3c01952,10.1021_acs.chemmater.3c01952-p003-f01,10.1021_acs.chemmater.3c01952-p003-f01-s01,Exp. Pattern,COF-C2-80,experimental,17.603000,0.706000
10.1021_acs.chemmater.3c01952,10.1021_acs.chemmater.3c01952-p003-f01,10.1021_acs.chemmater.3c01952-p003-f01-s01,Exp. Pattern,COF-C2-80,experimental,17.623000,0.663700
10.1021_acs.chemmater.3c01952,10.1021_acs.chemmater.3c01952-p003-f01,10.1021_acs.chemmater.3c01952-p003-f01-s01,Exp. Pattern,COF-C2-80,experimental,17.643000,0.588900
10.1021_acs.chemmater.3c01952,10.1021_acs.chemmater.3c01952-p003-f01,10.1021_acs.chemmater.3c01952-p003-f01-s01,Exp. Pattern,COF-C2-80,experimental,17.663000,0.452400
10.1021_acs.chemmater.3c01952,10.1021_acs.chemmater.3c01952-p003-f01,10.1021_acs.chemmater.3c01952-p003-f01-s01,Exp. Pattern,COF-C2-80,experimental,17.683000,0.311200
10.1021_acs.chemmater.3c01952,10.1021_acs.chemmater.3c01952-p003-f01,10.1021_acs.chemmater.3c01952-p003-f01-s01,Exp. Pattern,COF-C2-80,experimental,17.703000,0.186000
10.1021_acs.chemmater.3c01952,10.1021_acs.chemmater.3c01952-p003-f01,10.1021_acs.chemmater.3c01952-p003-f01-s01,Exp. Pattern,COF-C2-80,experimental,17.723000,0.101200
10.1021_acs.chemmater.3c01952,10.1021_acs.chemmater.3c01952-p003-f01,10.1021_acs.chemmater.3c01952-p003-f01-s01,Exp. Pattern,COF-C2-80,experimental,17.743000,0.105100
10.1021_acs.chemmater.3c01952,10.1021_acs.chemmater.3c01952-p003-f01,10.1021_acs.chemmater.3c01952-p003-f01-s01,Exp. Pattern,COF-C2-80,experimental,17.763000,0.202700
10.1021_acs.chemmater.3c01952,10.1021_acs.chemmater.3c01952-p003-f01,10.1021_acs.chemmater.3c01952-p003-f01-s01,Exp. Pattern,COF-C2-80,experimental,17.783000,0.295400
10.1021_acs.chemmater.3c01952,10.1021_acs.chemmater.3c01952-p003-f01,10.1021_acs.chemmater.3c01952-p003-f01-s01,Exp. Pattern,COF-C2-80,experimental,17.803000,0.384300
10.1021_acs.chemmater.3c01952,10.1021_acs.chemmater.3c01952-p003-f01,10.1021_acs.chemmater.3c01952-p003-f01-s01,Exp. Pattern,COF-C2-80,experimental,17.823000,0.481000
10.1021_acs.chemmater.3c01952,10.1021_acs.chemmater.3c01952-p003-f01,10.1021_acs.chemmater.3c01952-p003-f01-s01,Exp. Pattern,COF-C2-80,experimental,17.843000,0.577400
10.1021_acs.chemmater.3c01952,10.1021_acs.chemmater.3c01952-p003-f01,10.1021_acs.chemmater.3c01952-p003-f01-s01,Exp. Pattern,COF-C2-80,experimental,17.863000,0.658300
10.1021_acs.chemmater.3c01952,10.1021_acs.chemmater.3c01952-p003-f01,10.1021_acs.chemmater.3c01952-p003-f01-s01,Exp. Pattern,COF-C2-80,experimental,17.883000,0.708800
10.1021_acs.chemmater.3c01952,10.1021_acs.chemmater.3c01952-p003-f01,10.1021_acs.chemmater.3c01952-p003-f01-s01,Exp. Pattern,COF-C2-80,experimental,17.903000,0.727900
10.1021_acs.chemmater.3c01952,10.1021_acs.chemmater.3c01952-p003-f01,10.1021_acs.chemmater.3c01952-p003-f01-s01,Exp. Pattern,COF-C2-80,experimental,17.923000,0.743100
10.1021_acs.chemmater.3c01952,10.1021_acs.chemmater.3c01952-p003-f01,10.1021_acs.chemmater.3c01952-p003-f01-s01,Exp. Pattern,COF-C2-80,experimental,17.943000,0.770100
10.1021_acs.chemmater.3c01952,10.1021_acs.chemmater.3c01952-p003-f01,10.1021_acs.chemmater.3c01952-p003-f01-s01,Exp. Pattern,COF-C2-80,experimental,17.963000,0.789100
10.1021_acs.chemmater.3c01952,10.1021_acs.chemmater.3c01952-p003-f01,10.1021_acs.chemmater.3c01952-p003-f01-s01,Exp. Pattern,COF-C2-80,experimental,17.983000,0.783400
10.1021_acs.chemmater.3c01952,10.1021_acs.chemmater.3c01952-p003-f01,10.1021_acs.chemmater.3c01952-p003-f01-s01,Exp. Pattern,COF-C2-80,experimental,18.003000,0.809800
10.1021_acs.chemmater.3c01952,10.1021_acs.chemmater.3c01952-p003-f01,10.1021_acs.chemmater.3c01952-p003-f01-s01,Exp. Pattern,COF-C2-80,experimental,18.023000,0.862900
10.1021_acs.chemmater.3c01952,10.1021_acs.chemmater.3c01952-p003-f01,10.1021_acs.chemmater.3c01952-p003-f01-s01,Exp. Pattern,COF-C2-80,experimental,18.043000,0.926200
10.1021_acs.chemmater.3c01952,10.1021_acs.chemmater.3c01952-p003-f01,10.1021_acs.chemmater.3c01952-p003-f01-s01,Exp. Pattern,COF-C2-80,experimental,18.063000,0.992200
10.1021_acs.chemmater.3c01952,10.1021_acs.chemmater.3c01952-p003-f01,10.1021_acs.chemmater.3c01952-p003-f01-s01,Exp. Pattern,COF-C2-80,experimental,18.083000,1.053600
10.1021_acs.chemmater.3c01952,10.1021_acs.chemmater.3c01952-p003-f01,10.1021_acs.chemmater.3c01952-p003-f01-s01,Exp. Pattern,COF-C2-80,experimental,18.103000,1.102900
10.1021_acs.chemmater.3c01952,10.1021_acs.chemmater.3c01952-p003-f01,10.1021_acs.chemmater.3c01952-p003-f01-s01,Exp. Pattern,COF-C2-80,experimental,18.123000,1.132800
10.1021_acs.chemmater.3c01952,10.1021_acs.chemmater.3c01952-p003-f01,10.1021_acs.chemmater.3c01952-p003-f01-s01,Exp. Pattern,COF-C2-80,experimental,18.143000,1.132200
10.1021_acs.chemmater.3c01952,10.1021_acs.chemmater.3c01952-p003-f01,10.1021_acs.chemmater.3c01952-p003-f01-s01,Exp. Pattern,COF-C2-80,experimental,18.163000,1.097100
10.1021_acs.chemmater.3c01952,10.1021_acs.chemmater.3c01952-p003-f01,10.1021_acs.chemmater.3c01952-p003-f01-s01,Exp. Pattern,COF-C2-80,experimental,18.183000,1.100200
10.1021_acs.chemmater.3c01952,10.1021_acs.chemmater.3c01952-p003-f01,10.1021_acs.chemmater.3c01952-p003-f01-s01,Exp. Pattern,COF-C2-80,experimental,18.203000,1.127600
10.1021_acs.chemmater.3c01952,10.1021_acs.chemmater.3c01952-p003-f01,10.1021_acs.chemmater.3c01952-p003-f01-s01,Exp. Pattern,COF-C2-80,experimental,18.223000,1.163200
10.1021_acs.chemmater.3c01952,10.1021_acs.chemmater.3c01952-p003-f01,10.1021_acs.chemmater.3c01952-p003-f01-s01,Exp. Pattern,COF-C2-80,experimental,18.243000,1.236900
10.1021_acs.chemmater.3c01952,10.1021_acs.chemmater.3c01952-p003-f01,10.1021_acs.chemmater.3c01952-p003-f01-s01,Exp. Pattern,COF-C2-80,experimental,18.263000,1.331700
10.1021_acs.chemmater.3c01952,10.1021_acs.chemmater.3c01952-p003-f01,10.1021_acs.chemmater.3c01952-p003-f01-s01,Exp. Pattern,COF-C2-80,experimental,18.283000,1.431400
10.1021_acs.chemmater.3c01952,10.1021_acs.chemmater.3c01952-p003-f01,10.1021_acs.chemmater.3c01952-p003-f01-s01,Exp. Pattern,COF-C2-80,experimental,18.303000,1.543100
10.1021_acs.chemmater.3c01952,10.1021_acs.chemmater.3c01952-p003-f01,10.1021_acs.chemmater.3c01952-p003-f01-s01,Exp. Pattern,COF-C2-80,experimental,18.323000,1.677400
10.1021_acs.chemmater.3c01952,10.1021_acs.chemmater.3c01952-p003-f01,10.1021_acs.chemmater.3c01952-p003-f01-s01,Exp. Pattern,COF-C2-80,experimental,18.343000,1.825800
10.1021_acs.chemmater.3c01952,10.1021_acs.chemmater.3c01952-p003-f01,10.1021_acs.chemmater.3c01952-p003-f01-s01,Exp. Pattern,COF-C2-80,experimental,18.363000,1.967900
10.1021_acs.chemmater.3c01952,10.1021_acs.chemmater.3c01952-p003-f01,10.1021_acs.chemmater.3c01952-p003-f01-s01,Exp. Pattern,COF-C2-80,experimental,18.383000,2.119100
10.1021_acs.chemmater.3c01952,10.1021_acs.chemmater.3c01952-p003-f01,10.1021_acs.chemmater.3c01952-p003-f01-s01,Exp. Pattern,COF-C2-80,experimental,18.403000,2.248600
10.1021_acs.chemmater.3c01952,10.1021_acs.chemmater.3c01952-p003-f01,10.1021_acs.chemmater.3c01952-p003-f01-s01,Exp. Pattern,COF-C2-80,experimental,18.423000,2.343300
10.1021_acs.chemmater.3c01952,10.1021_acs.chemmater.3c01952-p003-f01,10.1021_acs.chemmater.3c01952-p003-f01-s01,Exp. Pattern,COF-C2-80,experimental,18.443000,2.423100
10.1021_acs.chemmater.3c01952,10.1021_acs.chemmater.3c01952-p003-f01,10.1021_acs.chemmater.3c01952-p003-f01-s01,Exp. Pattern,COF-C2-80,experimental,18.463000,2.460300
10.1021_acs.chemmater.3c01952,10.1021_acs.chemmater.3c01952-p003-f01,10.1021_acs.chemmater.3c01952-p003-f01-s01,Exp. Pattern,COF-C2-80,experimental,18.483000,2.457300
10.1021_acs.chemmater.3c01952,10.1021_acs.chemmater.3c01952-p003-f01,10.1021_acs.chemmater.3c01952-p003-f01-s01,Exp. Pattern,COF-C2-80,experimental,18.503000,2.457500
10.1021_acs.chemmater.3c01952,10.1021_acs.chemmater.3c01952-p003-f01,10.1021_acs.chemmater.3c01952-p003-f01-s01,Exp. Pattern,COF-C2-80,experimental,18.523000,2.464000
10.1021_acs.chemmater.3c01952,10.1021_acs.chemmater.3c01952-p003-f01,10.1021_acs.chemmater.3c01952-p003-f01-s01,Exp. Pattern,COF-C2-80,experimental,18.543000,2.459100
10.1021_acs.chemmater.3c01952,10.1021_acs.chemmater.3c01952-p003-f01,10.1021_acs.chemmater.3c01952-p003-f01-s01,Exp. Pattern,COF-C2-80,experimental,18.563000,2.403300
10.1021_acs.chemmater.3c01952,10.1021_acs.chemmater.3c01952-p003-f01,10.1021_acs.chemmater.3c01952-p003-f01-s01,Exp. Pattern,COF-C2-80,experimental,18.583000,2.319600
10.1021_acs.chemmater.3c01952,10.1021_acs.chemmater.3c01952-p003-f01,10.1021_acs.chemmater.3c01952-p003-f01-s01,Exp. Pattern,COF-C2-80,experimental,18.603000,2.217000
10.1021_acs.chemmater.3c01952,10.1021_acs.chemmater.3c01952-p003-f01,10.1021_acs.chemmater.3c01952-p003-f01-s01,Exp. Pattern,COF-C2-80,experimental,18.623000,2.073200
10.1021_acs.chemmater.3c01952,10.1021_acs.chemmater.3c01952-p003-f01,10.1021_acs.chemmater.3c01952-p003-f01-s01,Exp. Pattern,COF-C2-80,experimental,18.643000,1.898500
10.1021_acs.chemmater.3c01952,10.1021_acs.chemmater.3c01952-p003-f01,10.1021_acs.chemmater.3c01952-p003-f01-s01,Exp. Pattern,COF-C2-80,experimental,18.663000,1.723600
10.1021_acs.chemmater.3c01952,10.1021_acs.chemmater.3c01952-p003-f01,10.1021_acs.chemmater.3c01952-p003-f01-s01,Exp. Pattern,COF-C2-80,experimental,18.683000,1.591200
10.1021_acs.chemmater.3c01952,10.1021_acs.chemmater.3c01952-p003-f01,10.1021_acs.chemmater.3c01952-p003-f01-s01,Exp. Pattern,COF-C2-80,experimental,18.703000,1.567300
10.1021_acs.chemmater.3c01952,10.1021_acs.chemmater.3c01952-p003-f01,10.1021_acs.chemmater.3c01952-p003-f01-s01,Exp. Pattern,COF-C2-80,experimental,18.723000,1.612500
10.1021_acs.chemmater.3c01952,10.1021_acs.chemmater.3c01952-p003-f01,10.1021_acs.chemmater.3c01952-p003-f01-s01,Exp. Pattern,COF-C2-80,experimental,18.743000,1.673800
10.1021_acs.chemmater.3c01952,10.1021_acs.chemmater.3c01952-p003-f01,10.1021_acs.chemmater.3c01952-p003-f01-s01,Exp. Pattern,COF-C2-80,experimental,18.763000,1.728900
10.1021_acs.chemmater.3c01952,10.1021_acs.chemmater.3c01952-p003-f01,10.1021_acs.chemmater.3c01952-p003-f01-s01,Exp. Pattern,COF-C2-80,experimental,18.783000,1.787600
10.1021_acs.chemmater.3c01952,10.1021_acs.chemmater.3c01952-p003-f01,10.1021_acs.chemmater.3c01952-p003-f01-s01,Exp. Pattern,COF-C2-80,experimental,18.803000,1.824700
10.1021_acs.chemmater.3c01952,10.1021_acs.chemmater.3c01952-p003-f01,10.1021_acs.chemmater.3c01952-p003-f01-s01,Exp. Pattern,COF-C2-80,experimental,18.823000,1.825100
10.1021_acs.chemmater.3c01952,10.1021_acs.chemmater.3c01952-p003-f01,10.1021_acs.chemmater.3c01952-p003-f01-s01,Exp. Pattern,COF-C2-80,experimental,18.843000,1.815600
10.1021_acs.chemmater.3c01952,10.1021_acs.chemmater.3c01952-p003-f01,10.1021_acs.chemmater.3c01952-p003-f01-s01,Exp. Pattern,COF-C2-80,experimental,18.863000,1.831400
10.1021_acs.chemmater.3c01952,10.1021_acs.chemmater.3c01952-p003-f01,10.1021_acs.chemmater.3c01952-p003-f01-s01,Exp. Pattern,COF-C2-80,experimental,18.883000,1.924200
10.1021_acs.chemmater.3c01952,10.1021_acs.chemmater.3c01952-p003-f01,10.1021_acs.chemmater.3c01952-p003-f01-s01,Exp. Pattern,COF-C2-80,experimental,18.903000,2.077000
10.1021_acs.chemmater.3c01952,10.1021_acs.chemmater.3c01952-p003-f01,10.1021_acs.chemmater.3c01952-p003-f01-s01,Exp. Pattern,COF-C2-80,experimental,18.923000,2.249800
10.1021_acs.chemmater.3c01952,10.1021_acs.chemmater.3c01952-p003-f01,10.1021_acs.chemmater.3c01952-p003-f01-s01,Exp. Pattern,COF-C2-80,experimental,18.943000,2.449900
10.1021_acs.chemmater.3c01952,10.1021_acs.chemmater.3c01952-p003-f01,10.1021_acs.chemmater.3c01952-p003-f01-s01,Exp. Pattern,COF-C2-80,experimental,18.963000,2.675000
10.1021_acs.chemmater.3c01952,10.1021_acs.chemmater.3c01952-p003-f01,10.1021_acs.chemmater.3c01952-p003-f01-s01,Exp. Pattern,COF-C2-80,experimental,18.983000,2.910700
10.1021_acs.chemmater.3c01952,10.1021_acs.chemmater.3c01952-p003-f01,10.1021_acs.chemmater.3c01952-p003-f01-s01,Exp. Pattern,COF-C2-80,experimental,19.003000,3.157300
10.1021_acs.chemmater.3c01952,10.1021_acs.chemmater.3c01952-p003-f01,10.1021_acs.chemmater.3c01952-p003-f01-s01,Exp. Pattern,COF-C2-80,experimental,19.023000,3.436700
10.1021_acs.chemmater.3c01952,10.1021_acs.chemmater.3c01952-p003-f01,10.1021_acs.chemmater.3c01952-p003-f01-s01,Exp. Pattern,COF-C2-80,experimental,19.043000,3.688700
10.1021_acs.chemmater.3c01952,10.1021_acs.chemmater.3c01952-p003-f01,10.1021_acs.chemmater.3c01952-p003-f01-s01,Exp. Pattern,COF-C2-80,experimental,19.063000,3.861900
10.1021_acs.chemmater.3c01952,10.1021_acs.chemmater.3c01952-p003-f01,10.1021_acs.chemmater.3c01952-p003-f01-s01,Exp. Pattern,COF-C2-80,experimental,19.083000,3.957900
10.1021_acs.chemmater.3c01952,10.1021_acs.chemmater.3c01952-p003-f01,10.1021_acs.chemmater.3c01952-p003-f01-s01,Exp. Pattern,COF-C2-80,experimental,19.103000,3.905700
10.1021_acs.chemmater.3c01952,10.1021_acs.chemmater.3c01952-p003-f01,10.1021_acs.chemmater.3c01952-p003-f01-s01,Exp. Pattern,COF-C2-80,experimental,19.123000,3.718600
10.1021_acs.chemmater.3c01952,10.1021_acs.chemmater.3c01952-p003-f01,10.1021_acs.chemmater.3c01952-p003-f01-s01,Exp. Pattern,COF-C2-80,experimental,19.143000,3.400900
10.1021_acs.chemmater.3c01952,10.1021_acs.chemmater.3c01952-p003-f01,10.1021_acs.chemmater.3c01952-p003-f01-s01,Exp. Pattern,COF-C2-80,experimental,19.163000,3.029400
10.1021_acs.chemmater.3c01952,10.1021_acs.chemmater.3c01952-p003-f01,10.1021_acs.chemmater.3c01952-p003-f01-s01,Exp. Pattern,COF-C2-80,experimental,19.183000,2.652600
10.1021_acs.chemmater.3c01952,10.1021_acs.chemmater.3c01952-p003-f01,10.1021_acs.chemmater.3c01952-p003-f01-s01,Exp. Pattern,COF-C2-80,experimental,19.203000,2.271500
10.1021_acs.chemmater.3c01952,10.1021_acs.chemmater.3c01952-p003-f01,10.1021_acs.chemmater.3c01952-p003-f01-s01,Exp. Pattern,COF-C2-80,experimental,19.223000,1.941900
10.1021_acs.chemmater.3c01952,10.1021_acs.chemmater.3c01952-p003-f01,10.1021_acs.chemmater.3c01952-p003-f01-s01,Exp. Pattern,COF-C2-80,experimental,19.243000,1.655400
10.1021_acs.chemmater.3c01952,10.1021_acs.chemmater.3c01952-p003-f01,10.1021_acs.chemmater.3c01952-p003-f01-s01,Exp. Pattern,COF-C2-80,experimental,19.263000,1.434300
10.1021_acs.chemmater.3c01952,10.1021_acs.chemmater.3c01952-p003-f01,10.1021_acs.chemmater.3c01952-p003-f01-s01,Exp. Pattern,COF-C2-80,experimental,19.283000,1.273700
10.1021_acs.chemmater.3c01952,10.1021_acs.chemmater.3c01952-p003-f01,10.1021_acs.chemmater.3c01952-p003-f01-s01,Exp. Pattern,COF-C2-80,experimental,19.303000,1.145800
10.1021_acs.chemmater.3c01952,10.1021_acs.chemmater.3c01952-p003-f01,10.1021_acs.chemmater.3c01952-p003-f01-s01,Exp. Pattern,COF-C2-80,experimental,19.323000,1.035900
10.1021_acs.chemmater.3c01952,10.1021_acs.chemmater.3c01952-p003-f01,10.1021_acs.chemmater.3c01952-p003-f01-s01,Exp. Pattern,COF-C2-80,experimental,19.343000,0.927400
10.1021_acs.chemmater.3c01952,10.1021_acs.chemmater.3c01952-p003-f01,10.1021_acs.chemmater.3c01952-p003-f01-s01,Exp. Pattern,COF-C2-80,experimental,19.363000,0.877300
10.1021_acs.chemmater.3c01952,10.1021_acs.chemmater.3c01952-p003-f01,10.1021_acs.chemmater.3c01952-p003-f01-s01,Exp. Pattern,COF-C2-80,experimental,19.383000,0.845100
10.1021_acs.chemmater.3c01952,10.1021_acs.chemmater.3c01952-p003-f01,10.1021_acs.chemmater.3c01952-p003-f01-s01,Exp. Pattern,COF-C2-80,experimental,19.403000,0.778200
10.1021_acs.chemmater.3c01952,10.1021_acs.chemmater.3c01952-p003-f01,10.1021_acs.chemmater.3c01952-p003-f01-s01,Exp. Pattern,COF-C2-80,experimental,19.423000,0.749500
10.1021_acs.chemmater.3c01952,10.1021_acs.chemmater.3c01952-p003-f01,10.1021_acs.chemmater.3c01952-p003-f01-s01,Exp. Pattern,COF-C2-80,experimental,19.443000,0.775700
10.1021_acs.chemmater.3c01952,10.1021_acs.chemmater.3c01952-p003-f01,10.1021_acs.chemmater.3c01952-p003-f01-s01,Exp. Pattern,COF-C2-80,experimental,19.463000,0.842300
10.1021_acs.chemmater.3c01952,10.1021_acs.chemmater.3c01952-p003-f01,10.1021_acs.chemmater.3c01952-p003-f01-s01,Exp. Pattern,COF-C2-80,experimental,19.483000,0.905700
10.1021_acs.chemmater.3c01952,10.1021_acs.chemmater.3c01952-p003-f01,10.1021_acs.chemmater.3c01952-p003-f01-s01,Exp. Pattern,COF-C2-80,experimental,19.503000,0.965600
10.1021_acs.chemmater.3c01952,10.1021_acs.chemmater.3c01952-p003-f01,10.1021_acs.chemmater.3c01952-p003-f01-s01,Exp. Pattern,COF-C2-80,experimental,19.523000,1.011300
10.1021_acs.chemmater.3c01952,10.1021_acs.chemmater.3c01952-p003-f01,10.1021_acs.chemmater.3c01952-p003-f01-s01,Exp. Pattern,COF-C2-80,experimental,19.543000,1.074200
10.1021_acs.chemmater.3c01952,10.1021_acs.chemmater.3c01952-p003-f01,10.1021_acs.chemmater.3c01952-p003-f01-s01,Exp. Pattern,COF-C2-80,experimental,19.563000,1.145900
10.1021_acs.chemmater.3c01952,10.1021_acs.chemmater.3c01952-p003-f01,10.1021_acs.chemmater.3c01952-p003-f01-s01,Exp. Pattern,COF-C2-80,experimental,19.583000,1.211500
10.1021_acs.chemmater.3c01952,10.1021_acs.chemmater.3c01952-p003-f01,10.1021_acs.chemmater.3c01952-p003-f01-s01,Exp. Pattern,COF-C2-80,experimental,19.603000,1.241700
10.1021_acs.chemmater.3c01952,10.1021_acs.chemmater.3c01952-p003-f01,10.1021_acs.chemmater.3c01952-p003-f01-s01,Exp. Pattern,COF-C2-80,experimental,19.623000,1.288800
10.1021_acs.chemmater.3c01952,10.1021_acs.chemmater.3c01952-p003-f01,10.1021_acs.chemmater.3c01952-p003-f01-s01,Exp. Pattern,COF-C2-80,experimental,19.643000,1.361300
10.1021_acs.chemmater.3c01952,10.1021_acs.chemmater.3c01952-p003-f01,10.1021_acs.chemmater.3c01952-p003-f01-s01,Exp. Pattern,COF-C2-80,experimental,19.663000,1.474100
10.1021_acs.chemmater.3c01952,10.1021_acs.chemmater.3c01952-p003-f01,10.1021_acs.chemmater.3c01952-p003-f01-s01,Exp. Pattern,COF-C2-80,experimental,19.683000,1.592700
10.1021_acs.chemmater.3c01952,10.1021_acs.chemmater.3c01952-p003-f01,10.1021_acs.chemmater.3c01952-p003-f01-s01,Exp. Pattern,COF-C2-80,experimental,19.703000,1.705800
10.1021_acs.chemmater.3c01952,10.1021_acs.chemmater.3c01952-p003-f01,10.1021_acs.chemmater.3c01952-p003-f01-s01,Exp. Pattern,COF-C2-80,experimental,19.723000,1.835700
10.1021_acs.chemmater.3c01952,10.1021_acs.chemmater.3c01952-p003-f01,10.1021_acs.chemmater.3c01952-p003-f01-s01,Exp. Pattern,COF-C2-80,experimental,19.743000,1.996400
10.1021_acs.chemmater.3c01952,10.1021_acs.chemmater.3c01952-p003-f01,10.1021_acs.chemmater.3c01952-p003-f01-s01,Exp. Pattern,COF-C2-80,experimental,19.763000,2.157600
10.1021_acs.chemmater.3c01952,10.1021_acs.chemmater.3c01952-p003-f01,10.1021_acs.chemmater.3c01952-p003-f01-s01,Exp. Pattern,COF-C2-80,experimental,19.783000,2.300100
10.1021_acs.chemmater.3c01952,10.1021_acs.chemmater.3c01952-p003-f01,10.1021_acs.chemmater.3c01952-p003-f01-s01,Exp. Pattern,COF-C2-80,experimental,19.803000,2.363100
10.1021_acs.chemmater.3c01952,10.1021_acs.chemmater.3c01952-p003-f01,10.1021_acs.chemmater.3c01952-p003-f01-s01,Exp. Pattern,COF-C2-80,experimental,19.823000,2.378200
10.1021_acs.chemmater.3c01952,10.1021_acs.chemmater.3c01952-p003-f01,10.1021_acs.chemmater.3c01952-p003-f01-s01,Exp. Pattern,COF-C2-80,experimental,19.843000,2.366300
10.1021_acs.chemmater.3c01952,10.1021_acs.chemmater.3c01952-p003-f01,10.1021_acs.chemmater.3c01952-p003-f01-s01,Exp. Pattern,COF-C2-80,experimental,19.863000,2.327100
10.1021_acs.chemmater.3c01952,10.1021_acs.chemmater.3c01952-p003-f01,10.1021_acs.chemmater.3c01952-p003-f01-s01,Exp. Pattern,COF-C2-80,experimental,19.883000,2.217300
10.1021_acs.chemmater.3c01952,10.1021_acs.chemmater.3c01952-p003-f01,10.1021_acs.chemmater.3c01952-p003-f01-s01,Exp. Pattern,COF-C2-80,experimental,19.903000,2.059500
10.1021_acs.chemmater.3c01952,10.1021_acs.chemmater.3c01952-p003-f01,10.1021_acs.chemmater.3c01952-p003-f01-s01,Exp. Pattern,COF-C2-80,experimental,19.923000,1.898000
10.1021_acs.chemmater.3c01952,10.1021_acs.chemmater.3c01952-p003-f01,10.1021_acs.chemmater.3c01952-p003-f01-s01,Exp. Pattern,COF-C2-80,experimental,19.943000,1.752400
10.1021_acs.chemmater.3c01952,10.1021_acs.chemmater.3c01952-p003-f01,10.1021_acs.chemmater.3c01952-p003-f01-s01,Exp. Pattern,COF-C2-80,experimental,19.963000,1.633600
10.1021_acs.chemmater.3c01952,10.1021_acs.chemmater.3c01952-p003-f01,10.1021_acs.chemmater.3c01952-p003-f01-s01,Exp. Pattern,COF-C2-80,experimental,19.983000,1.518900
10.1021_acs.chemmater.3c01952,10.1021_acs.chemmater.3c01952-p003-f01,10.1021_acs.chemmater.3c01952-p003-f01-s01,Exp. Pattern,COF-C2-80,experimental,20.003000,1.395500
10.1021_acs.chemmater.3c01952,10.1021_acs.chemmater.3c01952-p003-f01,10.1021_acs.chemmater.3c01952-p003-f01-s01,Exp. Pattern,COF-C2-80,experimental,20.023000,1.299200
10.1021_acs.chemmater.3c01952,10.1021_acs.chemmater.3c01952-p003-f01,10.1021_acs.chemmater.3c01952-p003-f01-s01,Exp. Pattern,COF-C2-80,experimental,20.043000,1.235900
10.1021_acs.chemmater.3c01952,10.1021_acs.chemmater.3c01952-p003-f01,10.1021_acs.chemmater.3c01952-p003-f01-s01,Exp. Pattern,COF-C2-80,experimental,20.063000,1.186700
10.1021_acs.chemmater.3c01952,10.1021_acs.chemmater.3c01952-p003-f01,10.1021_acs.chemmater.3c01952-p003-f01-s01,Exp. Pattern,COF-C2-80,experimental,20.083000,1.129700
10.1021_acs.chemmater.3c01952,10.1021_acs.chemmater.3c01952-p003-f01,10.1021_acs.chemmater.3c01952-p003-f01-s01,Exp. Pattern,COF-C2-80,experimental,20.103000,1.069900
10.1021_acs.chemmater.3c01952,10.1021_acs.chemmater.3c01952-p003-f01,10.1021_acs.chemmater.3c01952-p003-f01-s01,Exp. Pattern,COF-C2-80,experimental,20.123000,1.045400
10.1021_acs.chemmater.3c01952,10.1021_acs.chemmater.3c01952-p003-f01,10.1021_acs.chemmater.3c01952-p003-f01-s01,Exp. Pattern,COF-C2-80,experimental,20.143000,1.060700
10.1021_acs.chemmater.3c01952,10.1021_acs.chemmater.3c01952-p003-f01,10.1021_acs.chemmater.3c01952-p003-f01-s01,Exp. Pattern,COF-C2-80,experimental,20.163000,1.112300
10.1021_acs.chemmater.3c01952,10.1021_acs.chemmater.3c01952-p003-f01,10.1021_acs.chemmater.3c01952-p003-f01-s01,Exp. Pattern,COF-C2-80,experimental,20.183000,1.240500
10.1021_acs.chemmater.3c01952,10.1021_acs.chemmater.3c01952-p003-f01,10.1021_acs.chemmater.3c01952-p003-f01-s01,Exp. Pattern,COF-C2-80,experimental,20.203000,1.480100
10.1021_acs.chemmater.3c01952,10.1021_acs.chemmater.3c01952-p003-f01,10.1021_acs.chemmater.3c01952-p003-f01-s01,Exp. Pattern,COF-C2-80,experimental,20.223000,1.816600
10.1021_acs.chemmater.3c01952,10.1021_acs.chemmater.3c01952-p003-f01,10.1021_acs.chemmater.3c01952-p003-f01-s01,Exp. Pattern,COF-C2-80,experimental,20.243000,2.206100
10.1021_acs.chemmater.3c01952,10.1021_acs.chemmater.3c01952-p003-f01,10.1021_acs.chemmater.3c01952-p003-f01-s01,Exp. Pattern,COF-C2-80,experimental,20.263000,2.660900
10.1021_acs.chemmater.3c01952,10.1021_acs.chemmater.3c01952-p003-f01,10.1021_acs.chemmater.3c01952-p003-f01-s01,Exp. Pattern,COF-C2-80,experimental,20.283000,3.129200
10.1021_acs.chemmater.3c01952,10.1021_acs.chemmater.3c01952-p003-f01,10.1021_acs.chemmater.3c01952-p003-f01-s01,Exp. Pattern,COF-C2-80,experimental,20.303000,3.555800
10.1021_acs.chemmater.3c01952,10.1021_acs.chemmater.3c01952-p003-f01,10.1021_acs.chemmater.3c01952-p003-f01-s01,Exp. Pattern,COF-C2-80,experimental,20.323000,3.907200
10.1021_acs.chemmater.3c01952,10.1021_acs.chemmater.3c01952-p003-f01,10.1021_acs.chemmater.3c01952-p003-f01-s01,Exp. Pattern,COF-C2-80,experimental,20.343000,4.159800
10.1021_acs.chemmater.3c01952,10.1021_acs.chemmater.3c01952-p003-f01,10.1021_acs.chemmater.3c01952-p003-f01-s01,Exp. Pattern,COF-C2-80,experimental,20.363000,4.332000
10.1021_acs.chemmater.3c01952,10.1021_acs.chemmater.3c01952-p003-f01,10.1021_acs.chemmater.3c01952-p003-f01-s01,Exp. Pattern,COF-C2-80,experimental,20.383000,4.429000
10.1021_acs.chemmater.3c01952,10.1021_acs.chemmater.3c01952-p003-f01,10.1021_acs.chemmater.3c01952-p003-f01-s01,Exp. Pattern,COF-C2-80,experimental,20.403000,4.402100
10.1021_acs.chemmater.3c01952,10.1021_acs.chemmater.3c01952-p003-f01,10.1021_acs.chemmater.3c01952-p003-f01-s01,Exp. Pattern,COF-C2-80,experimental,20.423000,4.241900
10.1021_acs.chemmater.3c01952,10.1021_acs.chemmater.3c01952-p003-f01,10.1021_acs.chemmater.3c01952-p003-f01-s01,Exp. Pattern,COF-C2-80,experimental,20.443000,4.036100
10.1021_acs.chemmater.3c01952,10.1021_acs.chemmater.3c01952-p003-f01,10.1021_acs.chemmater.3c01952-p003-f01-s01,Exp. Pattern,COF-C2-80,experimental,20.463000,3.782200
10.1021_acs.chemmater.3c01952,10.1021_acs.chemmater.3c01952-p003-f01,10.1021_acs.chemmater.3c01952-p003-f01-s01,Exp. Pattern,COF-C2-80,experimental,20.483000,3.457700
10.1021_acs.chemmater.3c01952,10.1021_acs.chemmater.3c01952-p003-f01,10.1021_acs.chemmater.3c01952-p003-f01-s01,Exp. Pattern,COF-C2-80,experimental,20.503000,3.085900
10.1021_acs.chemmater.3c01952,10.1021_acs.chemmater.3c01952-p003-f01,10.1021_acs.chemmater.3c01952-p003-f01-s01,Exp. Pattern,COF-C2-80,experimental,20.523000,2.689400
10.1021_acs.chemmater.3c01952,10.1021_acs.chemmater.3c01952-p003-f01,10.1021_acs.chemmater.3c01952-p003-f01-s01,Exp. Pattern,COF-C2-80,experimental,20.543000,2.330100
10.1021_acs.chemmater.3c01952,10.1021_acs.chemmater.3c01952-p003-f01,10.1021_acs.chemmater.3c01952-p003-f01-s01,Exp. Pattern,COF-C2-80,experimental,20.563000,2.043200
10.1021_acs.chemmater.3c01952,10.1021_acs.chemmater.3c01952-p003-f01,10.1021_acs.chemmater.3c01952-p003-f01-s01,Exp. Pattern,COF-C2-80,experimental,20.583000,1.758600
10.1021_acs.chemmater.3c01952,10.1021_acs.chemmater.3c01952-p003-f01,10.1021_acs.chemmater.3c01952-p003-f01-s01,Exp. Pattern,COF-C2-80,experimental,20.603000,1.499000
10.1021_acs.chemmater.3c01952,10.1021_acs.chemmater.3c01952-p003-f01,10.1021_acs.chemmater.3c01952-p003-f01-s01,Exp. Pattern,COF-C2-80,experimental,20.623000,1.327900
10.1021_acs.chemmater.3c01952,10.1021_acs.chemmater.3c01952-p003-f01,10.1021_acs.chemmater.3c01952-p003-f01-s01,Exp. Pattern,COF-C2-80,experimental,20.643000,1.271000
10.1021_acs.chemmater.3c01952,10.1021_acs.chemmater.3c01952-p003-f01,10.1021_acs.chemmater.3c01952-p003-f01-s01,Exp. Pattern,COF-C2-80,experimental,20.663000,1.248200
10.1021_acs.chemmater.3c01952,10.1021_acs.chemmater.3c01952-p003-f01,10.1021_acs.chemmater.3c01952-p003-f01-s01,Exp. Pattern,COF-C2-80,experimental,20.683000,1.273800
10.1021_acs.chemmater.3c01952,10.1021_acs.chemmater.3c01952-p003-f01,10.1021_acs.chemmater.3c01952-p003-f01-s01,Exp. Pattern,COF-C2-80,experimental,20.703000,1.373600
10.1021_acs.chemmater.3c01952,10.1021_acs.chemmater.3c01952-p003-f01,10.1021_acs.chemmater.3c01952-p003-f01-s01,Exp. Pattern,COF-C2-80,experimental,20.723000,1.485300
10.1021_acs.chemmater.3c01952,10.1021_acs.chemmater.3c01952-p003-f01,10.1021_acs.chemmater.3c01952-p003-f01-s01,Exp. Pattern,COF-C2-80,experimental,20.743000,1.622100
10.1021_acs.chemmater.3c01952,10.1021_acs.chemmater.3c01952-p003-f01,10.1021_acs.chemmater.3c01952-p003-f01-s01,Exp. Pattern,COF-C2-80,experimental,20.763000,1.809900
10.1021_acs.chemmater.3c01952,10.1021_acs.chemmater.3c01952-p003-f01,10.1021_acs.chemmater.3c01952-p003-f01-s01,Exp. Pattern,COF-C2-80,experimental,20.783000,1.984100
10.1021_acs.chemmater.3c01952,10.1021_acs.chemmater.3c01952-p003-f01,10.1021_acs.chemmater.3c01952-p003-f01-s01,Exp. Pattern,COF-C2-80,experimental,20.803000,2.191600
10.1021_acs.chemmater.3c01952,10.1021_acs.chemmater.3c01952-p003-f01,10.1021_acs.chemmater.3c01952-p003-f01-s01,Exp. Pattern,COF-C2-80,experimental,20.823000,2.445100
10.1021_acs.chemmater.3c01952,10.1021_acs.chemmater.3c01952-p003-f01,10.1021_acs.chemmater.3c01952-p003-f01-s01,Exp. Pattern,COF-C2-80,experimental,20.843000,2.724700
10.1021_acs.chemmater.3c01952,10.1021_acs.chemmater.3c01952-p003-f01,10.1021_acs.chemmater.3c01952-p003-f01-s01,Exp. Pattern,COF-C2-80,experimental,20.863000,3.062500
10.1021_acs.chemmater.3c01952,10.1021_acs.chemmater.3c01952-p003-f01,10.1021_acs.chemmater.3c01952-p003-f01-s01,Exp. Pattern,COF-C2-80,experimental,20.883000,3.463800
10.1021_acs.chemmater.3c01952,10.1021_acs.chemmater.3c01952-p003-f01,10.1021_acs.chemmater.3c01952-p003-f01-s01,Exp. Pattern,COF-C2-80,experimental,20.903000,3.902400
10.1021_acs.chemmater.3c01952,10.1021_acs.chemmater.3c01952-p003-f01,10.1021_acs.chemmater.3c01952-p003-f01-s01,Exp. Pattern,COF-C2-80,experimental,20.923000,4.307700
10.1021_acs.chemmater.3c01952,10.1021_acs.chemmater.3c01952-p003-f01,10.1021_acs.chemmater.3c01952-p003-f01-s01,Exp. Pattern,COF-C2-80,experimental,20.943000,4.684400
10.1021_acs.chemmater.3c01952,10.1021_acs.chemmater.3c01952-p003-f01,10.1021_acs.chemmater.3c01952-p003-f01-s01,Exp. Pattern,COF-C2-80,experimental,20.963000,5.055300
10.1021_acs.chemmater.3c01952,10.1021_acs.chemmater.3c01952-p003-f01,10.1021_acs.chemmater.3c01952-p003-f01-s01,Exp. Pattern,COF-C2-80,experimental,20.983000,5.373800
10.1021_acs.chemmater.3c01952,10.1021_acs.chemmater.3c01952-p003-f01,10.1021_acs.chemmater.3c01952-p003-f01-s01,Exp. Pattern,COF-C2-80,experimental,21.003000,5.623000
10.1021_acs.chemmater.3c01952,10.1021_acs.chemmater.3c01952-p003-f01,10.1021_acs.chemmater.3c01952-p003-f01-s01,Exp. Pattern,COF-C2-80,experimental,21.023000,5.773600
10.1021_acs.chemmater.3c01952,10.1021_acs.chemmater.3c01952-p003-f01,10.1021_acs.chemmater.3c01952-p003-f01-s01,Exp. Pattern,COF-C2-80,experimental,21.043000,5.855500
10.1021_acs.chemmater.3c01952,10.1021_acs.chemmater.3c01952-p003-f01,10.1021_acs.chemmater.3c01952-p003-f01-s01,Exp. Pattern,COF-C2-80,experimental,21.063000,5.876200
10.1021_acs.chemmater.3c01952,10.1021_acs.chemmater.3c01952-p003-f01,10.1021_acs.chemmater.3c01952-p003-f01-s01,Exp. Pattern,COF-C2-80,experimental,21.083000,5.827700
10.1021_acs.chemmater.3c01952,10.1021_acs.chemmater.3c01952-p003-f01,10.1021_acs.chemmater.3c01952-p003-f01-s01,Exp. Pattern,COF-C2-80,experimental,21.103000,5.722200
10.1021_acs.chemmater.3c01952,10.1021_acs.chemmater.3c01952-p003-f01,10.1021_acs.chemmater.3c01952-p003-f01-s01,Exp. Pattern,COF-C2-80,experimental,21.123000,5.603000
10.1021_acs.chemmater.3c01952,10.1021_acs.chemmater.3c01952-p003-f01,10.1021_acs.chemmater.3c01952-p003-f01-s01,Exp. Pattern,COF-C2-80,experimental,21.143000,5.507000
10.1021_acs.chemmater.3c01952,10.1021_acs.chemmater.3c01952-p003-f01,10.1021_acs.chemmater.3c01952-p003-f01-s01,Exp. Pattern,COF-C2-80,experimental,21.163000,5.409600
10.1021_acs.chemmater.3c01952,10.1021_acs.chemmater.3c01952-p003-f01,10.1021_acs.chemmater.3c01952-p003-f01-s01,Exp. Pattern,COF-C2-80,experimental,21.183000,5.296600
10.1021_acs.chemmater.3c01952,10.1021_acs.chemmater.3c01952-p003-f01,10.1021_acs.chemmater.3c01952-p003-f01-s01,Exp. Pattern,COF-C2-80,experimental,21.203000,5.148200
10.1021_acs.chemmater.3c01952,10.1021_acs.chemmater.3c01952-p003-f01,10.1021_acs.chemmater.3c01952-p003-f01-s01,Exp. Pattern,COF-C2-80,experimental,21.223000,4.952900
10.1021_acs.chemmater.3c01952,10.1021_acs.chemmater.3c01952-p003-f01,10.1021_acs.chemmater.3c01952-p003-f01-s01,Exp. Pattern,COF-C2-80,experimental,21.243000,4.750900
10.1021_acs.chemmater.3c01952,10.1021_acs.chemmater.3c01952-p003-f01,10.1021_acs.chemmater.3c01952-p003-f01-s01,Exp. Pattern,COF-C2-80,experimental,21.263000,4.512200
10.1021_acs.chemmater.3c01952,10.1021_acs.chemmater.3c01952-p003-f01,10.1021_acs.chemmater.3c01952-p003-f01-s01,Exp. Pattern,COF-C2-80,experimental,21.283000,4.198500
10.1021_acs.chemmater.3c01952,10.1021_acs.chemmater.3c01952-p003-f01,10.1021_acs.chemmater.3c01952-p003-f01-s01,Exp. Pattern,COF-C2-80,experimental,21.303000,3.889200
10.1021_acs.chemmater.3c01952,10.1021_acs.chemmater.3c01952-p003-f01,10.1021_acs.chemmater.3c01952-p003-f01-s01,Exp. Pattern,COF-C2-80,experimental,21.323000,3.631300
10.1021_acs.chemmater.3c01952,10.1021_acs.chemmater.3c01952-p003-f01,10.1021_acs.chemmater.3c01952-p003-f01-s01,Exp. Pattern,COF-C2-80,experimental,21.343000,3.425700
10.1021_acs.chemmater.3c01952,10.1021_acs.chemmater.3c01952-p003-f01,10.1021_acs.chemmater.3c01952-p003-f01-s01,Exp. Pattern,COF-C2-80,experimental,21.363000,3.189200
10.1021_acs.chemmater.3c01952,10.1021_acs.chemmater.3c01952-p003-f01,10.1021_acs.chemmater.3c01952-p003-f01-s01,Exp. Pattern,COF-C2-80,experimental,21.383000,2.937900
10.1021_acs.chemmater.3c01952,10.1021_acs.chemmater.3c01952-p003-f01,10.1021_acs.chemmater.3c01952-p003-f01-s01,Exp. Pattern,COF-C2-80,experimental,21.403000,2.680200
10.1021_acs.chemmater.3c01952,10.1021_acs.chemmater.3c01952-p003-f01,10.1021_acs.chemmater.3c01952-p003-f01-s01,Exp. Pattern,COF-C2-80,experimental,21.423000,2.425500
10.1021_acs.chemmater.3c01952,10.1021_acs.chemmater.3c01952-p003-f01,10.1021_acs.chemmater.3c01952-p003-f01-s01,Exp. Pattern,COF-C2-80,experimental,21.443000,2.168400
10.1021_acs.chemmater.3c01952,10.1021_acs.chemmater.3c01952-p003-f01,10.1021_acs.chemmater.3c01952-p003-f01-s01,Exp. Pattern,COF-C2-80,experimental,21.463000,1.889500
10.1021_acs.chemmater.3c01952,10.1021_acs.chemmater.3c01952-p003-f01,10.1021_acs.chemmater.3c01952-p003-f01-s01,Exp. Pattern,COF-C2-80,experimental,21.483000,1.596700
10.1021_acs.chemmater.3c01952,10.1021_acs.chemmater.3c01952-p003-f01,10.1021_acs.chemmater.3c01952-p003-f01-s01,Exp. Pattern,COF-C2-80,experimental,21.503000,1.377100
10.1021_acs.chemmater.3c01952,10.1021_acs.chemmater.3c01952-p003-f01,10.1021_acs.chemmater.3c01952-p003-f01-s01,Exp. Pattern,COF-C2-80,experimental,21.523000,1.229900
10.1021_acs.chemmater.3c01952,10.1021_acs.chemmater.3c01952-p003-f01,10.1021_acs.chemmater.3c01952-p003-f01-s01,Exp. Pattern,COF-C2-80,experimental,21.543000,1.118300
10.1021_acs.chemmater.3c01952,10.1021_acs.chemmater.3c01952-p003-f01,10.1021_acs.chemmater.3c01952-p003-f01-s01,Exp. Pattern,COF-C2-80,experimental,21.563000,1.013500
10.1021_acs.chemmater.3c01952,10.1021_acs.chemmater.3c01952-p003-f01,10.1021_acs.chemmater.3c01952-p003-f01-s01,Exp. Pattern,COF-C2-80,experimental,21.583000,0.930000
10.1021_acs.chemmater.3c01952,10.1021_acs.chemmater.3c01952-p003-f01,10.1021_acs.chemmater.3c01952-p003-f01-s01,Exp. Pattern,COF-C2-80,experimental,21.603000,0.867700
10.1021_acs.chemmater.3c01952,10.1021_acs.chemmater.3c01952-p003-f01,10.1021_acs.chemmater.3c01952-p003-f01-s01,Exp. Pattern,COF-C2-80,experimental,21.623000,0.818500
10.1021_acs.chemmater.3c01952,10.1021_acs.chemmater.3c01952-p003-f01,10.1021_acs.chemmater.3c01952-p003-f01-s01,Exp. Pattern,COF-C2-80,experimental,21.643000,0.761000
10.1021_acs.chemmater.3c01952,10.1021_acs.chemmater.3c01952-p003-f01,10.1021_acs.chemmater.3c01952-p003-f01-s01,Exp. Pattern,COF-C2-80,experimental,21.663000,0.700000
10.1021_acs.chemmater.3c01952,10.1021_acs.chemmater.3c01952-p003-f01,10.1021_acs.chemmater.3c01952-p003-f01-s01,Exp. Pattern,COF-C2-80,experimental,21.683000,0.691500
10.1021_acs.chemmater.3c01952,10.1021_acs.chemmater.3c01952-p003-f01,10.1021_acs.chemmater.3c01952-p003-f01-s01,Exp. Pattern,COF-C2-80,experimental,21.703000,0.736900
10.1021_acs.chemmater.3c01952,10.1021_acs.chemmater.3c01952-p003-f01,10.1021_acs.chemmater.3c01952-p003-f01-s01,Exp. Pattern,COF-C2-80,experimental,21.723000,0.806200
10.1021_acs.chemmater.3c01952,10.1021_acs.chemmater.3c01952-p003-f01,10.1021_acs.chemmater.3c01952-p003-f01-s01,Exp. Pattern,COF-C2-80,experimental,21.743000,0.869700
10.1021_acs.chemmater.3c01952,10.1021_acs.chemmater.3c01952-p003-f01,10.1021_acs.chemmater.3c01952-p003-f01-s01,Exp. Pattern,COF-C2-80,experimental,21.763000,0.935000
10.1021_acs.chemmater.3c01952,10.1021_acs.chemmater.3c01952-p003-f01,10.1021_acs.chemmater.3c01952-p003-f01-s01,Exp. Pattern,COF-C2-80,experimental,21.783000,0.994600
10.1021_acs.chemmater.3c01952,10.1021_acs.chemmater.3c01952-p003-f01,10.1021_acs.chemmater.3c01952-p003-f01-s01,Exp. Pattern,COF-C2-80,experimental,21.803000,1.040900
10.1021_acs.chemmater.3c01952,10.1021_acs.chemmater.3c01952-p003-f01,10.1021_acs.chemmater.3c01952-p003-f01-s01,Exp. Pattern,COF-C2-80,experimental,21.823000,1.066400
10.1021_acs.chemmater.3c01952,10.1021_acs.chemmater.3c01952-p003-f01,10.1021_acs.chemmater.3c01952-p003-f01-s01,Exp. Pattern,COF-C2-80,experimental,21.843000,1.058000
10.1021_acs.chemmater.3c01952,10.1021_acs.chemmater.3c01952-p003-f01,10.1021_acs.chemmater.3c01952-p003-f01-s01,Exp. Pattern,COF-C2-80,experimental,21.863000,1.021600
10.1021_acs.chemmater.3c01952,10.1021_acs.chemmater.3c01952-p003-f01,10.1021_acs.chemmater.3c01952-p003-f01-s01,Exp. Pattern,COF-C2-80,experimental,21.883000,1.029500
10.1021_acs.chemmater.3c01952,10.1021_acs.chemmater.3c01952-p003-f01,10.1021_acs.chemmater.3c01952-p003-f01-s01,Exp. Pattern,COF-C2-80,experimental,21.903000,1.063500
10.1021_acs.chemmater.3c01952,10.1021_acs.chemmater.3c01952-p003-f01,10.1021_acs.chemmater.3c01952-p003-f01-s01,Exp. Pattern,COF-C2-80,experimental,21.923000,1.115500
10.1021_acs.chemmater.3c01952,10.1021_acs.chemmater.3c01952-p003-f01,10.1021_acs.chemmater.3c01952-p003-f01-s01,Exp. Pattern,COF-C2-80,experimental,21.943000,1.178000
10.1021_acs.chemmater.3c01952,10.1021_acs.chemmater.3c01952-p003-f01,10.1021_acs.chemmater.3c01952-p003-f01-s01,Exp. Pattern,COF-C2-80,experimental,21.963000,1.243400
10.1021_acs.chemmater.3c01952,10.1021_acs.chemmater.3c01952-p003-f01,10.1021_acs.chemmater.3c01952-p003-f01-s01,Exp. Pattern,COF-C2-80,experimental,21.983000,1.304300
10.1021_acs.chemmater.3c01952,10.1021_acs.chemmater.3c01952-p003-f01,10.1021_acs.chemmater.3c01952-p003-f01-s01,Exp. Pattern,COF-C2-80,experimental,22.003000,1.353000
10.1021_acs.chemmater.3c01952,10.1021_acs.chemmater.3c01952-p003-f01,10.1021_acs.chemmater.3c01952-p003-f01-s01,Exp. Pattern,COF-C2-80,experimental,22.023000,1.382000
10.1021_acs.chemmater.3c01952,10.1021_acs.chemmater.3c01952-p003-f01,10.1021_acs.chemmater.3c01952-p003-f01-s01,Exp. Pattern,COF-C2-80,experimental,22.043000,1.383900
10.1021_acs.chemmater.3c01952,10.1021_acs.chemmater.3c01952-p003-f01,10.1021_acs.chemmater.3c01952-p003-f01-s01,Exp. Pattern,COF-C2-80,experimental,22.063000,1.365400
10.1021_acs.chemmater.3c01952,10.1021_acs.chemmater.3c01952-p003-f01,10.1021_acs.chemmater.3c01952-p003-f01-s01,Exp. Pattern,COF-C2-80,experimental,22.083000,1.376200
10.1021_acs.chemmater.3c01952,10.1021_acs.chemmater.3c01952-p003-f01,10.1021_acs.chemmater.3c01952-p003-f01-s01,Exp. Pattern,COF-C2-80,experimental,22.103000,1.385400
10.1021_acs.chemmater.3c01952,10.1021_acs.chemmater.3c01952-p003-f01,10.1021_acs.chemmater.3c01952-p003-f01-s01,Exp. Pattern,COF-C2-80,experimental,22.123000,1.364700
10.1021_acs.chemmater.3c01952,10.1021_acs.chemmater.3c01952-p003-f01,10.1021_acs.chemmater.3c01952-p003-f01-s01,Exp. Pattern,COF-C2-80,experimental,22.143000,1.321500
10.1021_acs.chemmater.3c01952,10.1021_acs.chemmater.3c01952-p003-f01,10.1021_acs.chemmater.3c01952-p003-f01-s01,Exp. Pattern,COF-C2-80,experimental,22.163000,1.271200
10.1021_acs.chemmater.3c01952,10.1021_acs.chemmater.3c01952-p003-f01,10.1021_acs.chemmater.3c01952-p003-f01-s01,Exp. Pattern,COF-C2-80,experimental,22.183000,1.222600
10.1021_acs.chemmater.3c01952,10.1021_acs.chemmater.3c01952-p003-f01,10.1021_acs.chemmater.3c01952-p003-f01-s01,Exp. Pattern,COF-C2-80,experimental,22.203000,1.143900
10.1021_acs.chemmater.3c01952,10.1021_acs.chemmater.3c01952-p003-f01,10.1021_acs.chemmater.3c01952-p003-f01-s01,Exp. Pattern,COF-C2-80,experimental,22.223000,1.048400
10.1021_acs.chemmater.3c01952,10.1021_acs.chemmater.3c01952-p003-f01,10.1021_acs.chemmater.3c01952-p003-f01-s01,Exp. Pattern,COF-C2-80,experimental,22.243000,0.951300
10.1021_acs.chemmater.3c01952,10.1021_acs.chemmater.3c01952-p003-f01,10.1021_acs.chemmater.3c01952-p003-f01-s01,Exp. Pattern,COF-C2-80,experimental,22.263000,0.867600
10.1021_acs.chemmater.3c01952,10.1021_acs.chemmater.3c01952-p003-f01,10.1021_acs.chemmater.3c01952-p003-f01-s01,Exp. Pattern,COF-C2-80,experimental,22.283000,0.812500
10.1021_acs.chemmater.3c01952,10.1021_acs.chemmater.3c01952-p003-f01,10.1021_acs.chemmater.3c01952-p003-f01-s01,Exp. Pattern,COF-C2-80,experimental,22.303000,0.762000
10.1021_acs.chemmater.3c01952,10.1021_acs.chemmater.3c01952-p003-f01,10.1021_acs.chemmater.3c01952-p003-f01-s01,Exp. Pattern,COF-C2-80,experimental,22.323000,0.697500
10.1021_acs.chemmater.3c01952,10.1021_acs.chemmater.3c01952-p003-f01,10.1021_acs.chemmater.3c01952-p003-f01-s01,Exp. Pattern,COF-C2-80,experimental,22.343000,0.676000
10.1021_acs.chemmater.3c01952,10.1021_acs.chemmater.3c01952-p003-f01,10.1021_acs.chemmater.3c01952-p003-f01-s01,Exp. Pattern,COF-C2-80,experimental,22.363000,0.709600
10.1021_acs.chemmater.3c01952,10.1021_acs.chemmater.3c01952-p003-f01,10.1021_acs.chemmater.3c01952-p003-f01-s01,Exp. Pattern,COF-C2-80,experimental,22.383000,0.778800
10.1021_acs.chemmater.3c01952,10.1021_acs.chemmater.3c01952-p003-f01,10.1021_acs.chemmater.3c01952-p003-f01-s01,Exp. Pattern,COF-C2-80,experimental,22.403000,0.841500
10.1021_acs.chemmater.3c01952,10.1021_acs.chemmater.3c01952-p003-f01,10.1021_acs.chemmater.3c01952-p003-f01-s01,Exp. Pattern,COF-C2-80,experimental,22.423000,0.907700
10.1021_acs.chemmater.3c01952,10.1021_acs.chemmater.3c01952-p003-f01,10.1021_acs.chemmater.3c01952-p003-f01-s01,Exp. Pattern,COF-C2-80,experimental,22.443000,0.970500
10.1021_acs.chemmater.3c01952,10.1021_acs.chemmater.3c01952-p003-f01,10.1021_acs.chemmater.3c01952-p003-f01-s01,Exp. Pattern,COF-C2-80,experimental,22.463000,1.022200
10.1021_acs.chemmater.3c01952,10.1021_acs.chemmater.3c01952-p003-f01,10.1021_acs.chemmater.3c01952-p003-f01-s01,Exp. Pattern,COF-C2-80,experimental,22.483000,1.055500
10.1021_acs.chemmater.3c01952,10.1021_acs.chemmater.3c01952-p003-f01,10.1021_acs.chemmater.3c01952-p003-f01-s01,Exp. Pattern,COF-C2-80,experimental,22.503000,1.062800
10.1021_acs.chemmater.3c01952,10.1021_acs.chemmater.3c01952-p003-f01,10.1021_acs.chemmater.3c01952-p003-f01-s01,Exp. Pattern,COF-C2-80,experimental,22.523000,1.045600
10.1021_acs.chemmater.3c01952,10.1021_acs.chemmater.3c01952-p003-f01,10.1021_acs.chemmater.3c01952-p003-f01-s01,Exp. Pattern,COF-C2-80,experimental,22.543000,1.041100
10.1021_acs.chemmater.3c01952,10.1021_acs.chemmater.3c01952-p003-f01,10.1021_acs.chemmater.3c01952-p003-f01-s01,Exp. Pattern,COF-C2-80,experimental,22.563000,1.041400
10.1021_acs.chemmater.3c01952,10.1021_acs.chemmater.3c01952-p003-f01,10.1021_acs.chemmater.3c01952-p003-f01-s01,Exp. Pattern,COF-C2-80,experimental,22.583000,1.041800
10.1021_acs.chemmater.3c01952,10.1021_acs.chemmater.3c01952-p003-f01,10.1021_acs.chemmater.3c01952-p003-f01-s01,Exp. Pattern,COF-C2-80,experimental,22.603000,1.042100
10.1021_acs.chemmater.3c01952,10.1021_acs.chemmater.3c01952-p003-f01,10.1021_acs.chemmater.3c01952-p003-f01-s01,Exp. Pattern,COF-C2-80,experimental,22.623000,1.042500
10.1021_acs.chemmater.3c01952,10.1021_acs.chemmater.3c01952-p003-f01,10.1021_acs.chemmater.3c01952-p003-f01-s01,Exp. Pattern,COF-C2-80,experimental,22.643000,1.042900
10.1021_acs.chemmater.3c01952,10.1021_acs.chemmater.3c01952-p003-f01,10.1021_acs.chemmater.3c01952-p003-f01-s01,Exp. Pattern,COF-C2-80,experimental,22.663000,1.043300
10.1021_acs.chemmater.3c01952,10.1021_acs.chemmater.3c01952-p003-f01,10.1021_acs.chemmater.3c01952-p003-f01-s01,Exp. Pattern,COF-C2-80,experimental,22.683000,1.043600
10.1021_acs.chemmater.3c01952,10.1021_acs.chemmater.3c01952-p003-f01,10.1021_acs.chemmater.3c01952-p003-f01-s01,Exp. Pattern,COF-C2-80,experimental,22.703000,1.044100
10.1021_acs.chemmater.3c01952,10.1021_acs.chemmater.3c01952-p003-f01,10.1021_acs.chemmater.3c01952-p003-f01-s01,Exp. Pattern,COF-C2-80,experimental,22.723000,1.044500
10.1021_acs.chemmater.3c01952,10.1021_acs.chemmater.3c01952-p003-f01,10.1021_acs.chemmater.3c01952-p003-f01-s01,Exp. Pattern,COF-C2-80,experimental,22.743000,1.044900
10.1021_acs.chemmater.3c01952,10.1021_acs.chemmater.3c01952-p003-f01,10.1021_acs.chemmater.3c01952-p003-f01-s01,Exp. Pattern,COF-C2-80,experimental,22.763000,1.045400
10.1021_acs.chemmater.3c01952,10.1021_acs.chemmater.3c01952-p003-f01,10.1021_acs.chemmater.3c01952-p003-f01-s01,Exp. Pattern,COF-C2-80,experimental,22.783000,1.045800
10.1021_acs.chemmater.3c01952,10.1021_acs.chemmater.3c01952-p003-f01,10.1021_acs.chemmater.3c01952-p003-f01-s01,Exp. Pattern,COF-C2-80,experimental,22.803000,1.034200
10.1021_acs.chemmater.3c01952,10.1021_acs.chemmater.3c01952-p003-f01,10.1021_acs.chemmater.3c01952-p003-f01-s01,Exp. Pattern,COF-C2-80,experimental,22.823000,1.022300
10.1021_acs.chemmater.3c01952,10.1021_acs.chemmater.3c01952-p003-f01,10.1021_acs.chemmater.3c01952-p003-f01-s01,Exp. Pattern,COF-C2-80,experimental,22.843000,1.041300
10.1021_acs.chemmater.3c01952,10.1021_acs.chemmater.3c01952-p003-f01,10.1021_acs.chemmater.3c01952-p003-f01-s01,Exp. Pattern,COF-C2-80,experimental,22.863000,1.083700
10.1021_acs.chemmater.3c01952,10.1021_acs.chemmater.3c01952-p003-f01,10.1021_acs.chemmater.3c01952-p003-f01-s01,Exp. Pattern,COF-C2-80,experimental,22.883000,1.147600
10.1021_acs.chemmater.3c01952,10.1021_acs.chemmater.3c01952-p003-f01,10.1021_acs.chemmater.3c01952-p003-f01-s01,Exp. Pattern,COF-C2-80,experimental,22.903000,1.231500
10.1021_acs.chemmater.3c01952,10.1021_acs.chemmater.3c01952-p003-f01,10.1021_acs.chemmater.3c01952-p003-f01-s01,Exp. Pattern,COF-C2-80,experimental,22.923000,1.289300
10.1021_acs.chemmater.3c01952,10.1021_acs.chemmater.3c01952-p003-f01,10.1021_acs.chemmater.3c01952-p003-f01-s01,Exp. Pattern,COF-C2-80,experimental,22.943000,1.314100
10.1021_acs.chemmater.3c01952,10.1021_acs.chemmater.3c01952-p003-f01,10.1021_acs.chemmater.3c01952-p003-f01-s01,Exp. Pattern,COF-C2-80,experimental,22.963000,1.305900
10.1021_acs.chemmater.3c01952,10.1021_acs.chemmater.3c01952-p003-f01,10.1021_acs.chemmater.3c01952-p003-f01-s01,Exp. Pattern,COF-C2-80,experimental,22.983000,1.246200
10.1021_acs.chemmater.3c01952,10.1021_acs.chemmater.3c01952-p003-f01,10.1021_acs.chemmater.3c01952-p003-f01-s01,Exp. Pattern,COF-C2-80,experimental,23.003000,1.167400
10.1021_acs.chemmater.3c01952,10.1021_acs.chemmater.3c01952-p003-f01,10.1021_acs.chemmater.3c01952-p003-f01-s01,Exp. Pattern,COF-C2-80,experimental,23.023000,1.115200
10.1021_acs.chemmater.3c01952,10.1021_acs.chemmater.3c01952-p003-f01,10.1021_acs.chemmater.3c01952-p003-f01-s01,Exp. Pattern,COF-C2-80,experimental,23.043000,1.112300
10.1021_acs.chemmater.3c01952,10.1021_acs.chemmater.3c01952-p003-f01,10.1021_acs.chemmater.3c01952-p003-f01-s01,Exp. Pattern,COF-C2-80,experimental,23.063000,1.143100
10.1021_acs.chemmater.3c01952,10.1021_acs.chemmater.3c01952-p003-f01,10.1021_acs.chemmater.3c01952-p003-f01-s01,Exp. Pattern,COF-C2-80,experimental,23.083000,1.207700
10.1021_acs.chemmater.3c01952,10.1021_acs.chemmater.3c01952-p003-f01,10.1021_acs.chemmater.3c01952-p003-f01-s01,Exp. Pattern,COF-C2-80,experimental,23.103000,1.291800
10.1021_acs.chemmater.3c01952,10.1021_acs.chemmater.3c01952-p003-f01,10.1021_acs.chemmater.3c01952-p003-f01-s01,Exp. Pattern,COF-C2-80,experimental,23.123000,1.337200
10.1021_acs.chemmater.3c01952,10.1021_acs.chemmater.3c01952-p003-f01,10.1021_acs.chemmater.3c01952-p003-f01-s01,Exp. Pattern,COF-C2-80,experimental,23.143000,1.367600
10.1021_acs.chemmater.3c01952,10.1021_acs.chemmater.3c01952-p003-f01,10.1021_acs.chemmater.3c01952-p003-f01-s01,Exp. Pattern,COF-C2-80,experimental,23.163000,1.403900
10.1021_acs.chemmater.3c01952,10.1021_acs.chemmater.3c01952-p003-f01,10.1021_acs.chemmater.3c01952-p003-f01-s01,Exp. Pattern,COF-C2-80,experimental,23.183000,1.414800
10.1021_acs.chemmater.3c01952,10.1021_acs.chemmater.3c01952-p003-f01,10.1021_acs.chemmater.3c01952-p003-f01-s01,Exp. Pattern,COF-C2-80,experimental,23.203000,1.472100
10.1021_acs.chemmater.3c01952,10.1021_acs.chemmater.3c01952-p003-f01,10.1021_acs.chemmater.3c01952-p003-f01-s01,Exp. Pattern,COF-C2-80,experimental,23.223000,1.593700
10.1021_acs.chemmater.3c01952,10.1021_acs.chemmater.3c01952-p003-f01,10.1021_acs.chemmater.3c01952-p003-f01-s01,Exp. Pattern,COF-C2-80,experimental,23.243000,1.676500
10.1021_acs.chemmater.3c01952,10.1021_acs.chemmater.3c01952-p003-f01,10.1021_acs.chemmater.3c01952-p003-f01-s01,Exp. Pattern,COF-C2-80,experimental,23.263000,1.717100
10.1021_acs.chemmater.3c01952,10.1021_acs.chemmater.3c01952-p003-f01,10.1021_acs.chemmater.3c01952-p003-f01-s01,Exp. Pattern,COF-C2-80,experimental,23.283000,1.717100
10.1021_acs.chemmater.3c01952,10.1021_acs.chemmater.3c01952-p003-f01,10.1021_acs.chemmater.3c01952-p003-f01-s01,Exp. Pattern,COF-C2-80,experimental,23.303000,1.692100
10.1021_acs.chemmater.3c01952,10.1021_acs.chemmater.3c01952-p003-f01,10.1021_acs.chemmater.3c01952-p003-f01-s01,Exp. Pattern,COF-C2-80,experimental,23.323000,1.606800
10.1021_acs.chemmater.3c01952,10.1021_acs.chemmater.3c01952-p003-f01,10.1021_acs.chemmater.3c01952-p003-f01-s01,Exp. Pattern,COF-C2-80,experimental,23.343000,1.486500
10.1021_acs.chemmater.3c01952,10.1021_acs.chemmater.3c01952-p003-f01,10.1021_acs.chemmater.3c01952-p003-f01-s01,Exp. Pattern,COF-C2-80,experimental,23.363000,1.362200
10.1021_acs.chemmater.3c01952,10.1021_acs.chemmater.3c01952-p003-f01,10.1021_acs.chemmater.3c01952-p003-f01-s01,Exp. Pattern,COF-C2-80,experimental,23.383000,1.235800
10.1021_acs.chemmater.3c01952,10.1021_acs.chemmater.3c01952-p003-f01,10.1021_acs.chemmater.3c01952-p003-f01-s01,Exp. Pattern,COF-C2-80,experimental,23.403000,1.157200
10.1021_acs.chemmater.3c01952,10.1021_acs.chemmater.3c01952-p003-f01,10.1021_acs.chemmater.3c01952-p003-f01-s01,Exp. Pattern,COF-C2-80,experimental,23.423000,1.112900
10.1021_acs.chemmater.3c01952,10.1021_acs.chemmater.3c01952-p003-f01,10.1021_acs.chemmater.3c01952-p003-f01-s01,Exp. Pattern,COF-C2-80,experimental,23.443000,1.069000
10.1021_acs.chemmater.3c01952,10.1021_acs.chemmater.3c01952-p003-f01,10.1021_acs.chemmater.3c01952-p003-f01-s01,Exp. Pattern,COF-C2-80,experimental,23.463000,1.067200
10.1021_acs.chemmater.3c01952,10.1021_acs.chemmater.3c01952-p003-f01,10.1021_acs.chemmater.3c01952-p003-f01-s01,Exp. Pattern,COF-C2-80,experimental,23.483000,1.108800
10.1021_acs.chemmater.3c01952,10.1021_acs.chemmater.3c01952-p003-f01,10.1021_acs.chemmater.3c01952-p003-f01-s01,Exp. Pattern,COF-C2-80,experimental,23.503000,1.190000
10.1021_acs.chemmater.3c01952,10.1021_acs.chemmater.3c01952-p003-f01,10.1021_acs.chemmater.3c01952-p003-f01-s01,Exp. Pattern,COF-C2-80,experimental,23.523000,1.264000
10.1021_acs.chemmater.3c01952,10.1021_acs.chemmater.3c01952-p003-f01,10.1021_acs.chemmater.3c01952-p003-f01-s01,Exp. Pattern,COF-C2-80,experimental,23.543000,1.324900
10.1021_acs.chemmater.3c01952,10.1021_acs.chemmater.3c01952-p003-f01,10.1021_acs.chemmater.3c01952-p003-f01-s01,Exp. Pattern,COF-C2-80,experimental,23.563000,1.356600
10.1021_acs.chemmater.3c01952,10.1021_acs.chemmater.3c01952-p003-f01,10.1021_acs.chemmater.3c01952-p003-f01-s01,Exp. Pattern,COF-C2-80,experimental,23.583000,1.386500
10.1021_acs.chemmater.3c01952,10.1021_acs.chemmater.3c01952-p003-f01,10.1021_acs.chemmater.3c01952-p003-f01-s01,Exp. Pattern,COF-C2-80,experimental,23.603000,1.416900
10.1021_acs.chemmater.3c01952,10.1021_acs.chemmater.3c01952-p003-f01,10.1021_acs.chemmater.3c01952-p003-f01-s01,Exp. Pattern,COF-C2-80,experimental,23.623000,1.447000
10.1021_acs.chemmater.3c01952,10.1021_acs.chemmater.3c01952-p003-f01,10.1021_acs.chemmater.3c01952-p003-f01-s01,Exp. Pattern,COF-C2-80,experimental,23.643000,1.491700
10.1021_acs.chemmater.3c01952,10.1021_acs.chemmater.3c01952-p003-f01,10.1021_acs.chemmater.3c01952-p003-f01-s01,Exp. Pattern,COF-C2-80,experimental,23.663000,1.548700
10.1021_acs.chemmater.3c01952,10.1021_acs.chemmater.3c01952-p003-f01,10.1021_acs.chemmater.3c01952-p003-f01-s01,Exp. Pattern,COF-C2-80,experimental,23.683000,1.633400
10.1021_acs.chemmater.3c01952,10.1021_acs.chemmater.3c01952-p003-f01,10.1021_acs.chemmater.3c01952-p003-f01-s01,Exp. Pattern,COF-C2-80,experimental,23.703000,1.730700
10.1021_acs.chemmater.3c01952,10.1021_acs.chemmater.3c01952-p003-f01,10.1021_acs.chemmater.3c01952-p003-f01-s01,Exp. Pattern,COF-C2-80,experimental,23.723000,1.825500
10.1021_acs.chemmater.3c01952,10.1021_acs.chemmater.3c01952-p003-f01,10.1021_acs.chemmater.3c01952-p003-f01-s01,Exp. Pattern,COF-C2-80,experimental,23.743000,1.902900
10.1021_acs.chemmater.3c01952,10.1021_acs.chemmater.3c01952-p003-f01,10.1021_acs.chemmater.3c01952-p003-f01-s01,Exp. Pattern,COF-C2-80,experimental,23.763000,1.951300
10.1021_acs.chemmater.3c01952,10.1021_acs.chemmater.3c01952-p003-f01,10.1021_acs.chemmater.3c01952-p003-f01-s01,Exp. Pattern,COF-C2-80,experimental,23.783000,2.002200
10.1021_acs.chemmater.3c01952,10.1021_acs.chemmater.3c01952-p003-f01,10.1021_acs.chemmater.3c01952-p003-f01-s01,Exp. Pattern,COF-C2-80,experimental,23.803000,2.045000
10.1021_acs.chemmater.3c01952,10.1021_acs.chemmater.3c01952-p003-f01,10.1021_acs.chemmater.3c01952-p003-f01-s01,Exp. Pattern,COF-C2-80,experimental,23.823000,2.065100
10.1021_acs.chemmater.3c01952,10.1021_acs.chemmater.3c01952-p003-f01,10.1021_acs.chemmater.3c01952-p003-f01-s01,Exp. Pattern,COF-C2-80,experimental,23.843000,2.055200
10.1021_acs.chemmater.3c01952,10.1021_acs.chemmater.3c01952-p003-f01,10.1021_acs.chemmater.3c01952-p003-f01-s01,Exp. Pattern,COF-C2-80,experimental,23.863000,2.042900
10.1021_acs.chemmater.3c01952,10.1021_acs.chemmater.3c01952-p003-f01,10.1021_acs.chemmater.3c01952-p003-f01-s01,Exp. Pattern,COF-C2-80,experimental,23.883000,2.043900
10.1021_acs.chemmater.3c01952,10.1021_acs.chemmater.3c01952-p003-f01,10.1021_acs.chemmater.3c01952-p003-f01-s01,Exp. Pattern,COF-C2-80,experimental,23.903000,2.045100
10.1021_acs.chemmater.3c01952,10.1021_acs.chemmater.3c01952-p003-f01,10.1021_acs.chemmater.3c01952-p003-f01-s01,Exp. Pattern,COF-C2-80,experimental,23.923000,2.052100
10.1021_acs.chemmater.3c01952,10.1021_acs.chemmater.3c01952-p003-f01,10.1021_acs.chemmater.3c01952-p003-f01-s01,Exp. Pattern,COF-C2-80,experimental,23.943000,2.071000
10.1021_acs.chemmater.3c01952,10.1021_acs.chemmater.3c01952-p003-f01,10.1021_acs.chemmater.3c01952-p003-f01-s01,Exp. Pattern,COF-C2-80,experimental,23.963000,2.079800
10.1021_acs.chemmater.3c01952,10.1021_acs.chemmater.3c01952-p003-f01,10.1021_acs.chemmater.3c01952-p003-f01-s01,Exp. Pattern,COF-C2-80,experimental,23.983000,2.054200
10.1021_acs.chemmater.3c01952,10.1021_acs.chemmater.3c01952-p003-f01,10.1021_acs.chemmater.3c01952-p003-f01-s01,Exp. Pattern,COF-C2-80,experimental,24.003000,1.981100
10.1021_acs.chemmater.3c01952,10.1021_acs.chemmater.3c01952-p003-f01,10.1021_acs.chemmater.3c01952-p003-f01-s01,Exp. Pattern,COF-C2-80,experimental,24.023000,1.875500
10.1021_acs.chemmater.3c01952,10.1021_acs.chemmater.3c01952-p003-f01,10.1021_acs.chemmater.3c01952-p003-f01-s01,Exp. Pattern,COF-C2-80,experimental,24.043000,1.752600
10.1021_acs.chemmater.3c01952,10.1021_acs.chemmater.3c01952-p003-f01,10.1021_acs.chemmater.3c01952-p003-f01-s01,Exp. Pattern,COF-C2-80,experimental,24.063000,1.627300
10.1021_acs.chemmater.3c01952,10.1021_acs.chemmater.3c01952-p003-f01,10.1021_acs.chemmater.3c01952-p003-f01-s01,Exp. Pattern,COF-C2-80,experimental,24.083000,1.514900
10.1021_acs.chemmater.3c01952,10.1021_acs.chemmater.3c01952-p003-f01,10.1021_acs.chemmater.3c01952-p003-f01-s01,Exp. Pattern,COF-C2-80,experimental,24.103000,1.430300
10.1021_acs.chemmater.3c01952,10.1021_acs.chemmater.3c01952-p003-f01,10.1021_acs.chemmater.3c01952-p003-f01-s01,Exp. Pattern,COF-C2-80,experimental,24.123000,1.388600
10.1021_acs.chemmater.3c01952,10.1021_acs.chemmater.3c01952-p003-f01,10.1021_acs.chemmater.3c01952-p003-f01-s01,Exp. Pattern,COF-C2-80,experimental,24.143000,1.390800
10.1021_acs.chemmater.3c01952,10.1021_acs.chemmater.3c01952-p003-f01,10.1021_acs.chemmater.3c01952-p003-f01-s01,Exp. Pattern,COF-C2-80,experimental,24.163000,1.408600
10.1021_acs.chemmater.3c01952,10.1021_acs.chemmater.3c01952-p003-f01,10.1021_acs.chemmater.3c01952-p003-f01-s01,Exp. Pattern,COF-C2-80,experimental,24.183000,1.421400
10.1021_acs.chemmater.3c01952,10.1021_acs.chemmater.3c01952-p003-f01,10.1021_acs.chemmater.3c01952-p003-f01-s01,Exp. Pattern,COF-C2-80,experimental,24.203000,1.423200
10.1021_acs.chemmater.3c01952,10.1021_acs.chemmater.3c01952-p003-f01,10.1021_acs.chemmater.3c01952-p003-f01-s01,Exp. Pattern,COF-C2-80,experimental,24.223000,1.425000
10.1021_acs.chemmater.3c01952,10.1021_acs.chemmater.3c01952-p003-f01,10.1021_acs.chemmater.3c01952-p003-f01-s01,Exp. Pattern,COF-C2-80,experimental,24.243000,1.411500
10.1021_acs.chemmater.3c01952,10.1021_acs.chemmater.3c01952-p003-f01,10.1021_acs.chemmater.3c01952-p003-f01-s01,Exp. Pattern,COF-C2-80,experimental,24.263000,1.379500
10.1021_acs.chemmater.3c01952,10.1021_acs.chemmater.3c01952-p003-f01,10.1021_acs.chemmater.3c01952-p003-f01-s01,Exp. Pattern,COF-C2-80,experimental,24.283000,1.408200
10.1021_acs.chemmater.3c01952,10.1021_acs.chemmater.3c01952-p003-f01,10.1021_acs.chemmater.3c01952-p003-f01-s01,Exp. Pattern,COF-C2-80,experimental,24.303000,1.475900
10.1021_acs.chemmater.3c01952,10.1021_acs.chemmater.3c01952-p003-f01,10.1021_acs.chemmater.3c01952-p003-f01-s01,Exp. Pattern,COF-C2-80,experimental,24.323000,1.570900
10.1021_acs.chemmater.3c01952,10.1021_acs.chemmater.3c01952-p003-f01,10.1021_acs.chemmater.3c01952-p003-f01-s01,Exp. Pattern,COF-C2-80,experimental,24.343000,1.698800
10.1021_acs.chemmater.3c01952,10.1021_acs.chemmater.3c01952-p003-f01,10.1021_acs.chemmater.3c01952-p003-f01-s01,Exp. Pattern,COF-C2-80,experimental,24.363000,1.872000
10.1021_acs.chemmater.3c01952,10.1021_acs.chemmater.3c01952-p003-f01,10.1021_acs.chemmater.3c01952-p003-f01-s01,Exp. Pattern,COF-C2-80,experimental,24.383000,2.077800
10.1021_acs.chemmater.3c01952,10.1021_acs.chemmater.3c01952-p003-f01,10.1021_acs.chemmater.3c01952-p003-f01-s01,Exp. Pattern,COF-C2-80,experimental,24.403000,2.286100
10.1021_acs.chemmater.3c01952,10.1021_acs.chemmater.3c01952-p003-f01,10.1021_acs.chemmater.3c01952-p003-f01-s01,Exp. Pattern,COF-C2-80,experimental,24.423000,2.466800
10.1021_acs.chemmater.3c01952,10.1021_acs.chemmater.3c01952-p003-f01,10.1021_acs.chemmater.3c01952-p003-f01-s01,Exp. Pattern,COF-C2-80,experimental,24.443000,2.589600
10.1021_acs.chemmater.3c01952,10.1021_acs.chemmater.3c01952-p003-f01,10.1021_acs.chemmater.3c01952-p003-f01-s01,Exp. Pattern,COF-C2-80,experimental,24.463000,2.663400
10.1021_acs.chemmater.3c01952,10.1021_acs.chemmater.3c01952-p003-f01,10.1021_acs.chemmater.3c01952-p003-f01-s01,Exp. Pattern,COF-C2-80,experimental,24.483000,2.757600
10.1021_acs.chemmater.3c01952,10.1021_acs.chemmater.3c01952-p003-f01,10.1021_acs.chemmater.3c01952-p003-f01-s01,Exp. Pattern,COF-C2-80,experimental,24.503000,2.805300
10.1021_acs.chemmater.3c01952,10.1021_acs.chemmater.3c01952-p003-f01,10.1021_acs.chemmater.3c01952-p003-f01-s01,Exp. Pattern,COF-C2-80,experimental,24.523000,2.795900
10.1021_acs.chemmater.3c01952,10.1021_acs.chemmater.3c01952-p003-f01,10.1021_acs.chemmater.3c01952-p003-f01-s01,Exp. Pattern,COF-C2-80,experimental,24.543000,2.722600
10.1021_acs.chemmater.3c01952,10.1021_acs.chemmater.3c01952-p003-f01,10.1021_acs.chemmater.3c01952-p003-f01-s01,Exp. Pattern,COF-C2-80,experimental,24.563000,2.640000
10.1021_acs.chemmater.3c01952,10.1021_acs.chemmater.3c01952-p003-f01,10.1021_acs.chemmater.3c01952-p003-f01-s01,Exp. Pattern,COF-C2-80,experimental,24.583000,2.550600
10.1021_acs.chemmater.3c01952,10.1021_acs.chemmater.3c01952-p003-f01,10.1021_acs.chemmater.3c01952-p003-f01-s01,Exp. Pattern,COF-C2-80,experimental,24.603000,2.390100
10.1021_acs.chemmater.3c01952,10.1021_acs.chemmater.3c01952-p003-f01,10.1021_acs.chemmater.3c01952-p003-f01-s01,Exp. Pattern,COF-C2-80,experimental,24.623000,2.188600
10.1021_acs.chemmater.3c01952,10.1021_acs.chemmater.3c01952-p003-f01,10.1021_acs.chemmater.3c01952-p003-f01-s01,Exp. Pattern,COF-C2-80,experimental,24.643000,1.976200
10.1021_acs.chemmater.3c01952,10.1021_acs.chemmater.3c01952-p003-f01,10.1021_acs.chemmater.3c01952-p003-f01-s01,Exp. Pattern,COF-C2-80,experimental,24.663000,1.783300
10.1021_acs.chemmater.3c01952,10.1021_acs.chemmater.3c01952-p003-f01,10.1021_acs.chemmater.3c01952-p003-f01-s01,Exp. Pattern,COF-C2-80,experimental,24.683000,1.639900
10.1021_acs.chemmater.3c01952,10.1021_acs.chemmater.3c01952-p003-f01,10.1021_acs.chemmater.3c01952-p003-f01-s01,Exp. Pattern,COF-C2-80,experimental,24.703000,1.535700
10.1021_acs.chemmater.3c01952,10.1021_acs.chemmater.3c01952-p003-f01,10.1021_acs.chemmater.3c01952-p003-f01-s01,Exp. Pattern,COF-C2-80,experimental,24.723000,1.464900
10.1021_acs.chemmater.3c01952,10.1021_acs.chemmater.3c01952-p003-f01,10.1021_acs.chemmater.3c01952-p003-f01-s01,Exp. Pattern,COF-C2-80,experimental,24.743000,1.419300
10.1021_acs.chemmater.3c01952,10.1021_acs.chemmater.3c01952-p003-f01,10.1021_acs.chemmater.3c01952-p003-f01-s01,Exp. Pattern,COF-C2-80,experimental,24.763000,1.431100
10.1021_acs.chemmater.3c01952,10.1021_acs.chemmater.3c01952-p003-f01,10.1021_acs.chemmater.3c01952-p003-f01-s01,Exp. Pattern,COF-C2-80,experimental,24.783000,1.467000
10.1021_acs.chemmater.3c01952,10.1021_acs.chemmater.3c01952-p003-f01,10.1021_acs.chemmater.3c01952-p003-f01-s01,Exp. Pattern,COF-C2-80,experimental,24.803000,1.468100
10.1021_acs.chemmater.3c01952,10.1021_acs.chemmater.3c01952-p003-f01,10.1021_acs.chemmater.3c01952-p003-f01-s01,Exp. Pattern,COF-C2-80,experimental,24.823000,1.469200
10.1021_acs.chemmater.3c01952,10.1021_acs.chemmater.3c01952-p003-f01,10.1021_acs.chemmater.3c01952-p003-f01-s01,Exp. Pattern,COF-C2-80,experimental,24.843000,1.471800
10.1021_acs.chemmater.3c01952,10.1021_acs.chemmater.3c01952-p003-f01,10.1021_acs.chemmater.3c01952-p003-f01-s01,Exp. Pattern,COF-C2-80,experimental,24.863000,1.491600
10.1021_acs.chemmater.3c01952,10.1021_acs.chemmater.3c01952-p003-f01,10.1021_acs.chemmater.3c01952-p003-f01-s01,Exp. Pattern,COF-C2-80,experimental,24.883000,1.493300
10.1021_acs.chemmater.3c01952,10.1021_acs.chemmater.3c01952-p003-f01,10.1021_acs.chemmater.3c01952-p003-f01-s01,Exp. Pattern,COF-C2-80,experimental,24.903000,1.466900
10.1021_acs.chemmater.3c01952,10.1021_acs.chemmater.3c01952-p003-f01,10.1021_acs.chemmater.3c01952-p003-f01-s01,Exp. Pattern,COF-C2-80,experimental,24.923000,1.419900
10.1021_acs.chemmater.3c01952,10.1021_acs.chemmater.3c01952-p003-f01,10.1021_acs.chemmater.3c01952-p003-f01-s01,Exp. Pattern,COF-C2-80,experimental,24.943000,1.359900
10.1021_acs.chemmater.3c01952,10.1021_acs.chemmater.3c01952-p003-f01,10.1021_acs.chemmater.3c01952-p003-f01-s01,Exp. Pattern,COF-C2-80,experimental,24.963000,1.294700
10.1021_acs.chemmater.3c01952,10.1021_acs.chemmater.3c01952-p003-f01,10.1021_acs.chemmater.3c01952-p003-f01-s01,Exp. Pattern,COF-C2-80,experimental,24.983000,1.231700
10.1021_acs.chemmater.3c01952,10.1021_acs.chemmater.3c01952-p003-f01,10.1021_acs.chemmater.3c01952-p003-f01-s01,Exp. Pattern,COF-C2-80,experimental,25.003000,1.178700
10.1021_acs.chemmater.3c01952,10.1021_acs.chemmater.3c01952-p003-f01,10.1021_acs.chemmater.3c01952-p003-f01-s01,Exp. Pattern,COF-C2-80,experimental,25.023000,1.135400
10.1021_acs.chemmater.3c01952,10.1021_acs.chemmater.3c01952-p003-f01,10.1021_acs.chemmater.3c01952-p003-f01-s01,Exp. Pattern,COF-C2-80,experimental,25.043000,1.108000
10.1021_acs.chemmater.3c01952,10.1021_acs.chemmater.3c01952-p003-f01,10.1021_acs.chemmater.3c01952-p003-f01-s01,Exp. Pattern,COF-C2-80,experimental,25.063000,1.140200
10.1021_acs.chemmater.3c01952,10.1021_acs.chemmater.3c01952-p003-f01,10.1021_acs.chemmater.3c01952-p003-f01-s01,Exp. Pattern,COF-C2-80,experimental,25.083000,1.186900
10.1021_acs.chemmater.3c01952,10.1021_acs.chemmater.3c01952-p003-f01,10.1021_acs.chemmater.3c01952-p003-f01-s01,Exp. Pattern,COF-C2-80,experimental,25.103000,1.243800
10.1021_acs.chemmater.3c01952,10.1021_acs.chemmater.3c01952-p003-f01,10.1021_acs.chemmater.3c01952-p003-f01-s01,Exp. Pattern,COF-C2-80,experimental,25.123000,1.310400
10.1021_acs.chemmater.3c01952,10.1021_acs.chemmater.3c01952-p003-f01,10.1021_acs.chemmater.3c01952-p003-f01-s01,Exp. Pattern,COF-C2-80,experimental,25.143000,1.379000
10.1021_acs.chemmater.3c01952,10.1021_acs.chemmater.3c01952-p003-f01,10.1021_acs.chemmater.3c01952-p003-f01-s01,Exp. Pattern,COF-C2-80,experimental,25.163000,1.442200
10.1021_acs.chemmater.3c01952,10.1021_acs.chemmater.3c01952-p003-f01,10.1021_acs.chemmater.3c01952-p003-f01-s01,Exp. Pattern,COF-C2-80,experimental,25.183000,1.492300
10.1021_acs.chemmater.3c01952,10.1021_acs.chemmater.3c01952-p003-f01,10.1021_acs.chemmater.3c01952-p003-f01-s01,Exp. Pattern,COF-C2-80,experimental,25.203000,1.521600
10.1021_acs.chemmater.3c01952,10.1021_acs.chemmater.3c01952-p003-f01,10.1021_acs.chemmater.3c01952-p003-f01-s01,Exp. Pattern,COF-C2-80,experimental,25.223000,1.522500
10.1021_acs.chemmater.3c01952,10.1021_acs.chemmater.3c01952-p003-f01,10.1021_acs.chemmater.3c01952-p003-f01-s01,Exp. Pattern,COF-C2-80,experimental,25.243000,1.506700
10.1021_acs.chemmater.3c01952,10.1021_acs.chemmater.3c01952-p003-f01,10.1021_acs.chemmater.3c01952-p003-f01-s01,Exp. Pattern,COF-C2-80,experimental,25.263000,1.509000
10.1021_acs.chemmater.3c01952,10.1021_acs.chemmater.3c01952-p003-f01,10.1021_acs.chemmater.3c01952-p003-f01-s01,Exp. Pattern,COF-C2-80,experimental,25.283000,1.511900
10.1021_acs.chemmater.3c01952,10.1021_acs.chemmater.3c01952-p003-f01,10.1021_acs.chemmater.3c01952-p003-f01-s01,Exp. Pattern,COF-C2-80,experimental,25.303000,1.514900
10.1021_acs.chemmater.3c01952,10.1021_acs.chemmater.3c01952-p003-f01,10.1021_acs.chemmater.3c01952-p003-f01-s01,Exp. Pattern,COF-C2-80,experimental,25.323000,1.517900
10.1021_acs.chemmater.3c01952,10.1021_acs.chemmater.3c01952-p003-f01,10.1021_acs.chemmater.3c01952-p003-f01-s01,Exp. Pattern,COF-C2-80,experimental,25.343000,1.521000
10.1021_acs.chemmater.3c01952,10.1021_acs.chemmater.3c01952-p003-f01,10.1021_acs.chemmater.3c01952-p003-f01-s01,Exp. Pattern,COF-C2-80,experimental,25.363000,1.524000
10.1021_acs.chemmater.3c01952,10.1021_acs.chemmater.3c01952-p003-f01,10.1021_acs.chemmater.3c01952-p003-f01-s01,Exp. Pattern,COF-C2-80,experimental,25.383000,1.527100
10.1021_acs.chemmater.3c01952,10.1021_acs.chemmater.3c01952-p003-f01,10.1021_acs.chemmater.3c01952-p003-f01-s01,Exp. Pattern,COF-C2-80,experimental,25.403000,1.518500
10.1021_acs.chemmater.3c01952,10.1021_acs.chemmater.3c01952-p003-f01,10.1021_acs.chemmater.3c01952-p003-f01-s01,Exp. Pattern,COF-C2-80,experimental,25.423000,1.509400
10.1021_acs.chemmater.3c01952,10.1021_acs.chemmater.3c01952-p003-f01,10.1021_acs.chemmater.3c01952-p003-f01-s01,Exp. Pattern,COF-C2-80,experimental,25.443000,1.530600
10.1021_acs.chemmater.3c01952,10.1021_acs.chemmater.3c01952-p003-f01,10.1021_acs.chemmater.3c01952-p003-f01-s01,Exp. Pattern,COF-C2-80,experimental,25.463000,1.588600
10.1021_acs.chemmater.3c01952,10.1021_acs.chemmater.3c01952-p003-f01,10.1021_acs.chemmater.3c01952-p003-f01-s01,Exp. Pattern,COF-C2-80,experimental,25.483000,1.657800
10.1021_acs.chemmater.3c01952,10.1021_acs.chemmater.3c01952-p003-f01,10.1021_acs.chemmater.3c01952-p003-f01-s01,Exp. Pattern,COF-C2-80,experimental,25.503000,1.705200
10.1021_acs.chemmater.3c01952,10.1021_acs.chemmater.3c01952-p003-f01,10.1021_acs.chemmater.3c01952-p003-f01-s01,Exp. Pattern,COF-C2-80,experimental,25.523000,1.714600
10.1021_acs.chemmater.3c01952,10.1021_acs.chemmater.3c01952-p003-f01,10.1021_acs.chemmater.3c01952-p003-f01-s01,Exp. Pattern,COF-C2-80,experimental,25.543000,1.711200
10.1021_acs.chemmater.3c01952,10.1021_acs.chemmater.3c01952-p003-f01,10.1021_acs.chemmater.3c01952-p003-f01-s01,Exp. Pattern,COF-C2-80,experimental,25.563000,1.715800
10.1021_acs.chemmater.3c01952,10.1021_acs.chemmater.3c01952-p003-f01,10.1021_acs.chemmater.3c01952-p003-f01-s01,Exp. Pattern,COF-C2-80,experimental,25.583000,1.703200
10.1021_acs.chemmater.3c01952,10.1021_acs.chemmater.3c01952-p003-f01,10.1021_acs.chemmater.3c01952-p003-f01-s01,Exp. Pattern,COF-C2-80,experimental,25.603000,1.696700
10.1021_acs.chemmater.3c01952,10.1021_acs.chemmater.3c01952-p003-f01,10.1021_acs.chemmater.3c01952-p003-f01-s01,Exp. Pattern,COF-C2-80,experimental,25.623000,1.732100
10.1021_acs.chemmater.3c01952,10.1021_acs.chemmater.3c01952-p003-f01,10.1021_acs.chemmater.3c01952-p003-f01-s01,Exp. Pattern,COF-C2-80,experimental,25.643000,1.808600
10.1021_acs.chemmater.3c01952,10.1021_acs.chemmater.3c01952-p003-f01,10.1021_acs.chemmater.3c01952-p003-f01-s01,Exp. Pattern,COF-C2-80,experimental,25.663000,1.938000
10.1021_acs.chemmater.3c01952,10.1021_acs.chemmater.3c01952-p003-f01,10.1021_acs.chemmater.3c01952-p003-f01-s01,Exp. Pattern,COF-C2-80,experimental,25.683000,2.088000
10.1021_acs.chemmater.3c01952,10.1021_acs.chemmater.3c01952-p003-f01,10.1021_acs.chemmater.3c01952-p003-f01-s01,Exp. Pattern,COF-C2-80,experimental,25.703000,2.220400
10.1021_acs.chemmater.3c01952,10.1021_acs.chemmater.3c01952-p003-f01,10.1021_acs.chemmater.3c01952-p003-f01-s01,Exp. Pattern,COF-C2-80,experimental,25.723000,2.325500
10.1021_acs.chemmater.3c01952,10.1021_acs.chemmater.3c01952-p003-f01,10.1021_acs.chemmater.3c01952-p003-f01-s01,Exp. Pattern,COF-C2-80,experimental,25.743000,2.421900
10.1021_acs.chemmater.3c01952,10.1021_acs.chemmater.3c01952-p003-f01,10.1021_acs.chemmater.3c01952-p003-f01-s01,Exp. Pattern,COF-C2-80,experimental,25.763000,2.504000
10.1021_acs.chemmater.3c01952,10.1021_acs.chemmater.3c01952-p003-f01,10.1021_acs.chemmater.3c01952-p003-f01-s01,Exp. Pattern,COF-C2-80,experimental,25.783000,2.545400
10.1021_acs.chemmater.3c01952,10.1021_acs.chemmater.3c01952-p003-f01,10.1021_acs.chemmater.3c01952-p003-f01-s01,Exp. Pattern,COF-C2-80,experimental,25.803000,2.576200
10.1021_acs.chemmater.3c01952,10.1021_acs.chemmater.3c01952-p003-f01,10.1021_acs.chemmater.3c01952-p003-f01-s01,Exp. Pattern,COF-C2-80,experimental,25.823000,2.591200
10.1021_acs.chemmater.3c01952,10.1021_acs.chemmater.3c01952-p003-f01,10.1021_acs.chemmater.3c01952-p003-f01-s01,Exp. Pattern,COF-C2-80,experimental,25.843000,2.559200
10.1021_acs.chemmater.3c01952,10.1021_acs.chemmater.3c01952-p003-f01,10.1021_acs.chemmater.3c01952-p003-f01-s01,Exp. Pattern,COF-C2-80,experimental,25.863000,2.551300
10.1021_acs.chemmater.3c01952,10.1021_acs.chemmater.3c01952-p003-f01,10.1021_acs.chemmater.3c01952-p003-f01-s01,Exp. Pattern,COF-C2-80,experimental,25.883000,2.580200
10.1021_acs.chemmater.3c01952,10.1021_acs.chemmater.3c01952-p003-f01,10.1021_acs.chemmater.3c01952-p003-f01-s01,Exp. Pattern,COF-C2-80,experimental,25.903000,2.631400
10.1021_acs.chemmater.3c01952,10.1021_acs.chemmater.3c01952-p003-f01,10.1021_acs.chemmater.3c01952-p003-f01-s01,Exp. Pattern,COF-C2-80,experimental,25.923000,2.697400
10.1021_acs.chemmater.3c01952,10.1021_acs.chemmater.3c01952-p003-f01,10.1021_acs.chemmater.3c01952-p003-f01-s01,Exp. Pattern,COF-C2-80,experimental,25.943000,2.770200
10.1021_acs.chemmater.3c01952,10.1021_acs.chemmater.3c01952-p003-f01,10.1021_acs.chemmater.3c01952-p003-f01-s01,Exp. Pattern,COF-C2-80,experimental,25.963000,2.842300
10.1021_acs.chemmater.3c01952,10.1021_acs.chemmater.3c01952-p003-f01,10.1021_acs.chemmater.3c01952-p003-f01-s01,Exp. Pattern,COF-C2-80,experimental,25.983000,2.905700
10.1021_acs.chemmater.3c01952,10.1021_acs.chemmater.3c01952-p003-f01,10.1021_acs.chemmater.3c01952-p003-f01-s01,Exp. Pattern,COF-C2-80,experimental,26.003000,2.941400
10.1021_acs.chemmater.3c01952,10.1021_acs.chemmater.3c01952-p003-f01,10.1021_acs.chemmater.3c01952-p003-f01-s01,Exp. Pattern,COF-C2-80,experimental,26.023000,2.929000
10.1021_acs.chemmater.3c01952,10.1021_acs.chemmater.3c01952-p003-f01,10.1021_acs.chemmater.3c01952-p003-f01-s01,Exp. Pattern,COF-C2-80,experimental,26.043000,2.936800
10.1021_acs.chemmater.3c01952,10.1021_acs.chemmater.3c01952-p003-f01,10.1021_acs.chemmater.3c01952-p003-f01-s01,Exp. Pattern,COF-C2-80,experimental,26.063000,2.995300
10.1021_acs.chemmater.3c01952,10.1021_acs.chemmater.3c01952-p003-f01,10.1021_acs.chemmater.3c01952-p003-f01-s01,Exp. Pattern,COF-C2-80,experimental,26.083000,3.090400
10.1021_acs.chemmater.3c01952,10.1021_acs.chemmater.3c01952-p003-f01,10.1021_acs.chemmater.3c01952-p003-f01-s01,Exp. Pattern,COF-C2-80,experimental,26.103000,3.216900
10.1021_acs.chemmater.3c01952,10.1021_acs.chemmater.3c01952-p003-f01,10.1021_acs.chemmater.3c01952-p003-f01-s01,Exp. Pattern,COF-C2-80,experimental,26.123000,3.387000
10.1021_acs.chemmater.3c01952,10.1021_acs.chemmater.3c01952-p003-f01,10.1021_acs.chemmater.3c01952-p003-f01-s01,Exp. Pattern,COF-C2-80,experimental,26.143000,3.591700
10.1021_acs.chemmater.3c01952,10.1021_acs.chemmater.3c01952-p003-f01,10.1021_acs.chemmater.3c01952-p003-f01-s01,Exp. Pattern,COF-C2-80,experimental,26.163000,3.769300
10.1021_acs.chemmater.3c01952,10.1021_acs.chemmater.3c01952-p003-f01,10.1021_acs.chemmater.3c01952-p003-f01-s01,Exp. Pattern,COF-C2-80,experimental,26.183000,3.959500
10.1021_acs.chemmater.3c01952,10.1021_acs.chemmater.3c01952-p003-f01,10.1021_acs.chemmater.3c01952-p003-f01-s01,Exp. Pattern,COF-C2-80,experimental,26.203000,4.145100
10.1021_acs.chemmater.3c01952,10.1021_acs.chemmater.3c01952-p003-f01,10.1021_acs.chemmater.3c01952-p003-f01-s01,Exp. Pattern,COF-C2-80,experimental,26.223000,4.285400
10.1021_acs.chemmater.3c01952,10.1021_acs.chemmater.3c01952-p003-f01,10.1021_acs.chemmater.3c01952-p003-f01-s01,Exp. Pattern,COF-C2-80,experimental,26.243000,4.498700
10.1021_acs.chemmater.3c01952,10.1021_acs.chemmater.3c01952-p003-f01,10.1021_acs.chemmater.3c01952-p003-f01-s01,Exp. Pattern,COF-C2-80,experimental,26.263000,4.728800
10.1021_acs.chemmater.3c01952,10.1021_acs.chemmater.3c01952-p003-f01,10.1021_acs.chemmater.3c01952-p003-f01-s01,Exp. Pattern,COF-C2-80,experimental,26.283000,4.929000
10.1021_acs.chemmater.3c01952,10.1021_acs.chemmater.3c01952-p003-f01,10.1021_acs.chemmater.3c01952-p003-f01-s01,Exp. Pattern,COF-C2-80,experimental,26.303000,5.129200
10.1021_acs.chemmater.3c01952,10.1021_acs.chemmater.3c01952-p003-f01,10.1021_acs.chemmater.3c01952-p003-f01-s01,Exp. Pattern,COF-C2-80,experimental,26.323000,5.327500
10.1021_acs.chemmater.3c01952,10.1021_acs.chemmater.3c01952-p003-f01,10.1021_acs.chemmater.3c01952-p003-f01-s01,Exp. Pattern,COF-C2-80,experimental,26.343000,5.527000
10.1021_acs.chemmater.3c01952,10.1021_acs.chemmater.3c01952-p003-f01,10.1021_acs.chemmater.3c01952-p003-f01-s01,Exp. Pattern,COF-C2-80,experimental,26.363000,5.941400
10.1021_acs.chemmater.3c01952,10.1021_acs.chemmater.3c01952-p003-f01,10.1021_acs.chemmater.3c01952-p003-f01-s01,Exp. Pattern,COF-C2-80,experimental,26.383000,6.542400
10.1021_acs.chemmater.3c01952,10.1021_acs.chemmater.3c01952-p003-f01,10.1021_acs.chemmater.3c01952-p003-f01-s01,Exp. Pattern,COF-C2-80,experimental,26.403000,7.307700
10.1021_acs.chemmater.3c01952,10.1021_acs.chemmater.3c01952-p003-f01,10.1021_acs.chemmater.3c01952-p003-f01-s01,Exp. Pattern,COF-C2-80,experimental,26.423000,8.362500
10.1021_acs.chemmater.3c01952,10.1021_acs.chemmater.3c01952-p003-f01,10.1021_acs.chemmater.3c01952-p003-f01-s01,Exp. Pattern,COF-C2-80,experimental,26.443000,9.955200
10.1021_acs.chemmater.3c01952,10.1021_acs.chemmater.3c01952-p003-f01,10.1021_acs.chemmater.3c01952-p003-f01-s01,Exp. Pattern,COF-C2-80,experimental,26.463000,12.053100
10.1021_acs.chemmater.3c01952,10.1021_acs.chemmater.3c01952-p003-f01,10.1021_acs.chemmater.3c01952-p003-f01-s01,Exp. Pattern,COF-C2-80,experimental,26.483000,14.537800
10.1021_acs.chemmater.3c01952,10.1021_acs.chemmater.3c01952-p003-f01,10.1021_acs.chemmater.3c01952-p003-f01-s01,Exp. Pattern,COF-C2-80,experimental,26.503000,17.175400
10.1021_acs.chemmater.3c01952,10.1021_acs.chemmater.3c01952-p003-f01,10.1021_acs.chemmater.3c01952-p003-f01-s01,Exp. Pattern,COF-C2-80,experimental,26.523000,19.732000
10.1021_acs.chemmater.3c01952,10.1021_acs.chemmater.3c01952-p003-f01,10.1021_acs.chemmater.3c01952-p003-f01-s01,Exp. Pattern,COF-C2-80,experimental,26.543000,22.079200
10.1021_acs.chemmater.3c01952,10.1021_acs.chemmater.3c01952-p003-f01,10.1021_acs.chemmater.3c01952-p003-f01-s01,Exp. Pattern,COF-C2-80,experimental,26.563000,24.100200
10.1021_acs.chemmater.3c01952,10.1021_acs.chemmater.3c01952-p003-f01,10.1021_acs.chemmater.3c01952-p003-f01-s01,Exp. Pattern,COF-C2-80,experimental,26.583000,25.616600
10.1021_acs.chemmater.3c01952,10.1021_acs.chemmater.3c01952-p003-f01,10.1021_acs.chemmater.3c01952-p003-f01-s01,Exp. Pattern,COF-C2-80,experimental,26.603000,26.734500
10.1021_acs.chemmater.3c01952,10.1021_acs.chemmater.3c01952-p003-f01,10.1021_acs.chemmater.3c01952-p003-f01-s01,Exp. Pattern,COF-C2-80,experimental,26.623000,27.650300
10.1021_acs.chemmater.3c01952,10.1021_acs.chemmater.3c01952-p003-f01,10.1021_acs.chemmater.3c01952-p003-f01-s01,Exp. Pattern,COF-C2-80,experimental,26.643000,28.204700
10.1021_acs.chemmater.3c01952,10.1021_acs.chemmater.3c01952-p003-f01,10.1021_acs.chemmater.3c01952-p003-f01-s01,Exp. Pattern,COF-C2-80,experimental,26.663000,28.254500
10.1021_acs.chemmater.3c01952,10.1021_acs.chemmater.3c01952-p003-f01,10.1021_acs.chemmater.3c01952-p003-f01-s01,Exp. Pattern,COF-C2-80,experimental,26.683000,27.840000
10.1021_acs.chemmater.3c01952,10.1021_acs.chemmater.3c01952-p003-f01,10.1021_acs.chemmater.3c01952-p003-f01-s01,Exp. Pattern,COF-C2-80,experimental,26.703000,26.912600
10.1021_acs.chemmater.3c01952,10.1021_acs.chemmater.3c01952-p003-f01,10.1021_acs.chemmater.3c01952-p003-f01-s01,Exp. Pattern,COF-C2-80,experimental,26.723000,25.568100
10.1021_acs.chemmater.3c01952,10.1021_acs.chemmater.3c01952-p003-f01,10.1021_acs.chemmater.3c01952-p003-f01-s01,Exp. Pattern,COF-C2-80,experimental,26.743000,23.960900
10.1021_acs.chemmater.3c01952,10.1021_acs.chemmater.3c01952-p003-f01,10.1021_acs.chemmater.3c01952-p003-f01-s01,Exp. Pattern,COF-C2-80,experimental,26.763000,22.077700
10.1021_acs.chemmater.3c01952,10.1021_acs.chemmater.3c01952-p003-f01,10.1021_acs.chemmater.3c01952-p003-f01-s01,Exp. Pattern,COF-C2-80,experimental,26.783000,20.252300
10.1021_acs.chemmater.3c01952,10.1021_acs.chemmater.3c01952-p003-f01,10.1021_acs.chemmater.3c01952-p003-f01-s01,Exp. Pattern,COF-C2-80,experimental,26.803000,18.704100
10.1021_acs.chemmater.3c01952,10.1021_acs.chemmater.3c01952-p003-f01,10.1021_acs.chemmater.3c01952-p003-f01-s01,Exp. Pattern,COF-C2-80,experimental,26.823000,17.288800
10.1021_acs.chemmater.3c01952,10.1021_acs.chemmater.3c01952-p003-f01,10.1021_acs.chemmater.3c01952-p003-f01-s01,Exp. Pattern,COF-C2-80,experimental,26.843000,15.798200
10.1021_acs.chemmater.3c01952,10.1021_acs.chemmater.3c01952-p003-f01,10.1021_acs.chemmater.3c01952-p003-f01-s01,Exp. Pattern,COF-C2-80,experimental,26.863000,14.316400
10.1021_acs.chemmater.3c01952,10.1021_acs.chemmater.3c01952-p003-f01,10.1021_acs.chemmater.3c01952-p003-f01-s01,Exp. Pattern,COF-C2-80,experimental,26.883000,12.967500
10.1021_acs.chemmater.3c01952,10.1021_acs.chemmater.3c01952-p003-f01,10.1021_acs.chemmater.3c01952-p003-f01-s01,Exp. Pattern,COF-C2-80,experimental,26.903000,11.788100
10.1021_acs.chemmater.3c01952,10.1021_acs.chemmater.3c01952-p003-f01,10.1021_acs.chemmater.3c01952-p003-f01-s01,Exp. Pattern,COF-C2-80,experimental,26.923000,10.846400
10.1021_acs.chemmater.3c01952,10.1021_acs.chemmater.3c01952-p003-f01,10.1021_acs.chemmater.3c01952-p003-f01-s01,Exp. Pattern,COF-C2-80,experimental,26.943000,10.169700
10.1021_acs.chemmater.3c01952,10.1021_acs.chemmater.3c01952-p003-f01,10.1021_acs.chemmater.3c01952-p003-f01-s01,Exp. Pattern,COF-C2-80,experimental,26.963000,9.686000
10.1021_acs.chemmater.3c01952,10.1021_acs.chemmater.3c01952-p003-f01,10.1021_acs.chemmater.3c01952-p003-f01-s01,Exp. Pattern,COF-C2-80,experimental,26.983000,9.453100
10.1021_acs.chemmater.3c01952,10.1021_acs.chemmater.3c01952-p003-f01,10.1021_acs.chemmater.3c01952-p003-f01-s01,Exp. Pattern,COF-C2-80,experimental,27.003000,9.441600
10.1021_acs.chemmater.3c01952,10.1021_acs.chemmater.3c01952-p003-f01,10.1021_acs.chemmater.3c01952-p003-f01-s01,Exp. Pattern,COF-C2-80,experimental,27.023000,9.474000
10.1021_acs.chemmater.3c01952,10.1021_acs.chemmater.3c01952-p003-f01,10.1021_acs.chemmater.3c01952-p003-f01-s01,Exp. Pattern,COF-C2-80,experimental,27.043000,9.603900
10.1021_acs.chemmater.3c01952,10.1021_acs.chemmater.3c01952-p003-f01,10.1021_acs.chemmater.3c01952-p003-f01-s01,Exp. Pattern,COF-C2-80,experimental,27.063000,9.813300
10.1021_acs.chemmater.3c01952,10.1021_acs.chemmater.3c01952-p003-f01,10.1021_acs.chemmater.3c01952-p003-f01-s01,Exp. Pattern,COF-C2-80,experimental,27.083000,10.050900
10.1021_acs.chemmater.3c01952,10.1021_acs.chemmater.3c01952-p003-f01,10.1021_acs.chemmater.3c01952-p003-f01-s01,Exp. Pattern,COF-C2-80,experimental,27.103000,10.322000
10.1021_acs.chemmater.3c01952,10.1021_acs.chemmater.3c01952-p003-f01,10.1021_acs.chemmater.3c01952-p003-f01-s01,Exp. Pattern,COF-C2-80,experimental,27.123000,10.612300
10.1021_acs.chemmater.3c01952,10.1021_acs.chemmater.3c01952-p003-f01,10.1021_acs.chemmater.3c01952-p003-f01-s01,Exp. Pattern,COF-C2-80,experimental,27.143000,10.829500
10.1021_acs.chemmater.3c01952,10.1021_acs.chemmater.3c01952-p003-f01,10.1021_acs.chemmater.3c01952-p003-f01-s01,Exp. Pattern,COF-C2-80,experimental,27.163000,10.975000
10.1021_acs.chemmater.3c01952,10.1021_acs.chemmater.3c01952-p003-f01,10.1021_acs.chemmater.3c01952-p003-f01-s01,Exp. Pattern,COF-C2-80,experimental,27.183000,11.032000
10.1021_acs.chemmater.3c01952,10.1021_acs.chemmater.3c01952-p003-f01,10.1021_acs.chemmater.3c01952-p003-f01-s01,Exp. Pattern,COF-C2-80,experimental,27.203000,10.976700
10.1021_acs.chemmater.3c01952,10.1021_acs.chemmater.3c01952-p003-f01,10.1021_acs.chemmater.3c01952-p003-f01-s01,Exp. Pattern,COF-C2-80,experimental,27.223000,10.788800
10.1021_acs.chemmater.3c01952,10.1021_acs.chemmater.3c01952-p003-f01,10.1021_acs.chemmater.3c01952-p003-f01-s01,Exp. Pattern,COF-C2-80,experimental,27.243000,10.485700
10.1021_acs.chemmater.3c01952,10.1021_acs.chemmater.3c01952-p003-f01,10.1021_acs.chemmater.3c01952-p003-f01-s01,Exp. Pattern,COF-C2-80,experimental,27.263000,10.120600
10.1021_acs.chemmater.3c01952,10.1021_acs.chemmater.3c01952-p003-f01,10.1021_acs.chemmater.3c01952-p003-f01-s01,Exp. Pattern,COF-C2-80,experimental,27.283000,9.695600
10.1021_acs.chemmater.3c01952,10.1021_acs.chemmater.3c01952-p003-f01,10.1021_acs.chemmater.3c01952-p003-f01-s01,Exp. Pattern,COF-C2-80,experimental,27.303000,9.292700
10.1021_acs.chemmater.3c01952,10.1021_acs.chemmater.3c01952-p003-f01,10.1021_acs.chemmater.3c01952-p003-f01-s01,Exp. Pattern,COF-C2-80,experimental,27.323000,8.968000
10.1021_acs.chemmater.3c01952,10.1021_acs.chemmater.3c01952-p003-f01,10.1021_acs.chemmater.3c01952-p003-f01-s01,Exp. Pattern,COF-C2-80,experimental,27.343000,8.642000
10.1021_acs.chemmater.3c01952,10.1021_acs.chemmater.3c01952-p003-f01,10.1021_acs.chemmater.3c01952-p003-f01-s01,Exp. Pattern,COF-C2-80,experimental,27.363000,8.338600
10.1021_acs.chemmater.3c01952,10.1021_acs.chemmater.3c01952-p003-f01,10.1021_acs.chemmater.3c01952-p003-f01-s01,Exp. Pattern,COF-C2-80,experimental,27.383000,8.055000
10.1021_acs.chemmater.3c01952,10.1021_acs.chemmater.3c01952-p003-f01,10.1021_acs.chemmater.3c01952-p003-f01-s01,Exp. Pattern,COF-C2-80,experimental,27.403000,7.831300
10.1021_acs.chemmater.3c01952,10.1021_acs.chemmater.3c01952-p003-f01,10.1021_acs.chemmater.3c01952-p003-f01-s01,Exp. Pattern,COF-C2-80,experimental,27.423000,7.607000
10.1021_acs.chemmater.3c01952,10.1021_acs.chemmater.3c01952-p003-f01,10.1021_acs.chemmater.3c01952-p003-f01-s01,Exp. Pattern,COF-C2-80,experimental,27.443000,7.375300
10.1021_acs.chemmater.3c01952,10.1021_acs.chemmater.3c01952-p003-f01,10.1021_acs.chemmater.3c01952-p003-f01-s01,Exp. Pattern,COF-C2-80,experimental,27.463000,7.194700
10.1021_acs.chemmater.3c01952,10.1021_acs.chemmater.3c01952-p003-f01,10.1021_acs.chemmater.3c01952-p003-f01-s01,Exp. Pattern,COF-C2-80,experimental,27.483000,6.973500
10.1021_acs.chemmater.3c01952,10.1021_acs.chemmater.3c01952-p003-f01,10.1021_acs.chemmater.3c01952-p003-f01-s01,Exp. Pattern,COF-C2-80,experimental,27.503000,6.747200
10.1021_acs.chemmater.3c01952,10.1021_acs.chemmater.3c01952-p003-f01,10.1021_acs.chemmater.3c01952-p003-f01-s01,Exp. Pattern,COF-C2-80,experimental,27.523000,6.561700
10.1021_acs.chemmater.3c01952,10.1021_acs.chemmater.3c01952-p003-f01,10.1021_acs.chemmater.3c01952-p003-f01-s01,Exp. Pattern,COF-C2-80,experimental,27.543000,6.360000
10.1021_acs.chemmater.3c01952,10.1021_acs.chemmater.3c01952-p003-f01,10.1021_acs.chemmater.3c01952-p003-f01-s01,Exp. Pattern,COF-C2-80,experimental,27.563000,6.141600
10.1021_acs.chemmater.3c01952,10.1021_acs.chemmater.3c01952-p003-f01,10.1021_acs.chemmater.3c01952-p003-f01-s01,Exp. Pattern,COF-C2-80,experimental,27.583000,5.914900
10.1021_acs.chemmater.3c01952,10.1021_acs.chemmater.3c01952-p003-f01,10.1021_acs.chemmater.3c01952-p003-f01-s01,Exp. Pattern,COF-C2-80,experimental,27.603000,5.751900
10.1021_acs.chemmater.3c01952,10.1021_acs.chemmater.3c01952-p003-f01,10.1021_acs.chemmater.3c01952-p003-f01-s01,Exp. Pattern,COF-C2-80,experimental,27.623000,5.582600
10.1021_acs.chemmater.3c01952,10.1021_acs.chemmater.3c01952-p003-f01,10.1021_acs.chemmater.3c01952-p003-f01-s01,Exp. Pattern,COF-C2-80,experimental,27.643000,5.411300
10.1021_acs.chemmater.3c01952,10.1021_acs.chemmater.3c01952-p003-f01,10.1021_acs.chemmater.3c01952-p003-f01-s01,Exp. Pattern,COF-C2-80,experimental,27.663000,5.305200
10.1021_acs.chemmater.3c01952,10.1021_acs.chemmater.3c01952-p003-f01,10.1021_acs.chemmater.3c01952-p003-f01-s01,Exp. Pattern,COF-C2-80,experimental,27.683000,5.187000
10.1021_acs.chemmater.3c01952,10.1021_acs.chemmater.3c01952-p003-f01,10.1021_acs.chemmater.3c01952-p003-f01-s01,Exp. Pattern,COF-C2-80,experimental,27.703000,5.066600
10.1021_acs.chemmater.3c01952,10.1021_acs.chemmater.3c01952-p003-f01,10.1021_acs.chemmater.3c01952-p003-f01-s01,Exp. Pattern,COF-C2-80,experimental,27.723000,4.959400
10.1021_acs.chemmater.3c01952,10.1021_acs.chemmater.3c01952-p003-f01,10.1021_acs.chemmater.3c01952-p003-f01-s01,Exp. Pattern,COF-C2-80,experimental,27.743000,4.834000
10.1021_acs.chemmater.3c01952,10.1021_acs.chemmater.3c01952-p003-f01,10.1021_acs.chemmater.3c01952-p003-f01-s01,Exp. Pattern,COF-C2-80,experimental,27.763000,4.675600
10.1021_acs.chemmater.3c01952,10.1021_acs.chemmater.3c01952-p003-f01,10.1021_acs.chemmater.3c01952-p003-f01-s01,Exp. Pattern,COF-C2-80,experimental,27.783000,4.483700
10.1021_acs.chemmater.3c01952,10.1021_acs.chemmater.3c01952-p003-f01,10.1021_acs.chemmater.3c01952-p003-f01-s01,Exp. Pattern,COF-C2-80,experimental,27.803000,4.272300
10.1021_acs.chemmater.3c01952,10.1021_acs.chemmater.3c01952-p003-f01,10.1021_acs.chemmater.3c01952-p003-f01-s01,Exp. Pattern,COF-C2-80,experimental,27.823000,4.033900
10.1021_acs.chemmater.3c01952,10.1021_acs.chemmater.3c01952-p003-f01,10.1021_acs.chemmater.3c01952-p003-f01-s01,Exp. Pattern,COF-C2-80,experimental,27.843000,3.797000
10.1021_acs.chemmater.3c01952,10.1021_acs.chemmater.3c01952-p003-f01,10.1021_acs.chemmater.3c01952-p003-f01-s01,Exp. Pattern,COF-C2-80,experimental,27.863000,3.626400
10.1021_acs.chemmater.3c01952,10.1021_acs.chemmater.3c01952-p003-f01,10.1021_acs.chemmater.3c01952-p003-f01-s01,Exp. Pattern,COF-C2-80,experimental,27.883000,3.489200
10.1021_acs.chemmater.3c01952,10.1021_acs.chemmater.3c01952-p003-f01,10.1021_acs.chemmater.3c01952-p003-f01-s01,Exp. Pattern,COF-C2-80,experimental,27.903000,3.367800
10.1021_acs.chemmater.3c01952,10.1021_acs.chemmater.3c01952-p003-f01,10.1021_acs.chemmater.3c01952-p003-f01-s01,Exp. Pattern,COF-C2-80,experimental,27.923000,3.269100
10.1021_acs.chemmater.3c01952,10.1021_acs.chemmater.3c01952-p003-f01,10.1021_acs.chemmater.3c01952-p003-f01-s01,Exp. Pattern,COF-C2-80,experimental,27.943000,3.193800
10.1021_acs.chemmater.3c01952,10.1021_acs.chemmater.3c01952-p003-f01,10.1021_acs.chemmater.3c01952-p003-f01-s01,Exp. Pattern,COF-C2-80,experimental,27.963000,3.138300
10.1021_acs.chemmater.3c01952,10.1021_acs.chemmater.3c01952-p003-f01,10.1021_acs.chemmater.3c01952-p003-f01-s01,Exp. Pattern,COF-C2-80,experimental,27.983000,3.093700
10.1021_acs.chemmater.3c01952,10.1021_acs.chemmater.3c01952-p003-f01,10.1021_acs.chemmater.3c01952-p003-f01-s01,Exp. Pattern,COF-C2-80,experimental,28.003000,3.044700
10.1021_acs.chemmater.3c01952,10.1021_acs.chemmater.3c01952-p003-f01,10.1021_acs.chemmater.3c01952-p003-f01-s01,Exp. Pattern,COF-C2-80,experimental,28.023000,3.006700
10.1021_acs.chemmater.3c01952,10.1021_acs.chemmater.3c01952-p003-f01,10.1021_acs.chemmater.3c01952-p003-f01-s01,Exp. Pattern,COF-C2-80,experimental,28.043000,2.992300
10.1021_acs.chemmater.3c01952,10.1021_acs.chemmater.3c01952-p003-f01,10.1021_acs.chemmater.3c01952-p003-f01-s01,Exp. Pattern,COF-C2-80,experimental,28.063000,3.023000
10.1021_acs.chemmater.3c01952,10.1021_acs.chemmater.3c01952-p003-f01,10.1021_acs.chemmater.3c01952-p003-f01-s01,Exp. Pattern,COF-C2-80,experimental,28.083000,3.048000
10.1021_acs.chemmater.3c01952,10.1021_acs.chemmater.3c01952-p003-f01,10.1021_acs.chemmater.3c01952-p003-f01-s01,Exp. Pattern,COF-C2-80,experimental,28.103000,3.031300
10.1021_acs.chemmater.3c01952,10.1021_acs.chemmater.3c01952-p003-f01,10.1021_acs.chemmater.3c01952-p003-f01-s01,Exp. Pattern,COF-C2-80,experimental,28.123000,3.008100
10.1021_acs.chemmater.3c01952,10.1021_acs.chemmater.3c01952-p003-f01,10.1021_acs.chemmater.3c01952-p003-f01-s01,Exp. Pattern,COF-C2-80,experimental,28.143000,2.968800
10.1021_acs.chemmater.3c01952,10.1021_acs.chemmater.3c01952-p003-f01,10.1021_acs.chemmater.3c01952-p003-f01-s01,Exp. Pattern,COF-C2-80,experimental,28.163000,2.902100
10.1021_acs.chemmater.3c01952,10.1021_acs.chemmater.3c01952-p003-f01,10.1021_acs.chemmater.3c01952-p003-f01-s01,Exp. Pattern,COF-C2-80,experimental,28.183000,2.801700
10.1021_acs.chemmater.3c01952,10.1021_acs.chemmater.3c01952-p003-f01,10.1021_acs.chemmater.3c01952-p003-f01-s01,Exp. Pattern,COF-C2-80,experimental,28.203000,2.656700
10.1021_acs.chemmater.3c01952,10.1021_acs.chemmater.3c01952-p003-f01,10.1021_acs.chemmater.3c01952-p003-f01-s01,Exp. Pattern,COF-C2-80,experimental,28.223000,2.475300
10.1021_acs.chemmater.3c01952,10.1021_acs.chemmater.3c01952-p003-f01,10.1021_acs.chemmater.3c01952-p003-f01-s01,Exp. Pattern,COF-C2-80,experimental,28.243000,2.303400
10.1021_acs.chemmater.3c01952,10.1021_acs.chemmater.3c01952-p003-f01,10.1021_acs.chemmater.3c01952-p003-f01-s01,Exp. Pattern,COF-C2-80,experimental,28.263000,2.136800
10.1021_acs.chemmater.3c01952,10.1021_acs.chemmater.3c01952-p003-f01,10.1021_acs.chemmater.3c01952-p003-f01-s01,Exp. Pattern,COF-C2-80,experimental,28.283000,1.960300
10.1021_acs.chemmater.3c01952,10.1021_acs.chemmater.3c01952-p003-f01,10.1021_acs.chemmater.3c01952-p003-f01-s01,Exp. Pattern,COF-C2-80,experimental,28.303000,1.787900
10.1021_acs.chemmater.3c01952,10.1021_acs.chemmater.3c01952-p003-f01,10.1021_acs.chemmater.3c01952-p003-f01-s01,Exp. Pattern,COF-C2-80,experimental,28.323000,1.663000
10.1021_acs.chemmater.3c01952,10.1021_acs.chemmater.3c01952-p003-f01,10.1021_acs.chemmater.3c01952-p003-f01-s01,Exp. Pattern,COF-C2-80,experimental,28.343000,1.575500
10.1021_acs.chemmater.3c01952,10.1021_acs.chemmater.3c01952-p003-f01,10.1021_acs.chemmater.3c01952-p003-f01-s01,Exp. Pattern,COF-C2-80,experimental,28.363000,1.519800
10.1021_acs.chemmater.3c01952,10.1021_acs.chemmater.3c01952-p003-f01,10.1021_acs.chemmater.3c01952-p003-f01-s01,Exp. Pattern,COF-C2-80,experimental,28.383000,1.487500
10.1021_acs.chemmater.3c01952,10.1021_acs.chemmater.3c01952-p003-f01,10.1021_acs.chemmater.3c01952-p003-f01-s01,Exp. Pattern,COF-C2-80,experimental,28.403000,1.472600
10.1021_acs.chemmater.3c01952,10.1021_acs.chemmater.3c01952-p003-f01,10.1021_acs.chemmater.3c01952-p003-f01-s01,Exp. Pattern,COF-C2-80,experimental,28.423000,1.482500
10.1021_acs.chemmater.3c01952,10.1021_acs.chemmater.3c01952-p003-f01,10.1021_acs.chemmater.3c01952-p003-f01-s01,Exp. Pattern,COF-C2-80,experimental,28.443000,1.508600
10.1021_acs.chemmater.3c01952,10.1021_acs.chemmater.3c01952-p003-f01,10.1021_acs.chemmater.3c01952-p003-f01-s01,Exp. Pattern,COF-C2-80,experimental,28.463000,1.486800
10.1021_acs.chemmater.3c01952,10.1021_acs.chemmater.3c01952-p003-f01,10.1021_acs.chemmater.3c01952-p003-f01-s01,Exp. Pattern,COF-C2-80,experimental,28.483000,1.412300
10.1021_acs.chemmater.3c01952,10.1021_acs.chemmater.3c01952-p003-f01,10.1021_acs.chemmater.3c01952-p003-f01-s01,Exp. Pattern,COF-C2-80,experimental,28.503000,1.307200
10.1021_acs.chemmater.3c01952,10.1021_acs.chemmater.3c01952-p003-f01,10.1021_acs.chemmater.3c01952-p003-f01-s01,Exp. Pattern,COF-C2-80,experimental,28.523000,1.186500
10.1021_acs.chemmater.3c01952,10.1021_acs.chemmater.3c01952-p003-f01,10.1021_acs.chemmater.3c01952-p003-f01-s01,Exp. Pattern,COF-C2-80,experimental,28.543000,1.065300
10.1021_acs.chemmater.3c01952,10.1021_acs.chemmater.3c01952-p003-f01,10.1021_acs.chemmater.3c01952-p003-f01-s01,Exp. Pattern,COF-C2-80,experimental,28.563000,0.958600
10.1021_acs.chemmater.3c01952,10.1021_acs.chemmater.3c01952-p003-f01,10.1021_acs.chemmater.3c01952-p003-f01-s01,Exp. Pattern,COF-C2-80,experimental,28.583000,0.881500
10.1021_acs.chemmater.3c01952,10.1021_acs.chemmater.3c01952-p003-f01,10.1021_acs.chemmater.3c01952-p003-f01-s01,Exp. Pattern,COF-C2-80,experimental,28.603000,0.849200
10.1021_acs.chemmater.3c01952,10.1021_acs.chemmater.3c01952-p003-f01,10.1021_acs.chemmater.3c01952-p003-f01-s01,Exp. Pattern,COF-C2-80,experimental,28.623000,0.857300
10.1021_acs.chemmater.3c01952,10.1021_acs.chemmater.3c01952-p003-f01,10.1021_acs.chemmater.3c01952-p003-f01-s01,Exp. Pattern,COF-C2-80,experimental,28.643000,0.878500
10.1021_acs.chemmater.3c01952,10.1021_acs.chemmater.3c01952-p003-f01,10.1021_acs.chemmater.3c01952-p003-f01-s01,Exp. Pattern,COF-C2-80,experimental,28.663000,0.892400
10.1021_acs.chemmater.3c01952,10.1021_acs.chemmater.3c01952-p003-f01,10.1021_acs.chemmater.3c01952-p003-f01-s01,Exp. Pattern,COF-C2-80,experimental,28.683000,0.897200
10.1021_acs.chemmater.3c01952,10.1021_acs.chemmater.3c01952-p003-f01,10.1021_acs.chemmater.3c01952-p003-f01-s01,Exp. Pattern,COF-C2-80,experimental,28.703000,0.902100
10.1021_acs.chemmater.3c01952,10.1021_acs.chemmater.3c01952-p003-f01,10.1021_acs.chemmater.3c01952-p003-f01-s01,Exp. Pattern,COF-C2-80,experimental,28.723000,0.916700
10.1021_acs.chemmater.3c01952,10.1021_acs.chemmater.3c01952-p003-f01,10.1021_acs.chemmater.3c01952-p003-f01-s01,Exp. Pattern,COF-C2-80,experimental,28.743000,0.936900
10.1021_acs.chemmater.3c01952,10.1021_acs.chemmater.3c01952-p003-f01,10.1021_acs.chemmater.3c01952-p003-f01-s01,Exp. Pattern,COF-C2-80,experimental,28.763000,0.925400
10.1021_acs.chemmater.3c01952,10.1021_acs.chemmater.3c01952-p003-f01,10.1021_acs.chemmater.3c01952-p003-f01-s01,Exp. Pattern,COF-C2-80,experimental,28.783000,0.890000
10.1021_acs.chemmater.3c01952,10.1021_acs.chemmater.3c01952-p003-f01,10.1021_acs.chemmater.3c01952-p003-f01-s01,Exp. Pattern,COF-C2-80,experimental,28.803000,0.838200
10.1021_acs.chemmater.3c01952,10.1021_acs.chemmater.3c01952-p003-f01,10.1021_acs.chemmater.3c01952-p003-f01-s01,Exp. Pattern,COF-C2-80,experimental,28.823000,0.777700
10.1021_acs.chemmater.3c01952,10.1021_acs.chemmater.3c01952-p003-f01,10.1021_acs.chemmater.3c01952-p003-f01-s01,Exp. Pattern,COF-C2-80,experimental,28.843000,0.716200
10.1021_acs.chemmater.3c01952,10.1021_acs.chemmater.3c01952-p003-f01,10.1021_acs.chemmater.3c01952-p003-f01-s01,Exp. Pattern,COF-C2-80,experimental,28.863000,0.661300
10.1021_acs.chemmater.3c01952,10.1021_acs.chemmater.3c01952-p003-f01,10.1021_acs.chemmater.3c01952-p003-f01-s01,Exp. Pattern,COF-C2-80,experimental,28.883000,0.620600
10.1021_acs.chemmater.3c01952,10.1021_acs.chemmater.3c01952-p003-f01,10.1021_acs.chemmater.3c01952-p003-f01-s01,Exp. Pattern,COF-C2-80,experimental,28.903000,0.601600
10.1021_acs.chemmater.3c01952,10.1021_acs.chemmater.3c01952-p003-f01,10.1021_acs.chemmater.3c01952-p003-f01-s01,Exp. Pattern,COF-C2-80,experimental,28.923000,0.612100
10.1021_acs.chemmater.3c01952,10.1021_acs.chemmater.3c01952-p003-f01,10.1021_acs.chemmater.3c01952-p003-f01-s01,Exp. Pattern,COF-C2-80,experimental,28.943000,0.635000
10.1021_acs.chemmater.3c01952,10.1021_acs.chemmater.3c01952-p003-f01,10.1021_acs.chemmater.3c01952-p003-f01-s01,Exp. Pattern,COF-C2-80,experimental,28.963000,0.640200
10.1021_acs.chemmater.3c01952,10.1021_acs.chemmater.3c01952-p003-f01,10.1021_acs.chemmater.3c01952-p003-f01-s01,Exp. Pattern,COF-C2-80,experimental,28.983000,0.645400
10.1021_acs.chemmater.3c01952,10.1021_acs.chemmater.3c01952-p003-f01,10.1021_acs.chemmater.3c01952-p003-f01-s01,Exp. Pattern,COF-C2-80,experimental,29.003000,0.650600
10.1021_acs.chemmater.3c01952,10.1021_acs.chemmater.3c01952-p003-f01,10.1021_acs.chemmater.3c01952-p003-f01-s01,Exp. Pattern,COF-C2-80,experimental,29.023000,0.655800
10.1021_acs.chemmater.3c01952,10.1021_acs.chemmater.3c01952-p003-f01,10.1021_acs.chemmater.3c01952-p003-f01-s01,Exp. Pattern,COF-C2-80,experimental,29.043000,0.661000
10.1021_acs.chemmater.3c01952,10.1021_acs.chemmater.3c01952-p003-f01,10.1021_acs.chemmater.3c01952-p003-f01-s01,Exp. Pattern,COF-C2-80,experimental,29.063000,0.666200
10.1021_acs.chemmater.3c01952,10.1021_acs.chemmater.3c01952-p003-f01,10.1021_acs.chemmater.3c01952-p003-f01-s01,Exp. Pattern,COF-C2-80,experimental,29.083000,0.671400
10.1021_acs.chemmater.3c01952,10.1021_acs.chemmater.3c01952-p003-f01,10.1021_acs.chemmater.3c01952-p003-f01-s01,Exp. Pattern,COF-C2-80,experimental,29.103000,0.690400
10.1021_acs.chemmater.3c01952,10.1021_acs.chemmater.3c01952-p003-f01,10.1021_acs.chemmater.3c01952-p003-f01-s01,Exp. Pattern,COF-C2-80,experimental,29.123000,0.705600
10.1021_acs.chemmater.3c01952,10.1021_acs.chemmater.3c01952-p003-f01,10.1021_acs.chemmater.3c01952-p003-f01-s01,Exp. Pattern,COF-C2-80,experimental,29.143000,0.690700
10.1021_acs.chemmater.3c01952,10.1021_acs.chemmater.3c01952-p003-f01,10.1021_acs.chemmater.3c01952-p003-f01-s01,Exp. Pattern,COF-C2-80,experimental,29.163000,0.637300
10.1021_acs.chemmater.3c01952,10.1021_acs.chemmater.3c01952-p003-f01,10.1021_acs.chemmater.3c01952-p003-f01-s01,Exp. Pattern,COF-C2-80,experimental,29.183000,0.577600
10.1021_acs.chemmater.3c01952,10.1021_acs.chemmater.3c01952-p003-f01,10.1021_acs.chemmater.3c01952-p003-f01-s01,Exp. Pattern,COF-C2-80,experimental,29.203000,0.540000
10.1021_acs.chemmater.3c01952,10.1021_acs.chemmater.3c01952-p003-f01,10.1021_acs.chemmater.3c01952-p003-f01-s01,Exp. Pattern,COF-C2-80,experimental,29.223000,0.542500
10.1021_acs.chemmater.3c01952,10.1021_acs.chemmater.3c01952-p003-f01,10.1021_acs.chemmater.3c01952-p003-f01-s01,Exp. Pattern,COF-C2-80,experimental,29.243000,0.563400
10.1021_acs.chemmater.3c01952,10.1021_acs.chemmater.3c01952-p003-f01,10.1021_acs.chemmater.3c01952-p003-f01-s01,Exp. Pattern,COF-C2-80,experimental,29.263000,0.582900
10.1021_acs.chemmater.3c01952,10.1021_acs.chemmater.3c01952-p003-f01,10.1021_acs.chemmater.3c01952-p003-f01-s01,Exp. Pattern,COF-C2-80,experimental,29.283000,0.571400
10.1021_acs.chemmater.3c01952,10.1021_acs.chemmater.3c01952-p003-f01,10.1021_acs.chemmater.3c01952-p003-f01-s01,Exp. Pattern,COF-C2-80,experimental,29.303000,0.544300
10.1021_acs.chemmater.3c01952,10.1021_acs.chemmater.3c01952-p003-f01,10.1021_acs.chemmater.3c01952-p003-f01-s01,Exp. Pattern,COF-C2-80,experimental,29.323000,0.481700
10.1021_acs.chemmater.3c01952,10.1021_acs.chemmater.3c01952-p003-f01,10.1021_acs.chemmater.3c01952-p003-f01-s01,Exp. Pattern,COF-C2-80,experimental,29.343000,0.375000
10.1021_acs.chemmater.3c01952,10.1021_acs.chemmater.3c01952-p003-f01,10.1021_acs.chemmater.3c01952-p003-f01-s01,Exp. Pattern,COF-C2-80,experimental,29.363000,0.245200
10.1021_acs.chemmater.3c01952,10.1021_acs.chemmater.3c01952-p003-f01,10.1021_acs.chemmater.3c01952-p003-f01-s01,Exp. Pattern,COF-C2-80,experimental,29.383000,0.140000
10.1021_acs.chemmater.3c01952,10.1021_acs.chemmater.3c01952-p003-f01,10.1021_acs.chemmater.3c01952-p003-f01-s01,Exp. Pattern,COF-C2-80,experimental,29.403000,0.084000
10.1021_acs.chemmater.3c01952,10.1021_acs.chemmater.3c01952-p003-f01,10.1021_acs.chemmater.3c01952-p003-f01-s01,Exp. Pattern,COF-C2-80,experimental,29.423000,0.081200
10.1021_acs.chemmater.3c01952,10.1021_acs.chemmater.3c01952-p003-f01,10.1021_acs.chemmater.3c01952-p003-f01-s01,Exp. Pattern,COF-C2-80,experimental,29.443000,0.101100
10.1021_acs.chemmater.3c01952,10.1021_acs.chemmater.3c01952-p003-f01,10.1021_acs.chemmater.3c01952-p003-f01-s01,Exp. Pattern,COF-C2-80,experimental,29.463000,0.124300
10.1021_acs.chemmater.3c01952,10.1021_acs.chemmater.3c01952-p003-f01,10.1021_acs.chemmater.3c01952-p003-f01-s01,Exp. Pattern,COF-C2-80,experimental,29.483000,0.129800
10.1021_acs.chemmater.3c01952,10.1021_acs.chemmater.3c01952-p003-f01,10.1021_acs.chemmater.3c01952-p003-f01-s01,Exp. Pattern,COF-C2-80,experimental,29.503000,0.135300
10.1021_acs.chemmater.3c01952,10.1021_acs.chemmater.3c01952-p003-f01,10.1021_acs.chemmater.3c01952-p003-f01-s01,Exp. Pattern,COF-C2-80,experimental,29.523000,0.140800
10.1021_acs.chemmater.3c01952,10.1021_acs.chemmater.3c01952-p003-f01,10.1021_acs.chemmater.3c01952-p003-f01-s01,Exp. Pattern,COF-C2-80,experimental,29.543000,0.146300
10.1021_acs.chemmater.3c01952,10.1021_acs.chemmater.3c01952-p003-f01,10.1021_acs.chemmater.3c01952-p003-f01-s01,Exp. Pattern,COF-C2-80,experimental,29.563000,0.140100
10.1021_acs.chemmater.3c01952,10.1021_acs.chemmater.3c01952-p003-f01,10.1021_acs.chemmater.3c01952-p003-f01-s01,Exp. Pattern,COF-C2-80,experimental,29.583000,0.133000
10.1021_acs.chemmater.3c01952,10.1021_acs.chemmater.3c01952-p003-f01,10.1021_acs.chemmater.3c01952-p003-f01-s01,Exp. Pattern,COF-C2-80,experimental,29.603000,0.156700
10.1021_acs.chemmater.3c01952,10.1021_acs.chemmater.3c01952-p003-f01,10.1021_acs.chemmater.3c01952-p003-f01-s01,Exp. Pattern,COF-C2-80,experimental,29.623000,0.217300
10.1021_acs.chemmater.3c01952,10.1021_acs.chemmater.3c01952-p003-f01,10.1021_acs.chemmater.3c01952-p003-f01-s01,Exp. Pattern,COF-C2-80,experimental,29.643000,0.289600
10.1021_acs.chemmater.3c01952,10.1021_acs.chemmater.3c01952-p003-f01,10.1021_acs.chemmater.3c01952-p003-f01-s01,Exp. Pattern,COF-C2-80,experimental,29.663000,0.339900
10.1021_acs.chemmater.3c01952,10.1021_acs.chemmater.3c01952-p003-f01,10.1021_acs.chemmater.3c01952-p003-f01-s01,Exp. Pattern,COF-C2-80,experimental,29.683000,0.368100
10.1021_acs.chemmater.3c01952,10.1021_acs.chemmater.3c01952-p003-f01,10.1021_acs.chemmater.3c01952-p003-f01-s01,Exp. Pattern,COF-C2-80,experimental,29.703000,0.374300
10.1021_acs.chemmater.3c01952,10.1021_acs.chemmater.3c01952-p003-f01,10.1021_acs.chemmater.3c01952-p003-f01-s01,Exp. Pattern,COF-C2-80,experimental,29.723000,0.358500
10.1021_acs.chemmater.3c01952,10.1021_acs.chemmater.3c01952-p003-f01,10.1021_acs.chemmater.3c01952-p003-f01-s01,Exp. Pattern,COF-C2-80,experimental,29.743000,0.320600
10.1021_acs.chemmater.3c01952,10.1021_acs.chemmater.3c01952-p003-f01,10.1021_acs.chemmater.3c01952-p003-f01-s01,Exp. Pattern,COF-C2-80,experimental,29.763000,0.260700
10.1021_acs.chemmater.3c01952,10.1021_acs.chemmater.3c01952-p003-f01,10.1021_acs.chemmater.3c01952-p003-f01-s01,Exp. Pattern,COF-C2-80,experimental,29.783000,0.209200
10.1021_acs.chemmater.3c01952,10.1021_acs.chemmater.3c01952-p003-f01,10.1021_acs.chemmater.3c01952-p003-f01-s01,Exp. Pattern,COF-C2-80,experimental,29.803000,0.209100
10.1021_acs.chemmater.3c01952,10.1021_acs.chemmater.3c01952-p003-f01,10.1021_acs.chemmater.3c01952-p003-f01-s01,Exp. Pattern,COF-C2-80,experimental,29.823000,0.226000
10.1021_acs.chemmater.3c01952,10.1021_acs.chemmater.3c01952-p003-f01,10.1021_acs.chemmater.3c01952-p003-f01-s01,Exp. Pattern,COF-C2-80,experimental,29.843000,0.221800
10.1021_acs.chemmater.3c01952,10.1021_acs.chemmater.3c01952-p003-f01,10.1021_acs.chemmater.3c01952-p003-f01-s01,Exp. Pattern,COF-C2-80,experimental,29.863000,0.176300
10.1021_acs.chemmater.3c01952,10.1021_acs.chemmater.3c01952-p003-f01,10.1021_acs.chemmater.3c01952-p003-f01-s01,Exp. Pattern,COF-C2-80,experimental,29.883000,0.137400
10.1021_acs.chemmater.3c01952,10.1021_acs.chemmater.3c01952-p003-f01,10.1021_acs.chemmater.3c01952-p003-f01-s01,Exp. Pattern,COF-C2-80,experimental,29.903000,0.115400
10.1021_acs.chemmater.3c01952,10.1021_acs.chemmater.3c01952-p003-f01,10.1021_acs.chemmater.3c01952-p003-f01-s01,Exp. Pattern,COF-C2-80,experimental,29.923000,0.088800
10.1021_acs.chemmater.3c01952,10.1021_acs.chemmater.3c01952-p003-f01,10.1021_acs.chemmater.3c01952-p003-f01-s01,Exp. Pattern,COF-C2-80,experimental,29.943000,0.086100
10.1021_acs.chemmater.3c01952,10.1021_acs.chemmater.3c01952-p003-f01,10.1021_acs.chemmater.3c01952-p003-f01-s01,Exp. Pattern,COF-C2-80,experimental,29.963000,0.118600
10.1021_acs.chemmater.3c01952,10.1021_acs.chemmater.3c01952-p003-f01,10.1021_acs.chemmater.3c01952-p003-f01-s01,Exp. Pattern,COF-C2-80,experimental,29.983000,0.197300
10.1021_acs.chemmater.3c01952,10.1021_acs.chemmater.3c01952-p003-f01,10.1021_acs.chemmater.3c01952-p003-f01-s01,Exp. Pattern,COF-C2-80,experimental,30.003000,0.333100
10.1021_acs.chemmater.3c01952,10.1021_acs.chemmater.3c01952-p003-f01,10.1021_acs.chemmater.3c01952-p003-f01-s02,AA Stacking,COF-C2-80,AA Stacking,1.483000,0.564700
10.1021_acs.chemmater.3c01952,10.1021_acs.chemmater.3c01952-p003-f01,10.1021_acs.chemmater.3c01952-p003-f01-s02,AA Stacking,COF-C2-80,AA Stacking,1.503000,0.268700
10.1021_acs.chemmater.3c01952,10.1021_acs.chemmater.3c01952-p003-f01,10.1021_acs.chemmater.3c01952-p003-f01-s02,AA Stacking,COF-C2-80,AA Stacking,1.523000,0.080200
10.1021_acs.chemmater.3c01952,10.1021_acs.chemmater.3c01952-p003-f01,10.1021_acs.chemmater.3c01952-p003-f01-s02,AA Stacking,COF-C2-80,AA Stacking,1.543000,-0.021600
10.1021_acs.chemmater.3c01952,10.1021_acs.chemmater.3c01952-p003-f01,10.1021_acs.chemmater.3c01952-p003-f01-s02,AA Stacking,COF-C2-80,AA Stacking,1.563000,-0.057300
10.1021_acs.chemmater.3c01952,10.1021_acs.chemmater.3c01952-p003-f01,10.1021_acs.chemmater.3c01952-p003-f01-s02,AA Stacking,COF-C2-80,AA Stacking,1.583000,-0.047600
10.1021_acs.chemmater.3c01952,10.1021_acs.chemmater.3c01952-p003-f01,10.1021_acs.chemmater.3c01952-p003-f01-s02,AA Stacking,COF-C2-80,AA Stacking,1.603000,-0.015200
10.1021_acs.chemmater.3c01952,10.1021_acs.chemmater.3c01952-p003-f01,10.1021_acs.chemmater.3c01952-p003-f01-s02,AA Stacking,COF-C2-80,AA Stacking,1.623000,0.001000
10.1021_acs.chemmater.3c01952,10.1021_acs.chemmater.3c01952-p003-f01,10.1021_acs.chemmater.3c01952-p003-f01-s02,AA Stacking,COF-C2-80,AA Stacking,1.643000,0.000900
10.1021_acs.chemmater.3c01952,10.1021_acs.chemmater.3c01952-p003-f01,10.1021_acs.chemmater.3c01952-p003-f01-s02,AA Stacking,COF-C2-80,AA Stacking,1.663000,0.000800
10.1021_acs.chemmater.3c01952,10.1021_acs.chemmater.3c01952-p003-f01,10.1021_acs.chemmater.3c01952-p003-f01-s02,AA Stacking,COF-C2-80,AA Stacking,1.683000,0.000700
10.1021_acs.chemmater.3c01952,10.1021_acs.chemmater.3c01952-p003-f01,10.1021_acs.chemmater.3c01952-p003-f01-s02,AA Stacking,COF-C2-80,AA Stacking,1.703000,0.000600
10.1021_acs.chemmater.3c01952,10.1021_acs.chemmater.3c01952-p003-f01,10.1021_acs.chemmater.3c01952-p003-f01-s02,AA Stacking,COF-C2-80,AA Stacking,1.723000,0.000500
10.1021_acs.chemmater.3c01952,10.1021_acs.chemmater.3c01952-p003-f01,10.1021_acs.chemmater.3c01952-p003-f01-s02,AA Stacking,COF-C2-80,AA Stacking,1.743000,0.000400
10.1021_acs.chemmater.3c01952,10.1021_acs.chemmater.3c01952-p003-f01,10.1021_acs.chemmater.3c01952-p003-f01-s02,AA Stacking,COF-C2-80,AA Stacking,1.763000,0.000300
10.1021_acs.chemmater.3c01952,10.1021_acs.chemmater.3c01952-p003-f01,10.1021_acs.chemmater.3c01952-p003-f01-s02,AA Stacking,COF-C2-80,AA Stacking,1.783000,0.000200
10.1021_acs.chemmater.3c01952,10.1021_acs.chemmater.3c01952-p003-f01,10.1021_acs.chemmater.3c01952-p003-f01-s02,AA Stacking,COF-C2-80,AA Stacking,1.803000,0.000100
10.1021_acs.chemmater.3c01952,10.1021_acs.chemmater.3c01952-p003-f01,10.1021_acs.chemmater.3c01952-p003-f01-s02,AA Stacking,COF-C2-80,AA Stacking,1.823000,0.000000
10.1021_acs.chemmater.3c01952,10.1021_acs.chemmater.3c01952-p003-f01,10.1021_acs.chemmater.3c01952-p003-f01-s02,AA Stacking,COF-C2-80,AA Stacking,1.843000,0.000000
10.1021_acs.chemmater.3c01952,10.1021_acs.chemmater.3c01952-p003-f01,10.1021_acs.chemmater.3c01952-p003-f01-s02,AA Stacking,COF-C2-80,AA Stacking,1.863000,0.000000
10.1021_acs.chemmater.3c01952,10.1021_acs.chemmater.3c01952-p003-f01,10.1021_acs.chemmater.3c01952-p003-f01-s02,AA Stacking,COF-C2-80,AA Stacking,1.883000,0.000000
10.1021_acs.chemmater.3c01952,10.1021_acs.chemmater.3c01952-p003-f01,10.1021_acs.chemmater.3c01952-p003-f01-s02,AA Stacking,COF-C2-80,AA Stacking,1.903000,0.000000
10.1021_acs.chemmater.3c01952,10.1021_acs.chemmater.3c01952-p003-f01,10.1021_acs.chemmater.3c01952-p003-f01-s02,AA Stacking,COF-C2-80,AA Stacking,1.923000,0.000000
10.1021_acs.chemmater.3c01952,10.1021_acs.chemmater.3c01952-p003-f01,10.1021_acs.chemmater.3c01952-p003-f01-s02,AA Stacking,COF-C2-80,AA Stacking,1.943000,0.000000
10.1021_acs.chemmater.3c01952,10.1021_acs.chemmater.3c01952-p003-f01,10.1021_acs.chemmater.3c01952-p003-f01-s02,AA Stacking,COF-C2-80,AA Stacking,1.963000,0.000000
10.1021_acs.chemmater.3c01952,10.1021_acs.chemmater.3c01952-p003-f01,10.1021_acs.chemmater.3c01952-p003-f01-s02,AA Stacking,COF-C2-80,AA Stacking,1.983000,0.000000
10.1021_acs.chemmater.3c01952,10.1021_acs.chemmater.3c01952-p003-f01,10.1021_acs.chemmater.3c01952-p003-f01-s02,AA Stacking,COF-C2-80,AA Stacking,2.003000,0.000000
10.1021_acs.chemmater.3c01952,10.1021_acs.chemmater.3c01952-p003-f01,10.1021_acs.chemmater.3c01952-p003-f01-s02,AA Stacking,COF-C2-80,AA Stacking,2.023000,0.000000
10.1021_acs.chemmater.3c01952,10.1021_acs.chemmater.3c01952-p003-f01,10.1021_acs.chemmater.3c01952-p003-f01-s02,AA Stacking,COF-C2-80,AA Stacking,2.043000,0.000000
10.1021_acs.chemmater.3c01952,10.1021_acs.chemmater.3c01952-p003-f01,10.1021_acs.chemmater.3c01952-p003-f01-s02,AA Stacking,COF-C2-80,AA Stacking,2.063000,0.000000
10.1021_acs.chemmater.3c01952,10.1021_acs.chemmater.3c01952-p003-f01,10.1021_acs.chemmater.3c01952-p003-f01-s02,AA Stacking,COF-C2-80,AA Stacking,2.083000,0.000000
10.1021_acs.chemmater.3c01952,10.1021_acs.chemmater.3c01952-p003-f01,10.1021_acs.chemmater.3c01952-p003-f01-s02,AA Stacking,COF-C2-80,AA Stacking,2.103000,0.000000
10.1021_acs.chemmater.3c01952,10.1021_acs.chemmater.3c01952-p003-f01,10.1021_acs.chemmater.3c01952-p003-f01-s02,AA Stacking,COF-C2-80,AA Stacking,2.123000,0.000000
10.1021_acs.chemmater.3c01952,10.1021_acs.chemmater.3c01952-p003-f01,10.1021_acs.chemmater.3c01952-p003-f01-s02,AA Stacking,COF-C2-80,AA Stacking,2.143000,0.000000
10.1021_acs.chemmater.3c01952,10.1021_acs.chemmater.3c01952-p003-f01,10.1021_acs.chemmater.3c01952-p003-f01-s02,AA Stacking,COF-C2-80,AA Stacking,2.163000,0.000000
10.1021_acs.chemmater.3c01952,10.1021_acs.chemmater.3c01952-p003-f01,10.1021_acs.chemmater.3c01952-p003-f01-s02,AA Stacking,COF-C2-80,AA Stacking,2.183000,0.000000
10.1021_acs.chemmater.3c01952,10.1021_acs.chemmater.3c01952-p003-f01,10.1021_acs.chemmater.3c01952-p003-f01-s02,AA Stacking,COF-C2-80,AA Stacking,2.203000,0.000000
10.1021_acs.chemmater.3c01952,10.1021_acs.chemmater.3c01952-p003-f01,10.1021_acs.chemmater.3c01952-p003-f01-s02,AA Stacking,COF-C2-80,AA Stacking,2.223000,0.000000
10.1021_acs.chemmater.3c01952,10.1021_acs.chemmater.3c01952-p003-f01,10.1021_acs.chemmater.3c01952-p003-f01-s02,AA Stacking,COF-C2-80,AA Stacking,2.243000,0.000000
10.1021_acs.chemmater.3c01952,10.1021_acs.chemmater.3c01952-p003-f01,10.1021_acs.chemmater.3c01952-p003-f01-s02,AA Stacking,COF-C2-80,AA Stacking,2.263000,0.000000
10.1021_acs.chemmater.3c01952,10.1021_acs.chemmater.3c01952-p003-f01,10.1021_acs.chemmater.3c01952-p003-f01-s02,AA Stacking,COF-C2-80,AA Stacking,2.283000,0.000000
10.1021_acs.chemmater.3c01952,10.1021_acs.chemmater.3c01952-p003-f01,10.1021_acs.chemmater.3c01952-p003-f01-s02,AA Stacking,COF-C2-80,AA Stacking,2.303000,0.000000
10.1021_acs.chemmater.3c01952,10.1021_acs.chemmater.3c01952-p003-f01,10.1021_acs.chemmater.3c01952-p003-f01-s02,AA Stacking,COF-C2-80,AA Stacking,2.323000,0.000000
10.1021_acs.chemmater.3c01952,10.1021_acs.chemmater.3c01952-p003-f01,10.1021_acs.chemmater.3c01952-p003-f01-s02,AA Stacking,COF-C2-80,AA Stacking,2.343000,0.000000
10.1021_acs.chemmater.3c01952,10.1021_acs.chemmater.3c01952-p003-f01,10.1021_acs.chemmater.3c01952-p003-f01-s02,AA Stacking,COF-C2-80,AA Stacking,2.363000,0.000000
10.1021_acs.chemmater.3c01952,10.1021_acs.chemmater.3c01952-p003-f01,10.1021_acs.chemmater.3c01952-p003-f01-s02,AA Stacking,COF-C2-80,AA Stacking,2.383000,0.000000
10.1021_acs.chemmater.3c01952,10.1021_acs.chemmater.3c01952-p003-f01,10.1021_acs.chemmater.3c01952-p003-f01-s02,AA Stacking,COF-C2-80,AA Stacking,2.403000,0.000000
10.1021_acs.chemmater.3c01952,10.1021_acs.chemmater.3c01952-p003-f01,10.1021_acs.chemmater.3c01952-p003-f01-s02,AA Stacking,COF-C2-80,AA Stacking,2.423000,0.000000
10.1021_acs.chemmater.3c01952,10.1021_acs.chemmater.3c01952-p003-f01,10.1021_acs.chemmater.3c01952-p003-f01-s02,AA Stacking,COF-C2-80,AA Stacking,2.443000,0.000000
10.1021_acs.chemmater.3c01952,10.1021_acs.chemmater.3c01952-p003-f01,10.1021_acs.chemmater.3c01952-p003-f01-s02,AA Stacking,COF-C2-80,AA Stacking,2.463000,0.000000
10.1021_acs.chemmater.3c01952,10.1021_acs.chemmater.3c01952-p003-f01,10.1021_acs.chemmater.3c01952-p003-f01-s02,AA Stacking,COF-C2-80,AA Stacking,2.483000,0.000000
10.1021_acs.chemmater.3c01952,10.1021_acs.chemmater.3c01952-p003-f01,10.1021_acs.chemmater.3c01952-p003-f01-s02,AA Stacking,COF-C2-80,AA Stacking,2.503000,0.000000
10.1021_acs.chemmater.3c01952,10.1021_acs.chemmater.3c01952-p003-f01,10.1021_acs.chemmater.3c01952-p003-f01-s02,AA Stacking,COF-C2-80,AA Stacking,2.523000,0.000000
10.1021_acs.chemmater.3c01952,10.1021_acs.chemmater.3c01952-p003-f01,10.1021_acs.chemmater.3c01952-p003-f01-s02,AA Stacking,COF-C2-80,AA Stacking,2.543000,0.000000
10.1021_acs.chemmater.3c01952,10.1021_acs.chemmater.3c01952-p003-f01,10.1021_acs.chemmater.3c01952-p003-f01-s02,AA Stacking,COF-C2-80,AA Stacking,2.563000,0.000000
10.1021_acs.chemmater.3c01952,10.1021_acs.chemmater.3c01952-p003-f01,10.1021_acs.chemmater.3c01952-p003-f01-s02,AA Stacking,COF-C2-80,AA Stacking,2.583000,0.000000
10.1021_acs.chemmater.3c01952,10.1021_acs.chemmater.3c01952-p003-f01,10.1021_acs.chemmater.3c01952-p003-f01-s02,AA Stacking,COF-C2-80,AA Stacking,2.603000,0.000000
10.1021_acs.chemmater.3c01952,10.1021_acs.chemmater.3c01952-p003-f01,10.1021_acs.chemmater.3c01952-p003-f01-s02,AA Stacking,COF-C2-80,AA Stacking,2.623000,0.000000
10.1021_acs.chemmater.3c01952,10.1021_acs.chemmater.3c01952-p003-f01,10.1021_acs.chemmater.3c01952-p003-f01-s02,AA Stacking,COF-C2-80,AA Stacking,2.643000,0.000000
10.1021_acs.chemmater.3c01952,10.1021_acs.chemmater.3c01952-p003-f01,10.1021_acs.chemmater.3c01952-p003-f01-s02,AA Stacking,COF-C2-80,AA Stacking,2.663000,0.000000
10.1021_acs.chemmater.3c01952,10.1021_acs.chemmater.3c01952-p003-f01,10.1021_acs.chemmater.3c01952-p003-f01-s02,AA Stacking,COF-C2-80,AA Stacking,2.683000,0.000000
10.1021_acs.chemmater.3c01952,10.1021_acs.chemmater.3c01952-p003-f01,10.1021_acs.chemmater.3c01952-p003-f01-s02,AA Stacking,COF-C2-80,AA Stacking,2.703000,0.000000
10.1021_acs.chemmater.3c01952,10.1021_acs.chemmater.3c01952-p003-f01,10.1021_acs.chemmater.3c01952-p003-f01-s02,AA Stacking,COF-C2-80,AA Stacking,2.723000,0.000000
10.1021_acs.chemmater.3c01952,10.1021_acs.chemmater.3c01952-p003-f01,10.1021_acs.chemmater.3c01952-p003-f01-s02,AA Stacking,COF-C2-80,AA Stacking,2.743000,0.000000
10.1021_acs.chemmater.3c01952,10.1021_acs.chemmater.3c01952-p003-f01,10.1021_acs.chemmater.3c01952-p003-f01-s02,AA Stacking,COF-C2-80,AA Stacking,2.763000,0.000000
10.1021_acs.chemmater.3c01952,10.1021_acs.chemmater.3c01952-p003-f01,10.1021_acs.chemmater.3c01952-p003-f01-s02,AA Stacking,COF-C2-80,AA Stacking,2.783000,0.000000
10.1021_acs.chemmater.3c01952,10.1021_acs.chemmater.3c01952-p003-f01,10.1021_acs.chemmater.3c01952-p003-f01-s02,AA Stacking,COF-C2-80,AA Stacking,2.803000,0.000000
10.1021_acs.chemmater.3c01952,10.1021_acs.chemmater.3c01952-p003-f01,10.1021_acs.chemmater.3c01952-p003-f01-s02,AA Stacking,COF-C2-80,AA Stacking,2.823000,0.000000
10.1021_acs.chemmater.3c01952,10.1021_acs.chemmater.3c01952-p003-f01,10.1021_acs.chemmater.3c01952-p003-f01-s02,AA Stacking,COF-C2-80,AA Stacking,2.843000,0.000000
10.1021_acs.chemmater.3c01952,10.1021_acs.chemmater.3c01952-p003-f01,10.1021_acs.chemmater.3c01952-p003-f01-s02,AA Stacking,COF-C2-80,AA Stacking,2.863000,0.000000
10.1021_acs.chemmater.3c01952,10.1021_acs.chemmater.3c01952-p003-f01,10.1021_acs.chemmater.3c01952-p003-f01-s02,AA Stacking,COF-C2-80,AA Stacking,2.883000,0.000000
10.1021_acs.chemmater.3c01952,10.1021_acs.chemmater.3c01952-p003-f01,10.1021_acs.chemmater.3c01952-p003-f01-s02,AA Stacking,COF-C2-80,AA Stacking,2.903000,0.000000
10.1021_acs.chemmater.3c01952,10.1021_acs.chemmater.3c01952-p003-f01,10.1021_acs.chemmater.3c01952-p003-f01-s02,AA Stacking,COF-C2-80,AA Stacking,2.923000,0.000000
10.1021_acs.chemmater.3c01952,10.1021_acs.chemmater.3c01952-p003-f01,10.1021_acs.chemmater.3c01952-p003-f01-s02,AA Stacking,COF-C2-80,AA Stacking,2.943000,0.000000
10.1021_acs.chemmater.3c01952,10.1021_acs.chemmater.3c01952-p003-f01,10.1021_acs.chemmater.3c01952-p003-f01-s02,AA Stacking,COF-C2-80,AA Stacking,2.963000,0.000000
10.1021_acs.chemmater.3c01952,10.1021_acs.chemmater.3c01952-p003-f01,10.1021_acs.chemmater.3c01952-p003-f01-s02,AA Stacking,COF-C2-80,AA Stacking,2.983000,0.000000
10.1021_acs.chemmater.3c01952,10.1021_acs.chemmater.3c01952-p003-f01,10.1021_acs.chemmater.3c01952-p003-f01-s02,AA Stacking,COF-C2-80,AA Stacking,3.003000,0.000000
10.1021_acs.chemmater.3c01952,10.1021_acs.chemmater.3c01952-p003-f01,10.1021_acs.chemmater.3c01952-p003-f01-s02,AA Stacking,COF-C2-80,AA Stacking,3.023000,-0.000100
10.1021_acs.chemmater.3c01952,10.1021_acs.chemmater.3c01952-p003-f01,10.1021_acs.chemmater.3c01952-p003-f01-s02,AA Stacking,COF-C2-80,AA Stacking,3.043000,-0.000200
10.1021_acs.chemmater.3c01952,10.1021_acs.chemmater.3c01952-p003-f01,10.1021_acs.chemmater.3c01952-p003-f01-s02,AA Stacking,COF-C2-80,AA Stacking,3.063000,-0.000200
10.1021_acs.chemmater.3c01952,10.1021_acs.chemmater.3c01952-p003-f01,10.1021_acs.chemmater.3c01952-p003-f01-s02,AA Stacking,COF-C2-80,AA Stacking,3.083000,0.000100
10.1021_acs.chemmater.3c01952,10.1021_acs.chemmater.3c01952-p003-f01,10.1021_acs.chemmater.3c01952-p003-f01-s02,AA Stacking,COF-C2-80,AA Stacking,3.103000,-0.027500
10.1021_acs.chemmater.3c01952,10.1021_acs.chemmater.3c01952-p003-f01,10.1021_acs.chemmater.3c01952-p003-f01-s02,AA Stacking,COF-C2-80,AA Stacking,3.123000,-0.043900
10.1021_acs.chemmater.3c01952,10.1021_acs.chemmater.3c01952-p003-f01,10.1021_acs.chemmater.3c01952-p003-f01-s02,AA Stacking,COF-C2-80,AA Stacking,3.143000,-0.002000
10.1021_acs.chemmater.3c01952,10.1021_acs.chemmater.3c01952-p003-f01,10.1021_acs.chemmater.3c01952-p003-f01-s02,AA Stacking,COF-C2-80,AA Stacking,3.163000,0.083600
10.1021_acs.chemmater.3c01952,10.1021_acs.chemmater.3c01952-p003-f01,10.1021_acs.chemmater.3c01952-p003-f01-s02,AA Stacking,COF-C2-80,AA Stacking,3.183000,0.197900
10.1021_acs.chemmater.3c01952,10.1021_acs.chemmater.3c01952-p003-f01,10.1021_acs.chemmater.3c01952-p003-f01-s02,AA Stacking,COF-C2-80,AA Stacking,3.203000,0.326400
10.1021_acs.chemmater.3c01952,10.1021_acs.chemmater.3c01952-p003-f01,10.1021_acs.chemmater.3c01952-p003-f01-s02,AA Stacking,COF-C2-80,AA Stacking,3.223000,0.454200
10.1021_acs.chemmater.3c01952,10.1021_acs.chemmater.3c01952-p003-f01,10.1021_acs.chemmater.3c01952-p003-f01-s02,AA Stacking,COF-C2-80,AA Stacking,3.243000,0.566700
10.1021_acs.chemmater.3c01952,10.1021_acs.chemmater.3c01952-p003-f01,10.1021_acs.chemmater.3c01952-p003-f01-s02,AA Stacking,COF-C2-80,AA Stacking,3.263000,0.641500
10.1021_acs.chemmater.3c01952,10.1021_acs.chemmater.3c01952-p003-f01,10.1021_acs.chemmater.3c01952-p003-f01-s02,AA Stacking,COF-C2-80,AA Stacking,3.283000,0.608600
10.1021_acs.chemmater.3c01952,10.1021_acs.chemmater.3c01952-p003-f01,10.1021_acs.chemmater.3c01952-p003-f01-s02,AA Stacking,COF-C2-80,AA Stacking,3.303000,0.253000
10.1021_acs.chemmater.3c01952,10.1021_acs.chemmater.3c01952-p003-f01,10.1021_acs.chemmater.3c01952-p003-f01-s02,AA Stacking,COF-C2-80,AA Stacking,3.323000,-0.335100
10.1021_acs.chemmater.3c01952,10.1021_acs.chemmater.3c01952-p003-f01,10.1021_acs.chemmater.3c01952-p003-f01-s02,AA Stacking,COF-C2-80,AA Stacking,3.343000,-1.194800
10.1021_acs.chemmater.3c01952,10.1021_acs.chemmater.3c01952-p003-f01,10.1021_acs.chemmater.3c01952-p003-f01-s02,AA Stacking,COF-C2-80,AA Stacking,3.363000,-0.558400
10.1021_acs.chemmater.3c01952,10.1021_acs.chemmater.3c01952-p003-f01,10.1021_acs.chemmater.3c01952-p003-f01-s02,AA Stacking,COF-C2-80,AA Stacking,3.383000,2.861800
10.1021_acs.chemmater.3c01952,10.1021_acs.chemmater.3c01952-p003-f01,10.1021_acs.chemmater.3c01952-p003-f01-s02,AA Stacking,COF-C2-80,AA Stacking,3.403000,9.855700
10.1021_acs.chemmater.3c01952,10.1021_acs.chemmater.3c01952-p003-f01,10.1021_acs.chemmater.3c01952-p003-f01-s02,AA Stacking,COF-C2-80,AA Stacking,3.423000,21.138200
10.1021_acs.chemmater.3c01952,10.1021_acs.chemmater.3c01952-p003-f01,10.1021_acs.chemmater.3c01952-p003-f01-s02,AA Stacking,COF-C2-80,AA Stacking,3.443000,36.357100
10.1021_acs.chemmater.3c01952,10.1021_acs.chemmater.3c01952-p003-f01,10.1021_acs.chemmater.3c01952-p003-f01-s02,AA Stacking,COF-C2-80,AA Stacking,3.463000,54.052000
10.1021_acs.chemmater.3c01952,10.1021_acs.chemmater.3c01952-p003-f01,10.1021_acs.chemmater.3c01952-p003-f01-s02,AA Stacking,COF-C2-80,AA Stacking,3.483000,71.207400
10.1021_acs.chemmater.3c01952,10.1021_acs.chemmater.3c01952-p003-f01,10.1021_acs.chemmater.3c01952-p003-f01-s02,AA Stacking,COF-C2-80,AA Stacking,3.503000,84.104300
10.1021_acs.chemmater.3c01952,10.1021_acs.chemmater.3c01952-p003-f01,10.1021_acs.chemmater.3c01952-p003-f01-s02,AA Stacking,COF-C2-80,AA Stacking,3.523000,90.192100
10.1021_acs.chemmater.3c01952,10.1021_acs.chemmater.3c01952-p003-f01,10.1021_acs.chemmater.3c01952-p003-f01-s02,AA Stacking,COF-C2-80,AA Stacking,3.543000,87.933500
10.1021_acs.chemmater.3c01952,10.1021_acs.chemmater.3c01952-p003-f01,10.1021_acs.chemmater.3c01952-p003-f01-s02,AA Stacking,COF-C2-80,AA Stacking,3.563000,78.870300
10.1021_acs.chemmater.3c01952,10.1021_acs.chemmater.3c01952-p003-f01,10.1021_acs.chemmater.3c01952-p003-f01-s02,AA Stacking,COF-C2-80,AA Stacking,3.583000,64.971900
10.1021_acs.chemmater.3c01952,10.1021_acs.chemmater.3c01952-p003-f01,10.1021_acs.chemmater.3c01952-p003-f01-s02,AA Stacking,COF-C2-80,AA Stacking,3.603000,49.083600
10.1021_acs.chemmater.3c01952,10.1021_acs.chemmater.3c01952-p003-f01,10.1021_acs.chemmater.3c01952-p003-f01-s02,AA Stacking,COF-C2-80,AA Stacking,3.623000,34.929100
10.1021_acs.chemmater.3c01952,10.1021_acs.chemmater.3c01952-p003-f01,10.1021_acs.chemmater.3c01952-p003-f01-s02,AA Stacking,COF-C2-80,AA Stacking,3.643000,23.922400
10.1021_acs.chemmater.3c01952,10.1021_acs.chemmater.3c01952-p003-f01,10.1021_acs.chemmater.3c01952-p003-f01-s02,AA Stacking,COF-C2-80,AA Stacking,3.663000,16.138100
10.1021_acs.chemmater.3c01952,10.1021_acs.chemmater.3c01952-p003-f01,10.1021_acs.chemmater.3c01952-p003-f01-s02,AA Stacking,COF-C2-80,AA Stacking,3.683000,11.114700
10.1021_acs.chemmater.3c01952,10.1021_acs.chemmater.3c01952-p003-f01,10.1021_acs.chemmater.3c01952-p003-f01-s02,AA Stacking,COF-C2-80,AA Stacking,3.703000,7.890800
10.1021_acs.chemmater.3c01952,10.1021_acs.chemmater.3c01952-p003-f01,10.1021_acs.chemmater.3c01952-p003-f01-s02,AA Stacking,COF-C2-80,AA Stacking,3.723000,5.762700
10.1021_acs.chemmater.3c01952,10.1021_acs.chemmater.3c01952-p003-f01,10.1021_acs.chemmater.3c01952-p003-f01-s02,AA Stacking,COF-C2-80,AA Stacking,3.743000,3.851900
10.1021_acs.chemmater.3c01952,10.1021_acs.chemmater.3c01952-p003-f01,10.1021_acs.chemmater.3c01952-p003-f01-s02,AA Stacking,COF-C2-80,AA Stacking,3.763000,2.012900
10.1021_acs.chemmater.3c01952,10.1021_acs.chemmater.3c01952-p003-f01,10.1021_acs.chemmater.3c01952-p003-f01-s02,AA Stacking,COF-C2-80,AA Stacking,3.783000,0.538600
10.1021_acs.chemmater.3c01952,10.1021_acs.chemmater.3c01952-p003-f01,10.1021_acs.chemmater.3c01952-p003-f01-s02,AA Stacking,COF-C2-80,AA Stacking,3.803000,-0.188800
10.1021_acs.chemmater.3c01952,10.1021_acs.chemmater.3c01952-p003-f01,10.1021_acs.chemmater.3c01952-p003-f01-s02,AA Stacking,COF-C2-80,AA Stacking,3.823000,0.186800
10.1021_acs.chemmater.3c01952,10.1021_acs.chemmater.3c01952-p003-f01,10.1021_acs.chemmater.3c01952-p003-f01-s02,AA Stacking,COF-C2-80,AA Stacking,3.843000,0.647800
10.1021_acs.chemmater.3c01952,10.1021_acs.chemmater.3c01952-p003-f01,10.1021_acs.chemmater.3c01952-p003-f01-s02,AA Stacking,COF-C2-80,AA Stacking,3.863000,0.645900
10.1021_acs.chemmater.3c01952,10.1021_acs.chemmater.3c01952-p003-f01,10.1021_acs.chemmater.3c01952-p003-f01-s02,AA Stacking,COF-C2-80,AA Stacking,3.883000,0.568000
10.1021_acs.chemmater.3c01952,10.1021_acs.chemmater.3c01952-p003-f01,10.1021_acs.chemmater.3c01952-p003-f01-s02,AA Stacking,COF-C2-80,AA Stacking,3.903000,0.456000
10.1021_acs.chemmater.3c01952,10.1021_acs.chemmater.3c01952-p003-f01,10.1021_acs.chemmater.3c01952-p003-f01-s02,AA Stacking,COF-C2-80,AA Stacking,3.923000,0.328700
10.1021_acs.chemmater.3c01952,10.1021_acs.chemmater.3c01952-p003-f01,10.1021_acs.chemmater.3c01952-p003-f01-s02,AA Stacking,COF-C2-80,AA Stacking,3.943000,0.200700
10.1021_acs.chemmater.3c01952,10.1021_acs.chemmater.3c01952-p003-f01,10.1021_acs.chemmater.3c01952-p003-f01-s02,AA Stacking,COF-C2-80,AA Stacking,3.963000,0.086700
10.1021_acs.chemmater.3c01952,10.1021_acs.chemmater.3c01952-p003-f01,10.1021_acs.chemmater.3c01952-p003-f01-s02,AA Stacking,COF-C2-80,AA Stacking,3.983000,0.001300
10.1021_acs.chemmater.3c01952,10.1021_acs.chemmater.3c01952-p003-f01,10.1021_acs.chemmater.3c01952-p003-f01-s02,AA Stacking,COF-C2-80,AA Stacking,4.003000,-0.041000
10.1021_acs.chemmater.3c01952,10.1021_acs.chemmater.3c01952-p003-f01,10.1021_acs.chemmater.3c01952-p003-f01-s02,AA Stacking,COF-C2-80,AA Stacking,4.023000,-0.025300
10.1021_acs.chemmater.3c01952,10.1021_acs.chemmater.3c01952-p003-f01,10.1021_acs.chemmater.3c01952-p003-f01-s02,AA Stacking,COF-C2-80,AA Stacking,4.043000,0.002000
10.1021_acs.chemmater.3c01952,10.1021_acs.chemmater.3c01952-p003-f01,10.1021_acs.chemmater.3c01952-p003-f01-s02,AA Stacking,COF-C2-80,AA Stacking,4.063000,0.001100
10.1021_acs.chemmater.3c01952,10.1021_acs.chemmater.3c01952-p003-f01,10.1021_acs.chemmater.3c01952-p003-f01-s02,AA Stacking,COF-C2-80,AA Stacking,4.083000,0.000400
10.1021_acs.chemmater.3c01952,10.1021_acs.chemmater.3c01952-p003-f01,10.1021_acs.chemmater.3c01952-p003-f01-s02,AA Stacking,COF-C2-80,AA Stacking,4.103000,0.000000
10.1021_acs.chemmater.3c01952,10.1021_acs.chemmater.3c01952-p003-f01,10.1021_acs.chemmater.3c01952-p003-f01-s02,AA Stacking,COF-C2-80,AA Stacking,4.123000,-0.000200
10.1021_acs.chemmater.3c01952,10.1021_acs.chemmater.3c01952-p003-f01,10.1021_acs.chemmater.3c01952-p003-f01-s02,AA Stacking,COF-C2-80,AA Stacking,4.143000,-0.000200
10.1021_acs.chemmater.3c01952,10.1021_acs.chemmater.3c01952-p003-f01,10.1021_acs.chemmater.3c01952-p003-f01-s02,AA Stacking,COF-C2-80,AA Stacking,4.163000,-0.000100
10.1021_acs.chemmater.3c01952,10.1021_acs.chemmater.3c01952-p003-f01,10.1021_acs.chemmater.3c01952-p003-f01-s02,AA Stacking,COF-C2-80,AA Stacking,4.183000,0.000000
10.1021_acs.chemmater.3c01952,10.1021_acs.chemmater.3c01952-p003-f01,10.1021_acs.chemmater.3c01952-p003-f01-s02,AA Stacking,COF-C2-80,AA Stacking,4.203000,0.000100
10.1021_acs.chemmater.3c01952,10.1021_acs.chemmater.3c01952-p003-f01,10.1021_acs.chemmater.3c01952-p003-f01-s02,AA Stacking,COF-C2-80,AA Stacking,4.223000,0.000200
10.1021_acs.chemmater.3c01952,10.1021_acs.chemmater.3c01952-p003-f01,10.1021_acs.chemmater.3c01952-p003-f01-s02,AA Stacking,COF-C2-80,AA Stacking,4.243000,0.000400
10.1021_acs.chemmater.3c01952,10.1021_acs.chemmater.3c01952-p003-f01,10.1021_acs.chemmater.3c01952-p003-f01-s02,AA Stacking,COF-C2-80,AA Stacking,4.263000,0.000600
10.1021_acs.chemmater.3c01952,10.1021_acs.chemmater.3c01952-p003-f01,10.1021_acs.chemmater.3c01952-p003-f01-s02,AA Stacking,COF-C2-80,AA Stacking,4.283000,0.000800
10.1021_acs.chemmater.3c01952,10.1021_acs.chemmater.3c01952-p003-f01,10.1021_acs.chemmater.3c01952-p003-f01-s02,AA Stacking,COF-C2-80,AA Stacking,4.303000,0.001000
10.1021_acs.chemmater.3c01952,10.1021_acs.chemmater.3c01952-p003-f01,10.1021_acs.chemmater.3c01952-p003-f01-s02,AA Stacking,COF-C2-80,AA Stacking,4.323000,0.001200
10.1021_acs.chemmater.3c01952,10.1021_acs.chemmater.3c01952-p003-f01,10.1021_acs.chemmater.3c01952-p003-f01-s02,AA Stacking,COF-C2-80,AA Stacking,4.343000,0.001400
10.1021_acs.chemmater.3c01952,10.1021_acs.chemmater.3c01952-p003-f01,10.1021_acs.chemmater.3c01952-p003-f01-s02,AA Stacking,COF-C2-80,AA Stacking,4.363000,0.001600
10.1021_acs.chemmater.3c01952,10.1021_acs.chemmater.3c01952-p003-f01,10.1021_acs.chemmater.3c01952-p003-f01-s02,AA Stacking,COF-C2-80,AA Stacking,4.383000,0.001800
10.1021_acs.chemmater.3c01952,10.1021_acs.chemmater.3c01952-p003-f01,10.1021_acs.chemmater.3c01952-p003-f01-s02,AA Stacking,COF-C2-80,AA Stacking,4.403000,0.002000
10.1021_acs.chemmater.3c01952,10.1021_acs.chemmater.3c01952-p003-f01,10.1021_acs.chemmater.3c01952-p003-f01-s02,AA Stacking,COF-C2-80,AA Stacking,4.423000,0.002200
10.1021_acs.chemmater.3c01952,10.1021_acs.chemmater.3c01952-p003-f01,10.1021_acs.chemmater.3c01952-p003-f01-s02,AA Stacking,COF-C2-80,AA Stacking,4.443000,0.002500
10.1021_acs.chemmater.3c01952,10.1021_acs.chemmater.3c01952-p003-f01,10.1021_acs.chemmater.3c01952-p003-f01-s02,AA Stacking,COF-C2-80,AA Stacking,4.463000,0.002700
10.1021_acs.chemmater.3c01952,10.1021_acs.chemmater.3c01952-p003-f01,10.1021_acs.chemmater.3c01952-p003-f01-s02,AA Stacking,COF-C2-80,AA Stacking,4.483000,0.002900
10.1021_acs.chemmater.3c01952,10.1021_acs.chemmater.3c01952-p003-f01,10.1021_acs.chemmater.3c01952-p003-f01-s02,AA Stacking,COF-C2-80,AA Stacking,4.503000,0.003100
10.1021_acs.chemmater.3c01952,10.1021_acs.chemmater.3c01952-p003-f01,10.1021_acs.chemmater.3c01952-p003-f01-s02,AA Stacking,COF-C2-80,AA Stacking,4.523000,0.003300
10.1021_acs.chemmater.3c01952,10.1021_acs.chemmater.3c01952-p003-f01,10.1021_acs.chemmater.3c01952-p003-f01-s02,AA Stacking,COF-C2-80,AA Stacking,4.543000,0.003500
10.1021_acs.chemmater.3c01952,10.1021_acs.chemmater.3c01952-p003-f01,10.1021_acs.chemmater.3c01952-p003-f01-s02,AA Stacking,COF-C2-80,AA Stacking,4.563000,0.003800
10.1021_acs.chemmater.3c01952,10.1021_acs.chemmater.3c01952-p003-f01,10.1021_acs.chemmater.3c01952-p003-f01-s02,AA Stacking,COF-C2-80,AA Stacking,4.583000,0.004000
10.1021_acs.chemmater.3c01952,10.1021_acs.chemmater.3c01952-p003-f01,10.1021_acs.chemmater.3c01952-p003-f01-s02,AA Stacking,COF-C2-80,AA Stacking,4.603000,0.004200
10.1021_acs.chemmater.3c01952,10.1021_acs.chemmater.3c01952-p003-f01,10.1021_acs.chemmater.3c01952-p003-f01-s02,AA Stacking,COF-C2-80,AA Stacking,4.623000,0.004400
10.1021_acs.chemmater.3c01952,10.1021_acs.chemmater.3c01952-p003-f01,10.1021_acs.chemmater.3c01952-p003-f01-s02,AA Stacking,COF-C2-80,AA Stacking,4.643000,0.004700
10.1021_acs.chemmater.3c01952,10.1021_acs.chemmater.3c01952-p003-f01,10.1021_acs.chemmater.3c01952-p003-f01-s02,AA Stacking,COF-C2-80,AA Stacking,4.663000,0.004900
10.1021_acs.chemmater.3c01952,10.1021_acs.chemmater.3c01952-p003-f01,10.1021_acs.chemmater.3c01952-p003-f01-s02,AA Stacking,COF-C2-80,AA Stacking,4.683000,0.005100
10.1021_acs.chemmater.3c01952,10.1021_acs.chemmater.3c01952-p003-f01,10.1021_acs.chemmater.3c01952-p003-f01-s02,AA Stacking,COF-C2-80,AA Stacking,4.703000,0.005400
10.1021_acs.chemmater.3c01952,10.1021_acs.chemmater.3c01952-p003-f01,10.1021_acs.chemmater.3c01952-p003-f01-s02,AA Stacking,COF-C2-80,AA Stacking,4.723000,0.005600
10.1021_acs.chemmater.3c01952,10.1021_acs.chemmater.3c01952-p003-f01,10.1021_acs.chemmater.3c01952-p003-f01-s02,AA Stacking,COF-C2-80,AA Stacking,4.743000,0.005800
10.1021_acs.chemmater.3c01952,10.1021_acs.chemmater.3c01952-p003-f01,10.1021_acs.chemmater.3c01952-p003-f01-s02,AA Stacking,COF-C2-80,AA Stacking,4.763000,0.006000
10.1021_acs.chemmater.3c01952,10.1021_acs.chemmater.3c01952-p003-f01,10.1021_acs.chemmater.3c01952-p003-f01-s02,AA Stacking,COF-C2-80,AA Stacking,4.783000,0.006300
10.1021_acs.chemmater.3c01952,10.1021_acs.chemmater.3c01952-p003-f01,10.1021_acs.chemmater.3c01952-p003-f01-s02,AA Stacking,COF-C2-80,AA Stacking,4.803000,0.006500
10.1021_acs.chemmater.3c01952,10.1021_acs.chemmater.3c01952-p003-f01,10.1021_acs.chemmater.3c01952-p003-f01-s02,AA Stacking,COF-C2-80,AA Stacking,4.823000,0.006700
10.1021_acs.chemmater.3c01952,10.1021_acs.chemmater.3c01952-p003-f01,10.1021_acs.chemmater.3c01952-p003-f01-s02,AA Stacking,COF-C2-80,AA Stacking,4.843000,0.007000
10.1021_acs.chemmater.3c01952,10.1021_acs.chemmater.3c01952-p003-f01,10.1021_acs.chemmater.3c01952-p003-f01-s02,AA Stacking,COF-C2-80,AA Stacking,4.863000,0.007200
10.1021_acs.chemmater.3c01952,10.1021_acs.chemmater.3c01952-p003-f01,10.1021_acs.chemmater.3c01952-p003-f01-s02,AA Stacking,COF-C2-80,AA Stacking,4.883000,0.007400
10.1021_acs.chemmater.3c01952,10.1021_acs.chemmater.3c01952-p003-f01,10.1021_acs.chemmater.3c01952-p003-f01-s02,AA Stacking,COF-C2-80,AA Stacking,4.903000,0.007700
10.1021_acs.chemmater.3c01952,10.1021_acs.chemmater.3c01952-p003-f01,10.1021_acs.chemmater.3c01952-p003-f01-s02,AA Stacking,COF-C2-80,AA Stacking,4.923000,0.007900
10.1021_acs.chemmater.3c01952,10.1021_acs.chemmater.3c01952-p003-f01,10.1021_acs.chemmater.3c01952-p003-f01-s02,AA Stacking,COF-C2-80,AA Stacking,4.943000,0.008200
10.1021_acs.chemmater.3c01952,10.1021_acs.chemmater.3c01952-p003-f01,10.1021_acs.chemmater.3c01952-p003-f01-s02,AA Stacking,COF-C2-80,AA Stacking,4.963000,0.008400
10.1021_acs.chemmater.3c01952,10.1021_acs.chemmater.3c01952-p003-f01,10.1021_acs.chemmater.3c01952-p003-f01-s02,AA Stacking,COF-C2-80,AA Stacking,4.983000,0.008600
10.1021_acs.chemmater.3c01952,10.1021_acs.chemmater.3c01952-p003-f01,10.1021_acs.chemmater.3c01952-p003-f01-s02,AA Stacking,COF-C2-80,AA Stacking,5.003000,0.008900
10.1021_acs.chemmater.3c01952,10.1021_acs.chemmater.3c01952-p003-f01,10.1021_acs.chemmater.3c01952-p003-f01-s02,AA Stacking,COF-C2-80,AA Stacking,5.023000,0.009100
10.1021_acs.chemmater.3c01952,10.1021_acs.chemmater.3c01952-p003-f01,10.1021_acs.chemmater.3c01952-p003-f01-s02,AA Stacking,COF-C2-80,AA Stacking,5.043000,0.009300
10.1021_acs.chemmater.3c01952,10.1021_acs.chemmater.3c01952-p003-f01,10.1021_acs.chemmater.3c01952-p003-f01-s02,AA Stacking,COF-C2-80,AA Stacking,5.063000,0.009600
10.1021_acs.chemmater.3c01952,10.1021_acs.chemmater.3c01952-p003-f01,10.1021_acs.chemmater.3c01952-p003-f01-s02,AA Stacking,COF-C2-80,AA Stacking,5.083000,0.009800
10.1021_acs.chemmater.3c01952,10.1021_acs.chemmater.3c01952-p003-f01,10.1021_acs.chemmater.3c01952-p003-f01-s02,AA Stacking,COF-C2-80,AA Stacking,5.103000,0.010000
10.1021_acs.chemmater.3c01952,10.1021_acs.chemmater.3c01952-p003-f01,10.1021_acs.chemmater.3c01952-p003-f01-s02,AA Stacking,COF-C2-80,AA Stacking,5.123000,0.010300
10.1021_acs.chemmater.3c01952,10.1021_acs.chemmater.3c01952-p003-f01,10.1021_acs.chemmater.3c01952-p003-f01-s02,AA Stacking,COF-C2-80,AA Stacking,5.143000,0.010500
10.1021_acs.chemmater.3c01952,10.1021_acs.chemmater.3c01952-p003-f01,10.1021_acs.chemmater.3c01952-p003-f01-s02,AA Stacking,COF-C2-80,AA Stacking,5.163000,0.010700
10.1021_acs.chemmater.3c01952,10.1021_acs.chemmater.3c01952-p003-f01,10.1021_acs.chemmater.3c01952-p003-f01-s02,AA Stacking,COF-C2-80,AA Stacking,5.183000,0.011000
10.1021_acs.chemmater.3c01952,10.1021_acs.chemmater.3c01952-p003-f01,10.1021_acs.chemmater.3c01952-p003-f01-s02,AA Stacking,COF-C2-80,AA Stacking,5.203000,0.011200
10.1021_acs.chemmater.3c01952,10.1021_acs.chemmater.3c01952-p003-f01,10.1021_acs.chemmater.3c01952-p003-f01-s02,AA Stacking,COF-C2-80,AA Stacking,5.223000,0.011500
10.1021_acs.chemmater.3c01952,10.1021_acs.chemmater.3c01952-p003-f01,10.1021_acs.chemmater.3c01952-p003-f01-s02,AA Stacking,COF-C2-80,AA Stacking,5.243000,0.011700
10.1021_acs.chemmater.3c01952,10.1021_acs.chemmater.3c01952-p003-f01,10.1021_acs.chemmater.3c01952-p003-f01-s02,AA Stacking,COF-C2-80,AA Stacking,5.263000,0.011900
10.1021_acs.chemmater.3c01952,10.1021_acs.chemmater.3c01952-p003-f01,10.1021_acs.chemmater.3c01952-p003-f01-s02,AA Stacking,COF-C2-80,AA Stacking,5.283000,0.012200
10.1021_acs.chemmater.3c01952,10.1021_acs.chemmater.3c01952-p003-f01,10.1021_acs.chemmater.3c01952-p003-f01-s02,AA Stacking,COF-C2-80,AA Stacking,5.303000,0.012400
10.1021_acs.chemmater.3c01952,10.1021_acs.chemmater.3c01952-p003-f01,10.1021_acs.chemmater.3c01952-p003-f01-s02,AA Stacking,COF-C2-80,AA Stacking,5.323000,0.012600
10.1021_acs.chemmater.3c01952,10.1021_acs.chemmater.3c01952-p003-f01,10.1021_acs.chemmater.3c01952-p003-f01-s02,AA Stacking,COF-C2-80,AA Stacking,5.343000,0.012900
10.1021_acs.chemmater.3c01952,10.1021_acs.chemmater.3c01952-p003-f01,10.1021_acs.chemmater.3c01952-p003-f01-s02,AA Stacking,COF-C2-80,AA Stacking,5.363000,0.013100
10.1021_acs.chemmater.3c01952,10.1021_acs.chemmater.3c01952-p003-f01,10.1021_acs.chemmater.3c01952-p003-f01-s02,AA Stacking,COF-C2-80,AA Stacking,5.383000,0.013300
10.1021_acs.chemmater.3c01952,10.1021_acs.chemmater.3c01952-p003-f01,10.1021_acs.chemmater.3c01952-p003-f01-s02,AA Stacking,COF-C2-80,AA Stacking,5.403000,0.013600
10.1021_acs.chemmater.3c01952,10.1021_acs.chemmater.3c01952-p003-f01,10.1021_acs.chemmater.3c01952-p003-f01-s02,AA Stacking,COF-C2-80,AA Stacking,5.423000,0.013800
10.1021_acs.chemmater.3c01952,10.1021_acs.chemmater.3c01952-p003-f01,10.1021_acs.chemmater.3c01952-p003-f01-s02,AA Stacking,COF-C2-80,AA Stacking,5.443000,0.014000
10.1021_acs.chemmater.3c01952,10.1021_acs.chemmater.3c01952-p003-f01,10.1021_acs.chemmater.3c01952-p003-f01-s02,AA Stacking,COF-C2-80,AA Stacking,5.463000,0.014200
10.1021_acs.chemmater.3c01952,10.1021_acs.chemmater.3c01952-p003-f01,10.1021_acs.chemmater.3c01952-p003-f01-s02,AA Stacking,COF-C2-80,AA Stacking,5.483000,0.014500
10.1021_acs.chemmater.3c01952,10.1021_acs.chemmater.3c01952-p003-f01,10.1021_acs.chemmater.3c01952-p003-f01-s02,AA Stacking,COF-C2-80,AA Stacking,5.503000,0.014700
10.1021_acs.chemmater.3c01952,10.1021_acs.chemmater.3c01952-p003-f01,10.1021_acs.chemmater.3c01952-p003-f01-s02,AA Stacking,COF-C2-80,AA Stacking,5.523000,0.014900
10.1021_acs.chemmater.3c01952,10.1021_acs.chemmater.3c01952-p003-f01,10.1021_acs.chemmater.3c01952-p003-f01-s02,AA Stacking,COF-C2-80,AA Stacking,5.543000,0.015200
10.1021_acs.chemmater.3c01952,10.1021_acs.chemmater.3c01952-p003-f01,10.1021_acs.chemmater.3c01952-p003-f01-s02,AA Stacking,COF-C2-80,AA Stacking,5.563000,0.015400
10.1021_acs.chemmater.3c01952,10.1021_acs.chemmater.3c01952-p003-f01,10.1021_acs.chemmater.3c01952-p003-f01-s02,AA Stacking,COF-C2-80,AA Stacking,5.583000,0.015600
10.1021_acs.chemmater.3c01952,10.1021_acs.chemmater.3c01952-p003-f01,10.1021_acs.chemmater.3c01952-p003-f01-s02,AA Stacking,COF-C2-80,AA Stacking,5.603000,0.015800
10.1021_acs.chemmater.3c01952,10.1021_acs.chemmater.3c01952-p003-f01,10.1021_acs.chemmater.3c01952-p003-f01-s02,AA Stacking,COF-C2-80,AA Stacking,5.623000,0.016100
10.1021_acs.chemmater.3c01952,10.1021_acs.chemmater.3c01952-p003-f01,10.1021_acs.chemmater.3c01952-p003-f01-s02,AA Stacking,COF-C2-80,AA Stacking,5.643000,0.016300
10.1021_acs.chemmater.3c01952,10.1021_acs.chemmater.3c01952-p003-f01,10.1021_acs.chemmater.3c01952-p003-f01-s02,AA Stacking,COF-C2-80,AA Stacking,5.663000,0.016500
10.1021_acs.chemmater.3c01952,10.1021_acs.chemmater.3c01952-p003-f01,10.1021_acs.chemmater.3c01952-p003-f01-s02,AA Stacking,COF-C2-80,AA Stacking,5.683000,0.016700
10.1021_acs.chemmater.3c01952,10.1021_acs.chemmater.3c01952-p003-f01,10.1021_acs.chemmater.3c01952-p003-f01-s02,AA Stacking,COF-C2-80,AA Stacking,5.703000,0.016900
10.1021_acs.chemmater.3c01952,10.1021_acs.chemmater.3c01952-p003-f01,10.1021_acs.chemmater.3c01952-p003-f01-s02,AA Stacking,COF-C2-80,AA Stacking,5.723000,0.017200
10.1021_acs.chemmater.3c01952,10.1021_acs.chemmater.3c01952-p003-f01,10.1021_acs.chemmater.3c01952-p003-f01-s02,AA Stacking,COF-C2-80,AA Stacking,5.743000,0.017400
10.1021_acs.chemmater.3c01952,10.1021_acs.chemmater.3c01952-p003-f01,10.1021_acs.chemmater.3c01952-p003-f01-s02,AA Stacking,COF-C2-80,AA Stacking,5.763000,0.017600
10.1021_acs.chemmater.3c01952,10.1021_acs.chemmater.3c01952-p003-f01,10.1021_acs.chemmater.3c01952-p003-f01-s02,AA Stacking,COF-C2-80,AA Stacking,5.783000,0.017800
10.1021_acs.chemmater.3c01952,10.1021_acs.chemmater.3c01952-p003-f01,10.1021_acs.chemmater.3c01952-p003-f01-s02,AA Stacking,COF-C2-80,AA Stacking,5.803000,0.018000
10.1021_acs.chemmater.3c01952,10.1021_acs.chemmater.3c01952-p003-f01,10.1021_acs.chemmater.3c01952-p003-f01-s02,AA Stacking,COF-C2-80,AA Stacking,5.823000,0.018300
10.1021_acs.chemmater.3c01952,10.1021_acs.chemmater.3c01952-p003-f01,10.1021_acs.chemmater.3c01952-p003-f01-s02,AA Stacking,COF-C2-80,AA Stacking,5.843000,0.018500
10.1021_acs.chemmater.3c01952,10.1021_acs.chemmater.3c01952-p003-f01,10.1021_acs.chemmater.3c01952-p003-f01-s02,AA Stacking,COF-C2-80,AA Stacking,5.863000,0.018700
10.1021_acs.chemmater.3c01952,10.1021_acs.chemmater.3c01952-p003-f01,10.1021_acs.chemmater.3c01952-p003-f01-s02,AA Stacking,COF-C2-80,AA Stacking,5.883000,0.018900
10.1021_acs.chemmater.3c01952,10.1021_acs.chemmater.3c01952-p003-f01,10.1021_acs.chemmater.3c01952-p003-f01-s02,AA Stacking,COF-C2-80,AA Stacking,5.903000,0.019100
10.1021_acs.chemmater.3c01952,10.1021_acs.chemmater.3c01952-p003-f01,10.1021_acs.chemmater.3c01952-p003-f01-s02,AA Stacking,COF-C2-80,AA Stacking,5.923000,0.019200
10.1021_acs.chemmater.3c01952,10.1021_acs.chemmater.3c01952-p003-f01,10.1021_acs.chemmater.3c01952-p003-f01-s02,AA Stacking,COF-C2-80,AA Stacking,5.943000,0.018800
10.1021_acs.chemmater.3c01952,10.1021_acs.chemmater.3c01952-p003-f01,10.1021_acs.chemmater.3c01952-p003-f01-s02,AA Stacking,COF-C2-80,AA Stacking,5.963000,0.018100
10.1021_acs.chemmater.3c01952,10.1021_acs.chemmater.3c01952-p003-f01,10.1021_acs.chemmater.3c01952-p003-f01-s02,AA Stacking,COF-C2-80,AA Stacking,5.983000,0.005900
10.1021_acs.chemmater.3c01952,10.1021_acs.chemmater.3c01952-p003-f01,10.1021_acs.chemmater.3c01952-p003-f01-s02,AA Stacking,COF-C2-80,AA Stacking,6.003000,-0.026300
10.1021_acs.chemmater.3c01952,10.1021_acs.chemmater.3c01952-p003-f01,10.1021_acs.chemmater.3c01952-p003-f01-s02,AA Stacking,COF-C2-80,AA Stacking,6.023000,-0.032800
10.1021_acs.chemmater.3c01952,10.1021_acs.chemmater.3c01952-p003-f01,10.1021_acs.chemmater.3c01952-p003-f01-s02,AA Stacking,COF-C2-80,AA Stacking,6.043000,0.033800
10.1021_acs.chemmater.3c01952,10.1021_acs.chemmater.3c01952-p003-f01,10.1021_acs.chemmater.3c01952-p003-f01-s02,AA Stacking,COF-C2-80,AA Stacking,6.063000,0.194900
10.1021_acs.chemmater.3c01952,10.1021_acs.chemmater.3c01952-p003-f01,10.1021_acs.chemmater.3c01952-p003-f01-s02,AA Stacking,COF-C2-80,AA Stacking,6.083000,0.421700
10.1021_acs.chemmater.3c01952,10.1021_acs.chemmater.3c01952-p003-f01,10.1021_acs.chemmater.3c01952-p003-f01-s02,AA Stacking,COF-C2-80,AA Stacking,6.103000,0.703500
10.1021_acs.chemmater.3c01952,10.1021_acs.chemmater.3c01952-p003-f01,10.1021_acs.chemmater.3c01952-p003-f01-s02,AA Stacking,COF-C2-80,AA Stacking,6.123000,1.000500
10.1021_acs.chemmater.3c01952,10.1021_acs.chemmater.3c01952-p003-f01,10.1021_acs.chemmater.3c01952-p003-f01-s02,AA Stacking,COF-C2-80,AA Stacking,6.143000,1.242500
10.1021_acs.chemmater.3c01952,10.1021_acs.chemmater.3c01952-p003-f01,10.1021_acs.chemmater.3c01952-p003-f01-s02,AA Stacking,COF-C2-80,AA Stacking,6.163000,1.340700
10.1021_acs.chemmater.3c01952,10.1021_acs.chemmater.3c01952-p003-f01,10.1021_acs.chemmater.3c01952-p003-f01-s02,AA Stacking,COF-C2-80,AA Stacking,6.183000,1.261400
10.1021_acs.chemmater.3c01952,10.1021_acs.chemmater.3c01952-p003-f01,10.1021_acs.chemmater.3c01952-p003-f01-s02,AA Stacking,COF-C2-80,AA Stacking,6.203000,1.035400
10.1021_acs.chemmater.3c01952,10.1021_acs.chemmater.3c01952-p003-f01,10.1021_acs.chemmater.3c01952-p003-f01-s02,AA Stacking,COF-C2-80,AA Stacking,6.223000,0.748500
10.1021_acs.chemmater.3c01952,10.1021_acs.chemmater.3c01952-p003-f01,10.1021_acs.chemmater.3c01952-p003-f01-s02,AA Stacking,COF-C2-80,AA Stacking,6.243000,0.468900
10.1021_acs.chemmater.3c01952,10.1021_acs.chemmater.3c01952-p003-f01,10.1021_acs.chemmater.3c01952-p003-f01-s02,AA Stacking,COF-C2-80,AA Stacking,6.263000,0.237300
10.1021_acs.chemmater.3c01952,10.1021_acs.chemmater.3c01952-p003-f01,10.1021_acs.chemmater.3c01952-p003-f01-s02,AA Stacking,COF-C2-80,AA Stacking,6.283000,0.067300
10.1021_acs.chemmater.3c01952,10.1021_acs.chemmater.3c01952-p003-f01,10.1021_acs.chemmater.3c01952-p003-f01-s02,AA Stacking,COF-C2-80,AA Stacking,6.303000,-0.009200
10.1021_acs.chemmater.3c01952,10.1021_acs.chemmater.3c01952-p003-f01,10.1021_acs.chemmater.3c01952-p003-f01-s02,AA Stacking,COF-C2-80,AA Stacking,6.323000,-0.010800
10.1021_acs.chemmater.3c01952,10.1021_acs.chemmater.3c01952-p003-f01,10.1021_acs.chemmater.3c01952-p003-f01-s02,AA Stacking,COF-C2-80,AA Stacking,6.343000,0.015600
10.1021_acs.chemmater.3c01952,10.1021_acs.chemmater.3c01952-p003-f01,10.1021_acs.chemmater.3c01952-p003-f01-s02,AA Stacking,COF-C2-80,AA Stacking,6.363000,0.023700
10.1021_acs.chemmater.3c01952,10.1021_acs.chemmater.3c01952-p003-f01,10.1021_acs.chemmater.3c01952-p003-f01-s02,AA Stacking,COF-C2-80,AA Stacking,6.383000,0.021900
10.1021_acs.chemmater.3c01952,10.1021_acs.chemmater.3c01952-p003-f01,10.1021_acs.chemmater.3c01952-p003-f01-s02,AA Stacking,COF-C2-80,AA Stacking,6.403000,0.022200
10.1021_acs.chemmater.3c01952,10.1021_acs.chemmater.3c01952-p003-f01,10.1021_acs.chemmater.3c01952-p003-f01-s02,AA Stacking,COF-C2-80,AA Stacking,6.423000,0.023500
10.1021_acs.chemmater.3c01952,10.1021_acs.chemmater.3c01952-p003-f01,10.1021_acs.chemmater.3c01952-p003-f01-s02,AA Stacking,COF-C2-80,AA Stacking,6.443000,0.024500
10.1021_acs.chemmater.3c01952,10.1021_acs.chemmater.3c01952-p003-f01,10.1021_acs.chemmater.3c01952-p003-f01-s02,AA Stacking,COF-C2-80,AA Stacking,6.463000,0.024700
10.1021_acs.chemmater.3c01952,10.1021_acs.chemmater.3c01952-p003-f01,10.1021_acs.chemmater.3c01952-p003-f01-s02,AA Stacking,COF-C2-80,AA Stacking,6.483000,0.024800
10.1021_acs.chemmater.3c01952,10.1021_acs.chemmater.3c01952-p003-f01,10.1021_acs.chemmater.3c01952-p003-f01-s02,AA Stacking,COF-C2-80,AA Stacking,6.503000,0.025000
10.1021_acs.chemmater.3c01952,10.1021_acs.chemmater.3c01952-p003-f01,10.1021_acs.chemmater.3c01952-p003-f01-s02,AA Stacking,COF-C2-80,AA Stacking,6.523000,0.025200
10.1021_acs.chemmater.3c01952,10.1021_acs.chemmater.3c01952-p003-f01,10.1021_acs.chemmater.3c01952-p003-f01-s02,AA Stacking,COF-C2-80,AA Stacking,6.543000,0.025400
10.1021_acs.chemmater.3c01952,10.1021_acs.chemmater.3c01952-p003-f01,10.1021_acs.chemmater.3c01952-p003-f01-s02,AA Stacking,COF-C2-80,AA Stacking,6.563000,0.025600
10.1021_acs.chemmater.3c01952,10.1021_acs.chemmater.3c01952-p003-f01,10.1021_acs.chemmater.3c01952-p003-f01-s02,AA Stacking,COF-C2-80,AA Stacking,6.583000,0.025700
10.1021_acs.chemmater.3c01952,10.1021_acs.chemmater.3c01952-p003-f01,10.1021_acs.chemmater.3c01952-p003-f01-s02,AA Stacking,COF-C2-80,AA Stacking,6.603000,0.025900
10.1021_acs.chemmater.3c01952,10.1021_acs.chemmater.3c01952-p003-f01,10.1021_acs.chemmater.3c01952-p003-f01-s02,AA Stacking,COF-C2-80,AA Stacking,6.623000,0.026100
10.1021_acs.chemmater.3c01952,10.1021_acs.chemmater.3c01952-p003-f01,10.1021_acs.chemmater.3c01952-p003-f01-s02,AA Stacking,COF-C2-80,AA Stacking,6.643000,0.026300
10.1021_acs.chemmater.3c01952,10.1021_acs.chemmater.3c01952-p003-f01,10.1021_acs.chemmater.3c01952-p003-f01-s02,AA Stacking,COF-C2-80,AA Stacking,6.663000,0.026400
10.1021_acs.chemmater.3c01952,10.1021_acs.chemmater.3c01952-p003-f01,10.1021_acs.chemmater.3c01952-p003-f01-s02,AA Stacking,COF-C2-80,AA Stacking,6.683000,0.026600
10.1021_acs.chemmater.3c01952,10.1021_acs.chemmater.3c01952-p003-f01,10.1021_acs.chemmater.3c01952-p003-f01-s02,AA Stacking,COF-C2-80,AA Stacking,6.703000,0.026800
10.1021_acs.chemmater.3c01952,10.1021_acs.chemmater.3c01952-p003-f01,10.1021_acs.chemmater.3c01952-p003-f01-s02,AA Stacking,COF-C2-80,AA Stacking,6.723000,0.026900
10.1021_acs.chemmater.3c01952,10.1021_acs.chemmater.3c01952-p003-f01,10.1021_acs.chemmater.3c01952-p003-f01-s02,AA Stacking,COF-C2-80,AA Stacking,6.743000,0.027100
10.1021_acs.chemmater.3c01952,10.1021_acs.chemmater.3c01952-p003-f01,10.1021_acs.chemmater.3c01952-p003-f01-s02,AA Stacking,COF-C2-80,AA Stacking,6.763000,0.027300
10.1021_acs.chemmater.3c01952,10.1021_acs.chemmater.3c01952-p003-f01,10.1021_acs.chemmater.3c01952-p003-f01-s02,AA Stacking,COF-C2-80,AA Stacking,6.783000,0.027400
10.1021_acs.chemmater.3c01952,10.1021_acs.chemmater.3c01952-p003-f01,10.1021_acs.chemmater.3c01952-p003-f01-s02,AA Stacking,COF-C2-80,AA Stacking,6.803000,0.026300
10.1021_acs.chemmater.3c01952,10.1021_acs.chemmater.3c01952-p003-f01,10.1021_acs.chemmater.3c01952-p003-f01-s02,AA Stacking,COF-C2-80,AA Stacking,6.823000,0.025100
10.1021_acs.chemmater.3c01952,10.1021_acs.chemmater.3c01952-p003-f01,10.1021_acs.chemmater.3c01952-p003-f01-s02,AA Stacking,COF-C2-80,AA Stacking,6.843000,0.025500
10.1021_acs.chemmater.3c01952,10.1021_acs.chemmater.3c01952-p003-f01,10.1021_acs.chemmater.3c01952-p003-f01-s02,AA Stacking,COF-C2-80,AA Stacking,6.863000,0.028800
10.1021_acs.chemmater.3c01952,10.1021_acs.chemmater.3c01952-p003-f01,10.1021_acs.chemmater.3c01952-p003-f01-s02,AA Stacking,COF-C2-80,AA Stacking,6.883000,0.015200
10.1021_acs.chemmater.3c01952,10.1021_acs.chemmater.3c01952-p003-f01,10.1021_acs.chemmater.3c01952-p003-f01-s02,AA Stacking,COF-C2-80,AA Stacking,6.903000,-0.010100
10.1021_acs.chemmater.3c01952,10.1021_acs.chemmater.3c01952-p003-f01,10.1021_acs.chemmater.3c01952-p003-f01-s02,AA Stacking,COF-C2-80,AA Stacking,6.923000,-0.034700
10.1021_acs.chemmater.3c01952,10.1021_acs.chemmater.3c01952-p003-f01,10.1021_acs.chemmater.3c01952-p003-f01-s02,AA Stacking,COF-C2-80,AA Stacking,6.943000,0.021600
10.1021_acs.chemmater.3c01952,10.1021_acs.chemmater.3c01952-p003-f01,10.1021_acs.chemmater.3c01952-p003-f01-s02,AA Stacking,COF-C2-80,AA Stacking,6.963000,0.228300
10.1021_acs.chemmater.3c01952,10.1021_acs.chemmater.3c01952-p003-f01,10.1021_acs.chemmater.3c01952-p003-f01-s02,AA Stacking,COF-C2-80,AA Stacking,6.983000,0.652200
10.1021_acs.chemmater.3c01952,10.1021_acs.chemmater.3c01952-p003-f01,10.1021_acs.chemmater.3c01952-p003-f01-s02,AA Stacking,COF-C2-80,AA Stacking,7.003000,1.221300
10.1021_acs.chemmater.3c01952,10.1021_acs.chemmater.3c01952-p003-f01,10.1021_acs.chemmater.3c01952-p003-f01-s02,AA Stacking,COF-C2-80,AA Stacking,7.023000,1.859700
10.1021_acs.chemmater.3c01952,10.1021_acs.chemmater.3c01952-p003-f01,10.1021_acs.chemmater.3c01952-p003-f01-s02,AA Stacking,COF-C2-80,AA Stacking,7.043000,2.489100
10.1021_acs.chemmater.3c01952,10.1021_acs.chemmater.3c01952-p003-f01,10.1021_acs.chemmater.3c01952-p003-f01-s02,AA Stacking,COF-C2-80,AA Stacking,7.063000,3.028600
10.1021_acs.chemmater.3c01952,10.1021_acs.chemmater.3c01952-p003-f01,10.1021_acs.chemmater.3c01952-p003-f01-s02,AA Stacking,COF-C2-80,AA Stacking,7.083000,3.414200
10.1021_acs.chemmater.3c01952,10.1021_acs.chemmater.3c01952-p003-f01,10.1021_acs.chemmater.3c01952-p003-f01-s02,AA Stacking,COF-C2-80,AA Stacking,7.103000,3.621400
10.1021_acs.chemmater.3c01952,10.1021_acs.chemmater.3c01952-p003-f01,10.1021_acs.chemmater.3c01952-p003-f01-s02,AA Stacking,COF-C2-80,AA Stacking,7.123000,3.732500
10.1021_acs.chemmater.3c01952,10.1021_acs.chemmater.3c01952-p003-f01,10.1021_acs.chemmater.3c01952-p003-f01-s02,AA Stacking,COF-C2-80,AA Stacking,7.143000,3.596500
10.1021_acs.chemmater.3c01952,10.1021_acs.chemmater.3c01952-p003-f01,10.1021_acs.chemmater.3c01952-p003-f01-s02,AA Stacking,COF-C2-80,AA Stacking,7.163000,3.196100
10.1021_acs.chemmater.3c01952,10.1021_acs.chemmater.3c01952-p003-f01,10.1021_acs.chemmater.3c01952-p003-f01-s02,AA Stacking,COF-C2-80,AA Stacking,7.183000,2.664100
10.1021_acs.chemmater.3c01952,10.1021_acs.chemmater.3c01952-p003-f01,10.1021_acs.chemmater.3c01952-p003-f01-s02,AA Stacking,COF-C2-80,AA Stacking,7.203000,2.026700
10.1021_acs.chemmater.3c01952,10.1021_acs.chemmater.3c01952-p003-f01,10.1021_acs.chemmater.3c01952-p003-f01-s02,AA Stacking,COF-C2-80,AA Stacking,7.223000,1.359800
10.1021_acs.chemmater.3c01952,10.1021_acs.chemmater.3c01952-p003-f01,10.1021_acs.chemmater.3c01952-p003-f01-s02,AA Stacking,COF-C2-80,AA Stacking,7.243000,0.738900
10.1021_acs.chemmater.3c01952,10.1021_acs.chemmater.3c01952-p003-f01,10.1021_acs.chemmater.3c01952-p003-f01-s02,AA Stacking,COF-C2-80,AA Stacking,7.263000,0.236300
10.1021_acs.chemmater.3c01952,10.1021_acs.chemmater.3c01952-p003-f01,10.1021_acs.chemmater.3c01952-p003-f01-s02,AA Stacking,COF-C2-80,AA Stacking,7.283000,-0.075100
10.1021_acs.chemmater.3c01952,10.1021_acs.chemmater.3c01952-p003-f01,10.1021_acs.chemmater.3c01952-p003-f01-s02,AA Stacking,COF-C2-80,AA Stacking,7.303000,-0.163400
10.1021_acs.chemmater.3c01952,10.1021_acs.chemmater.3c01952-p003-f01,10.1021_acs.chemmater.3c01952-p003-f01-s02,AA Stacking,COF-C2-80,AA Stacking,7.323000,-0.037500
10.1021_acs.chemmater.3c01952,10.1021_acs.chemmater.3c01952-p003-f01,10.1021_acs.chemmater.3c01952-p003-f01-s02,AA Stacking,COF-C2-80,AA Stacking,7.343000,0.029000
10.1021_acs.chemmater.3c01952,10.1021_acs.chemmater.3c01952-p003-f01,10.1021_acs.chemmater.3c01952-p003-f01-s02,AA Stacking,COF-C2-80,AA Stacking,7.363000,0.030500
10.1021_acs.chemmater.3c01952,10.1021_acs.chemmater.3c01952-p003-f01,10.1021_acs.chemmater.3c01952-p003-f01-s02,AA Stacking,COF-C2-80,AA Stacking,7.383000,0.031500
10.1021_acs.chemmater.3c01952,10.1021_acs.chemmater.3c01952-p003-f01,10.1021_acs.chemmater.3c01952-p003-f01-s02,AA Stacking,COF-C2-80,AA Stacking,7.403000,0.032000
10.1021_acs.chemmater.3c01952,10.1021_acs.chemmater.3c01952-p003-f01,10.1021_acs.chemmater.3c01952-p003-f01-s02,AA Stacking,COF-C2-80,AA Stacking,7.423000,0.032200
10.1021_acs.chemmater.3c01952,10.1021_acs.chemmater.3c01952-p003-f01,10.1021_acs.chemmater.3c01952-p003-f01-s02,AA Stacking,COF-C2-80,AA Stacking,7.443000,0.032300
10.1021_acs.chemmater.3c01952,10.1021_acs.chemmater.3c01952-p003-f01,10.1021_acs.chemmater.3c01952-p003-f01-s02,AA Stacking,COF-C2-80,AA Stacking,7.463000,0.032400
10.1021_acs.chemmater.3c01952,10.1021_acs.chemmater.3c01952-p003-f01,10.1021_acs.chemmater.3c01952-p003-f01-s02,AA Stacking,COF-C2-80,AA Stacking,7.483000,0.032600
10.1021_acs.chemmater.3c01952,10.1021_acs.chemmater.3c01952-p003-f01,10.1021_acs.chemmater.3c01952-p003-f01-s02,AA Stacking,COF-C2-80,AA Stacking,7.503000,0.032700
10.1021_acs.chemmater.3c01952,10.1021_acs.chemmater.3c01952-p003-f01,10.1021_acs.chemmater.3c01952-p003-f01-s02,AA Stacking,COF-C2-80,AA Stacking,7.523000,0.032800
10.1021_acs.chemmater.3c01952,10.1021_acs.chemmater.3c01952-p003-f01,10.1021_acs.chemmater.3c01952-p003-f01-s02,AA Stacking,COF-C2-80,AA Stacking,7.543000,0.032900
10.1021_acs.chemmater.3c01952,10.1021_acs.chemmater.3c01952-p003-f01,10.1021_acs.chemmater.3c01952-p003-f01-s02,AA Stacking,COF-C2-80,AA Stacking,7.563000,0.033100
10.1021_acs.chemmater.3c01952,10.1021_acs.chemmater.3c01952-p003-f01,10.1021_acs.chemmater.3c01952-p003-f01-s02,AA Stacking,COF-C2-80,AA Stacking,7.583000,0.033200
10.1021_acs.chemmater.3c01952,10.1021_acs.chemmater.3c01952-p003-f01,10.1021_acs.chemmater.3c01952-p003-f01-s02,AA Stacking,COF-C2-80,AA Stacking,7.603000,0.033300
10.1021_acs.chemmater.3c01952,10.1021_acs.chemmater.3c01952-p003-f01,10.1021_acs.chemmater.3c01952-p003-f01-s02,AA Stacking,COF-C2-80,AA Stacking,7.623000,0.033400
10.1021_acs.chemmater.3c01952,10.1021_acs.chemmater.3c01952-p003-f01,10.1021_acs.chemmater.3c01952-p003-f01-s02,AA Stacking,COF-C2-80,AA Stacking,7.643000,0.033500
10.1021_acs.chemmater.3c01952,10.1021_acs.chemmater.3c01952-p003-f01,10.1021_acs.chemmater.3c01952-p003-f01-s02,AA Stacking,COF-C2-80,AA Stacking,7.663000,0.033700
10.1021_acs.chemmater.3c01952,10.1021_acs.chemmater.3c01952-p003-f01,10.1021_acs.chemmater.3c01952-p003-f01-s02,AA Stacking,COF-C2-80,AA Stacking,7.683000,0.033800
10.1021_acs.chemmater.3c01952,10.1021_acs.chemmater.3c01952-p003-f01,10.1021_acs.chemmater.3c01952-p003-f01-s02,AA Stacking,COF-C2-80,AA Stacking,7.703000,0.033900
10.1021_acs.chemmater.3c01952,10.1021_acs.chemmater.3c01952-p003-f01,10.1021_acs.chemmater.3c01952-p003-f01-s02,AA Stacking,COF-C2-80,AA Stacking,7.723000,0.034000
10.1021_acs.chemmater.3c01952,10.1021_acs.chemmater.3c01952-p003-f01,10.1021_acs.chemmater.3c01952-p003-f01-s02,AA Stacking,COF-C2-80,AA Stacking,7.743000,0.034100
10.1021_acs.chemmater.3c01952,10.1021_acs.chemmater.3c01952-p003-f01,10.1021_acs.chemmater.3c01952-p003-f01-s02,AA Stacking,COF-C2-80,AA Stacking,7.763000,0.034200
10.1021_acs.chemmater.3c01952,10.1021_acs.chemmater.3c01952-p003-f01,10.1021_acs.chemmater.3c01952-p003-f01-s02,AA Stacking,COF-C2-80,AA Stacking,7.783000,0.034300
10.1021_acs.chemmater.3c01952,10.1021_acs.chemmater.3c01952-p003-f01,10.1021_acs.chemmater.3c01952-p003-f01-s02,AA Stacking,COF-C2-80,AA Stacking,7.803000,0.034400
10.1021_acs.chemmater.3c01952,10.1021_acs.chemmater.3c01952-p003-f01,10.1021_acs.chemmater.3c01952-p003-f01-s02,AA Stacking,COF-C2-80,AA Stacking,7.823000,0.034600
10.1021_acs.chemmater.3c01952,10.1021_acs.chemmater.3c01952-p003-f01,10.1021_acs.chemmater.3c01952-p003-f01-s02,AA Stacking,COF-C2-80,AA Stacking,7.843000,0.034700
10.1021_acs.chemmater.3c01952,10.1021_acs.chemmater.3c01952-p003-f01,10.1021_acs.chemmater.3c01952-p003-f01-s02,AA Stacking,COF-C2-80,AA Stacking,7.863000,0.034800
10.1021_acs.chemmater.3c01952,10.1021_acs.chemmater.3c01952-p003-f01,10.1021_acs.chemmater.3c01952-p003-f01-s02,AA Stacking,COF-C2-80,AA Stacking,7.883000,0.034900
10.1021_acs.chemmater.3c01952,10.1021_acs.chemmater.3c01952-p003-f01,10.1021_acs.chemmater.3c01952-p003-f01-s02,AA Stacking,COF-C2-80,AA Stacking,7.903000,0.035000
10.1021_acs.chemmater.3c01952,10.1021_acs.chemmater.3c01952-p003-f01,10.1021_acs.chemmater.3c01952-p003-f01-s02,AA Stacking,COF-C2-80,AA Stacking,7.923000,0.035100
10.1021_acs.chemmater.3c01952,10.1021_acs.chemmater.3c01952-p003-f01,10.1021_acs.chemmater.3c01952-p003-f01-s02,AA Stacking,COF-C2-80,AA Stacking,7.943000,0.035200
10.1021_acs.chemmater.3c01952,10.1021_acs.chemmater.3c01952-p003-f01,10.1021_acs.chemmater.3c01952-p003-f01-s02,AA Stacking,COF-C2-80,AA Stacking,7.963000,0.035300
10.1021_acs.chemmater.3c01952,10.1021_acs.chemmater.3c01952-p003-f01,10.1021_acs.chemmater.3c01952-p003-f01-s02,AA Stacking,COF-C2-80,AA Stacking,7.983000,0.035400
10.1021_acs.chemmater.3c01952,10.1021_acs.chemmater.3c01952-p003-f01,10.1021_acs.chemmater.3c01952-p003-f01-s02,AA Stacking,COF-C2-80,AA Stacking,8.003000,0.035500
10.1021_acs.chemmater.3c01952,10.1021_acs.chemmater.3c01952-p003-f01,10.1021_acs.chemmater.3c01952-p003-f01-s02,AA Stacking,COF-C2-80,AA Stacking,8.023000,0.035600
10.1021_acs.chemmater.3c01952,10.1021_acs.chemmater.3c01952-p003-f01,10.1021_acs.chemmater.3c01952-p003-f01-s02,AA Stacking,COF-C2-80,AA Stacking,8.043000,0.035700
10.1021_acs.chemmater.3c01952,10.1021_acs.chemmater.3c01952-p003-f01,10.1021_acs.chemmater.3c01952-p003-f01-s02,AA Stacking,COF-C2-80,AA Stacking,8.063000,0.035800
10.1021_acs.chemmater.3c01952,10.1021_acs.chemmater.3c01952-p003-f01,10.1021_acs.chemmater.3c01952-p003-f01-s02,AA Stacking,COF-C2-80,AA Stacking,8.083000,0.035900
10.1021_acs.chemmater.3c01952,10.1021_acs.chemmater.3c01952-p003-f01,10.1021_acs.chemmater.3c01952-p003-f01-s02,AA Stacking,COF-C2-80,AA Stacking,8.103000,0.036000
10.1021_acs.chemmater.3c01952,10.1021_acs.chemmater.3c01952-p003-f01,10.1021_acs.chemmater.3c01952-p003-f01-s02,AA Stacking,COF-C2-80,AA Stacking,8.123000,0.036100
10.1021_acs.chemmater.3c01952,10.1021_acs.chemmater.3c01952-p003-f01,10.1021_acs.chemmater.3c01952-p003-f01-s02,AA Stacking,COF-C2-80,AA Stacking,8.143000,0.036200
10.1021_acs.chemmater.3c01952,10.1021_acs.chemmater.3c01952-p003-f01,10.1021_acs.chemmater.3c01952-p003-f01-s02,AA Stacking,COF-C2-80,AA Stacking,8.163000,0.036300
10.1021_acs.chemmater.3c01952,10.1021_acs.chemmater.3c01952-p003-f01,10.1021_acs.chemmater.3c01952-p003-f01-s02,AA Stacking,COF-C2-80,AA Stacking,8.183000,0.036400
10.1021_acs.chemmater.3c01952,10.1021_acs.chemmater.3c01952-p003-f01,10.1021_acs.chemmater.3c01952-p003-f01-s02,AA Stacking,COF-C2-80,AA Stacking,8.203000,0.036400
10.1021_acs.chemmater.3c01952,10.1021_acs.chemmater.3c01952-p003-f01,10.1021_acs.chemmater.3c01952-p003-f01-s02,AA Stacking,COF-C2-80,AA Stacking,8.223000,0.036500
10.1021_acs.chemmater.3c01952,10.1021_acs.chemmater.3c01952-p003-f01,10.1021_acs.chemmater.3c01952-p003-f01-s02,AA Stacking,COF-C2-80,AA Stacking,8.243000,0.036600
10.1021_acs.chemmater.3c01952,10.1021_acs.chemmater.3c01952-p003-f01,10.1021_acs.chemmater.3c01952-p003-f01-s02,AA Stacking,COF-C2-80,AA Stacking,8.263000,0.036700
10.1021_acs.chemmater.3c01952,10.1021_acs.chemmater.3c01952-p003-f01,10.1021_acs.chemmater.3c01952-p003-f01-s02,AA Stacking,COF-C2-80,AA Stacking,8.283000,0.036800
10.1021_acs.chemmater.3c01952,10.1021_acs.chemmater.3c01952-p003-f01,10.1021_acs.chemmater.3c01952-p003-f01-s02,AA Stacking,COF-C2-80,AA Stacking,8.303000,0.036900
10.1021_acs.chemmater.3c01952,10.1021_acs.chemmater.3c01952-p003-f01,10.1021_acs.chemmater.3c01952-p003-f01-s02,AA Stacking,COF-C2-80,AA Stacking,8.323000,0.037000
10.1021_acs.chemmater.3c01952,10.1021_acs.chemmater.3c01952-p003-f01,10.1021_acs.chemmater.3c01952-p003-f01-s02,AA Stacking,COF-C2-80,AA Stacking,8.343000,0.037000
10.1021_acs.chemmater.3c01952,10.1021_acs.chemmater.3c01952-p003-f01,10.1021_acs.chemmater.3c01952-p003-f01-s02,AA Stacking,COF-C2-80,AA Stacking,8.363000,0.037100
10.1021_acs.chemmater.3c01952,10.1021_acs.chemmater.3c01952-p003-f01,10.1021_acs.chemmater.3c01952-p003-f01-s02,AA Stacking,COF-C2-80,AA Stacking,8.383000,0.037200
10.1021_acs.chemmater.3c01952,10.1021_acs.chemmater.3c01952-p003-f01,10.1021_acs.chemmater.3c01952-p003-f01-s02,AA Stacking,COF-C2-80,AA Stacking,8.403000,0.037300
10.1021_acs.chemmater.3c01952,10.1021_acs.chemmater.3c01952-p003-f01,10.1021_acs.chemmater.3c01952-p003-f01-s02,AA Stacking,COF-C2-80,AA Stacking,8.423000,0.037400
10.1021_acs.chemmater.3c01952,10.1021_acs.chemmater.3c01952-p003-f01,10.1021_acs.chemmater.3c01952-p003-f01-s02,AA Stacking,COF-C2-80,AA Stacking,8.443000,0.037400
10.1021_acs.chemmater.3c01952,10.1021_acs.chemmater.3c01952-p003-f01,10.1021_acs.chemmater.3c01952-p003-f01-s02,AA Stacking,COF-C2-80,AA Stacking,8.463000,0.037500
10.1021_acs.chemmater.3c01952,10.1021_acs.chemmater.3c01952-p003-f01,10.1021_acs.chemmater.3c01952-p003-f01-s02,AA Stacking,COF-C2-80,AA Stacking,8.483000,0.037600
10.1021_acs.chemmater.3c01952,10.1021_acs.chemmater.3c01952-p003-f01,10.1021_acs.chemmater.3c01952-p003-f01-s02,AA Stacking,COF-C2-80,AA Stacking,8.503000,0.037700
10.1021_acs.chemmater.3c01952,10.1021_acs.chemmater.3c01952-p003-f01,10.1021_acs.chemmater.3c01952-p003-f01-s02,AA Stacking,COF-C2-80,AA Stacking,8.523000,0.037800
10.1021_acs.chemmater.3c01952,10.1021_acs.chemmater.3c01952-p003-f01,10.1021_acs.chemmater.3c01952-p003-f01-s02,AA Stacking,COF-C2-80,AA Stacking,8.543000,0.037800
10.1021_acs.chemmater.3c01952,10.1021_acs.chemmater.3c01952-p003-f01,10.1021_acs.chemmater.3c01952-p003-f01-s02,AA Stacking,COF-C2-80,AA Stacking,8.563000,0.037900
10.1021_acs.chemmater.3c01952,10.1021_acs.chemmater.3c01952-p003-f01,10.1021_acs.chemmater.3c01952-p003-f01-s02,AA Stacking,COF-C2-80,AA Stacking,8.583000,0.038000
10.1021_acs.chemmater.3c01952,10.1021_acs.chemmater.3c01952-p003-f01,10.1021_acs.chemmater.3c01952-p003-f01-s02,AA Stacking,COF-C2-80,AA Stacking,8.603000,0.038000
10.1021_acs.chemmater.3c01952,10.1021_acs.chemmater.3c01952-p003-f01,10.1021_acs.chemmater.3c01952-p003-f01-s02,AA Stacking,COF-C2-80,AA Stacking,8.623000,0.038100
10.1021_acs.chemmater.3c01952,10.1021_acs.chemmater.3c01952-p003-f01,10.1021_acs.chemmater.3c01952-p003-f01-s02,AA Stacking,COF-C2-80,AA Stacking,8.643000,0.038200
10.1021_acs.chemmater.3c01952,10.1021_acs.chemmater.3c01952-p003-f01,10.1021_acs.chemmater.3c01952-p003-f01-s02,AA Stacking,COF-C2-80,AA Stacking,8.663000,0.038300
10.1021_acs.chemmater.3c01952,10.1021_acs.chemmater.3c01952-p003-f01,10.1021_acs.chemmater.3c01952-p003-f01-s02,AA Stacking,COF-C2-80,AA Stacking,8.683000,0.038300
10.1021_acs.chemmater.3c01952,10.1021_acs.chemmater.3c01952-p003-f01,10.1021_acs.chemmater.3c01952-p003-f01-s02,AA Stacking,COF-C2-80,AA Stacking,8.703000,0.038400
10.1021_acs.chemmater.3c01952,10.1021_acs.chemmater.3c01952-p003-f01,10.1021_acs.chemmater.3c01952-p003-f01-s02,AA Stacking,COF-C2-80,AA Stacking,8.723000,0.038500
10.1021_acs.chemmater.3c01952,10.1021_acs.chemmater.3c01952-p003-f01,10.1021_acs.chemmater.3c01952-p003-f01-s02,AA Stacking,COF-C2-80,AA Stacking,8.743000,0.038500
10.1021_acs.chemmater.3c01952,10.1021_acs.chemmater.3c01952-p003-f01,10.1021_acs.chemmater.3c01952-p003-f01-s02,AA Stacking,COF-C2-80,AA Stacking,8.763000,0.038600
10.1021_acs.chemmater.3c01952,10.1021_acs.chemmater.3c01952-p003-f01,10.1021_acs.chemmater.3c01952-p003-f01-s02,AA Stacking,COF-C2-80,AA Stacking,8.783000,0.038700
10.1021_acs.chemmater.3c01952,10.1021_acs.chemmater.3c01952-p003-f01,10.1021_acs.chemmater.3c01952-p003-f01-s02,AA Stacking,COF-C2-80,AA Stacking,8.803000,0.038700
10.1021_acs.chemmater.3c01952,10.1021_acs.chemmater.3c01952-p003-f01,10.1021_acs.chemmater.3c01952-p003-f01-s02,AA Stacking,COF-C2-80,AA Stacking,8.823000,0.038800
10.1021_acs.chemmater.3c01952,10.1021_acs.chemmater.3c01952-p003-f01,10.1021_acs.chemmater.3c01952-p003-f01-s02,AA Stacking,COF-C2-80,AA Stacking,8.843000,0.038900
10.1021_acs.chemmater.3c01952,10.1021_acs.chemmater.3c01952-p003-f01,10.1021_acs.chemmater.3c01952-p003-f01-s02,AA Stacking,COF-C2-80,AA Stacking,8.863000,0.038900
10.1021_acs.chemmater.3c01952,10.1021_acs.chemmater.3c01952-p003-f01,10.1021_acs.chemmater.3c01952-p003-f01-s02,AA Stacking,COF-C2-80,AA Stacking,8.883000,0.039000
10.1021_acs.chemmater.3c01952,10.1021_acs.chemmater.3c01952-p003-f01,10.1021_acs.chemmater.3c01952-p003-f01-s02,AA Stacking,COF-C2-80,AA Stacking,8.903000,0.039000
10.1021_acs.chemmater.3c01952,10.1021_acs.chemmater.3c01952-p003-f01,10.1021_acs.chemmater.3c01952-p003-f01-s02,AA Stacking,COF-C2-80,AA Stacking,8.923000,0.039100
10.1021_acs.chemmater.3c01952,10.1021_acs.chemmater.3c01952-p003-f01,10.1021_acs.chemmater.3c01952-p003-f01-s02,AA Stacking,COF-C2-80,AA Stacking,8.943000,0.039200
10.1021_acs.chemmater.3c01952,10.1021_acs.chemmater.3c01952-p003-f01,10.1021_acs.chemmater.3c01952-p003-f01-s02,AA Stacking,COF-C2-80,AA Stacking,8.963000,0.039200
10.1021_acs.chemmater.3c01952,10.1021_acs.chemmater.3c01952-p003-f01,10.1021_acs.chemmater.3c01952-p003-f01-s02,AA Stacking,COF-C2-80,AA Stacking,8.983000,0.039300
10.1021_acs.chemmater.3c01952,10.1021_acs.chemmater.3c01952-p003-f01,10.1021_acs.chemmater.3c01952-p003-f01-s02,AA Stacking,COF-C2-80,AA Stacking,9.003000,0.039300
10.1021_acs.chemmater.3c01952,10.1021_acs.chemmater.3c01952-p003-f01,10.1021_acs.chemmater.3c01952-p003-f01-s02,AA Stacking,COF-C2-80,AA Stacking,9.023000,0.039400
10.1021_acs.chemmater.3c01952,10.1021_acs.chemmater.3c01952-p003-f01,10.1021_acs.chemmater.3c01952-p003-f01-s02,AA Stacking,COF-C2-80,AA Stacking,9.043000,0.039500
10.1021_acs.chemmater.3c01952,10.1021_acs.chemmater.3c01952-p003-f01,10.1021_acs.chemmater.3c01952-p003-f01-s02,AA Stacking,COF-C2-80,AA Stacking,9.063000,0.039500
10.1021_acs.chemmater.3c01952,10.1021_acs.chemmater.3c01952-p003-f01,10.1021_acs.chemmater.3c01952-p003-f01-s02,AA Stacking,COF-C2-80,AA Stacking,9.083000,0.039600
10.1021_acs.chemmater.3c01952,10.1021_acs.chemmater.3c01952-p003-f01,10.1021_acs.chemmater.3c01952-p003-f01-s02,AA Stacking,COF-C2-80,AA Stacking,9.103000,0.039500
10.1021_acs.chemmater.3c01952,10.1021_acs.chemmater.3c01952-p003-f01,10.1021_acs.chemmater.3c01952-p003-f01-s02,AA Stacking,COF-C2-80,AA Stacking,9.123000,0.039100
10.1021_acs.chemmater.3c01952,10.1021_acs.chemmater.3c01952-p003-f01,10.1021_acs.chemmater.3c01952-p003-f01-s02,AA Stacking,COF-C2-80,AA Stacking,9.143000,0.036700
10.1021_acs.chemmater.3c01952,10.1021_acs.chemmater.3c01952-p003-f01,10.1021_acs.chemmater.3c01952-p003-f01-s02,AA Stacking,COF-C2-80,AA Stacking,9.163000,0.018700
10.1021_acs.chemmater.3c01952,10.1021_acs.chemmater.3c01952-p003-f01,10.1021_acs.chemmater.3c01952-p003-f01-s02,AA Stacking,COF-C2-80,AA Stacking,9.183000,-0.013000
10.1021_acs.chemmater.3c01952,10.1021_acs.chemmater.3c01952-p003-f01,10.1021_acs.chemmater.3c01952-p003-f01-s02,AA Stacking,COF-C2-80,AA Stacking,9.203000,-0.052000
10.1021_acs.chemmater.3c01952,10.1021_acs.chemmater.3c01952-p003-f01,10.1021_acs.chemmater.3c01952-p003-f01-s02,AA Stacking,COF-C2-80,AA Stacking,9.223000,-0.055500
10.1021_acs.chemmater.3c01952,10.1021_acs.chemmater.3c01952-p003-f01,10.1021_acs.chemmater.3c01952-p003-f01-s02,AA Stacking,COF-C2-80,AA Stacking,9.243000,0.067200
10.1021_acs.chemmater.3c01952,10.1021_acs.chemmater.3c01952-p003-f01,10.1021_acs.chemmater.3c01952-p003-f01-s02,AA Stacking,COF-C2-80,AA Stacking,9.263000,0.545100
10.1021_acs.chemmater.3c01952,10.1021_acs.chemmater.3c01952-p003-f01,10.1021_acs.chemmater.3c01952-p003-f01-s02,AA Stacking,COF-C2-80,AA Stacking,9.283000,1.250900
10.1021_acs.chemmater.3c01952,10.1021_acs.chemmater.3c01952-p003-f01,10.1021_acs.chemmater.3c01952-p003-f01-s02,AA Stacking,COF-C2-80,AA Stacking,9.303000,2.109600
10.1021_acs.chemmater.3c01952,10.1021_acs.chemmater.3c01952-p003-f01,10.1021_acs.chemmater.3c01952-p003-f01-s02,AA Stacking,COF-C2-80,AA Stacking,9.323000,3.083500
10.1021_acs.chemmater.3c01952,10.1021_acs.chemmater.3c01952-p003-f01,10.1021_acs.chemmater.3c01952-p003-f01-s02,AA Stacking,COF-C2-80,AA Stacking,9.343000,4.061800
10.1021_acs.chemmater.3c01952,10.1021_acs.chemmater.3c01952-p003-f01,10.1021_acs.chemmater.3c01952-p003-f01-s02,AA Stacking,COF-C2-80,AA Stacking,9.363000,4.873800
10.1021_acs.chemmater.3c01952,10.1021_acs.chemmater.3c01952-p003-f01,10.1021_acs.chemmater.3c01952-p003-f01-s02,AA Stacking,COF-C2-80,AA Stacking,9.383000,5.381300
10.1021_acs.chemmater.3c01952,10.1021_acs.chemmater.3c01952-p003-f01,10.1021_acs.chemmater.3c01952-p003-f01-s02,AA Stacking,COF-C2-80,AA Stacking,9.403000,5.619100
10.1021_acs.chemmater.3c01952,10.1021_acs.chemmater.3c01952-p003-f01,10.1021_acs.chemmater.3c01952-p003-f01-s02,AA Stacking,COF-C2-80,AA Stacking,9.423000,5.594100
10.1021_acs.chemmater.3c01952,10.1021_acs.chemmater.3c01952-p003-f01,10.1021_acs.chemmater.3c01952-p003-f01-s02,AA Stacking,COF-C2-80,AA Stacking,9.443000,5.380400
10.1021_acs.chemmater.3c01952,10.1021_acs.chemmater.3c01952-p003-f01,10.1021_acs.chemmater.3c01952-p003-f01-s02,AA Stacking,COF-C2-80,AA Stacking,9.463000,5.032700
10.1021_acs.chemmater.3c01952,10.1021_acs.chemmater.3c01952-p003-f01,10.1021_acs.chemmater.3c01952-p003-f01-s02,AA Stacking,COF-C2-80,AA Stacking,9.483000,4.375800
10.1021_acs.chemmater.3c01952,10.1021_acs.chemmater.3c01952-p003-f01,10.1021_acs.chemmater.3c01952-p003-f01-s02,AA Stacking,COF-C2-80,AA Stacking,9.503000,3.507800
10.1021_acs.chemmater.3c01952,10.1021_acs.chemmater.3c01952-p003-f01,10.1021_acs.chemmater.3c01952-p003-f01-s02,AA Stacking,COF-C2-80,AA Stacking,9.523000,2.600000
10.1021_acs.chemmater.3c01952,10.1021_acs.chemmater.3c01952-p003-f01,10.1021_acs.chemmater.3c01952-p003-f01-s02,AA Stacking,COF-C2-80,AA Stacking,9.543000,1.731500
10.1021_acs.chemmater.3c01952,10.1021_acs.chemmater.3c01952-p003-f01,10.1021_acs.chemmater.3c01952-p003-f01-s02,AA Stacking,COF-C2-80,AA Stacking,9.563000,0.949800
10.1021_acs.chemmater.3c01952,10.1021_acs.chemmater.3c01952-p003-f01,10.1021_acs.chemmater.3c01952-p003-f01-s02,AA Stacking,COF-C2-80,AA Stacking,9.583000,0.329600
10.1021_acs.chemmater.3c01952,10.1021_acs.chemmater.3c01952-p003-f01,10.1021_acs.chemmater.3c01952-p003-f01-s02,AA Stacking,COF-C2-80,AA Stacking,9.603000,-0.002400
10.1021_acs.chemmater.3c01952,10.1021_acs.chemmater.3c01952-p003-f01,10.1021_acs.chemmater.3c01952-p003-f01-s02,AA Stacking,COF-C2-80,AA Stacking,9.623000,-0.106000
10.1021_acs.chemmater.3c01952,10.1021_acs.chemmater.3c01952-p003-f01,10.1021_acs.chemmater.3c01952-p003-f01-s02,AA Stacking,COF-C2-80,AA Stacking,9.643000,-0.059800
10.1021_acs.chemmater.3c01952,10.1021_acs.chemmater.3c01952-p003-f01,10.1021_acs.chemmater.3c01952-p003-f01-s02,AA Stacking,COF-C2-80,AA Stacking,9.663000,0.003600
10.1021_acs.chemmater.3c01952,10.1021_acs.chemmater.3c01952-p003-f01,10.1021_acs.chemmater.3c01952-p003-f01-s02,AA Stacking,COF-C2-80,AA Stacking,9.683000,0.038400
10.1021_acs.chemmater.3c01952,10.1021_acs.chemmater.3c01952-p003-f01,10.1021_acs.chemmater.3c01952-p003-f01-s02,AA Stacking,COF-C2-80,AA Stacking,9.703000,0.040600
10.1021_acs.chemmater.3c01952,10.1021_acs.chemmater.3c01952-p003-f01,10.1021_acs.chemmater.3c01952-p003-f01-s02,AA Stacking,COF-C2-80,AA Stacking,9.723000,0.041000
10.1021_acs.chemmater.3c01952,10.1021_acs.chemmater.3c01952-p003-f01,10.1021_acs.chemmater.3c01952-p003-f01-s02,AA Stacking,COF-C2-80,AA Stacking,9.743000,0.041200
10.1021_acs.chemmater.3c01952,10.1021_acs.chemmater.3c01952-p003-f01,10.1021_acs.chemmater.3c01952-p003-f01-s02,AA Stacking,COF-C2-80,AA Stacking,9.763000,0.041200
10.1021_acs.chemmater.3c01952,10.1021_acs.chemmater.3c01952-p003-f01,10.1021_acs.chemmater.3c01952-p003-f01-s02,AA Stacking,COF-C2-80,AA Stacking,9.783000,0.041300
10.1021_acs.chemmater.3c01952,10.1021_acs.chemmater.3c01952-p003-f01,10.1021_acs.chemmater.3c01952-p003-f01-s02,AA Stacking,COF-C2-80,AA Stacking,9.803000,0.041300
10.1021_acs.chemmater.3c01952,10.1021_acs.chemmater.3c01952-p003-f01,10.1021_acs.chemmater.3c01952-p003-f01-s02,AA Stacking,COF-C2-80,AA Stacking,9.823000,0.041300
10.1021_acs.chemmater.3c01952,10.1021_acs.chemmater.3c01952-p003-f01,10.1021_acs.chemmater.3c01952-p003-f01-s02,AA Stacking,COF-C2-80,AA Stacking,9.843000,0.041400
10.1021_acs.chemmater.3c01952,10.1021_acs.chemmater.3c01952-p003-f01,10.1021_acs.chemmater.3c01952-p003-f01-s02,AA Stacking,COF-C2-80,AA Stacking,9.863000,0.041400
10.1021_acs.chemmater.3c01952,10.1021_acs.chemmater.3c01952-p003-f01,10.1021_acs.chemmater.3c01952-p003-f01-s02,AA Stacking,COF-C2-80,AA Stacking,9.883000,0.041500
10.1021_acs.chemmater.3c01952,10.1021_acs.chemmater.3c01952-p003-f01,10.1021_acs.chemmater.3c01952-p003-f01-s02,AA Stacking,COF-C2-80,AA Stacking,9.903000,0.041500
10.1021_acs.chemmater.3c01952,10.1021_acs.chemmater.3c01952-p003-f01,10.1021_acs.chemmater.3c01952-p003-f01-s02,AA Stacking,COF-C2-80,AA Stacking,9.923000,0.041500
10.1021_acs.chemmater.3c01952,10.1021_acs.chemmater.3c01952-p003-f01,10.1021_acs.chemmater.3c01952-p003-f01-s02,AA Stacking,COF-C2-80,AA Stacking,9.943000,0.041600
10.1021_acs.chemmater.3c01952,10.1021_acs.chemmater.3c01952-p003-f01,10.1021_acs.chemmater.3c01952-p003-f01-s02,AA Stacking,COF-C2-80,AA Stacking,9.963000,0.041600
10.1021_acs.chemmater.3c01952,10.1021_acs.chemmater.3c01952-p003-f01,10.1021_acs.chemmater.3c01952-p003-f01-s02,AA Stacking,COF-C2-80,AA Stacking,9.983000,0.041700
10.1021_acs.chemmater.3c01952,10.1021_acs.chemmater.3c01952-p003-f01,10.1021_acs.chemmater.3c01952-p003-f01-s02,AA Stacking,COF-C2-80,AA Stacking,10.003000,0.041700
10.1021_acs.chemmater.3c01952,10.1021_acs.chemmater.3c01952-p003-f01,10.1021_acs.chemmater.3c01952-p003-f01-s02,AA Stacking,COF-C2-80,AA Stacking,10.023000,0.041700
10.1021_acs.chemmater.3c01952,10.1021_acs.chemmater.3c01952-p003-f01,10.1021_acs.chemmater.3c01952-p003-f01-s02,AA Stacking,COF-C2-80,AA Stacking,10.043000,0.041800
10.1021_acs.chemmater.3c01952,10.1021_acs.chemmater.3c01952-p003-f01,10.1021_acs.chemmater.3c01952-p003-f01-s02,AA Stacking,COF-C2-80,AA Stacking,10.063000,0.041800
10.1021_acs.chemmater.3c01952,10.1021_acs.chemmater.3c01952-p003-f01,10.1021_acs.chemmater.3c01952-p003-f01-s02,AA Stacking,COF-C2-80,AA Stacking,10.083000,0.041900
10.1021_acs.chemmater.3c01952,10.1021_acs.chemmater.3c01952-p003-f01,10.1021_acs.chemmater.3c01952-p003-f01-s02,AA Stacking,COF-C2-80,AA Stacking,10.103000,0.041900
10.1021_acs.chemmater.3c01952,10.1021_acs.chemmater.3c01952-p003-f01,10.1021_acs.chemmater.3c01952-p003-f01-s02,AA Stacking,COF-C2-80,AA Stacking,10.123000,0.041900
10.1021_acs.chemmater.3c01952,10.1021_acs.chemmater.3c01952-p003-f01,10.1021_acs.chemmater.3c01952-p003-f01-s02,AA Stacking,COF-C2-80,AA Stacking,10.143000,0.042000
10.1021_acs.chemmater.3c01952,10.1021_acs.chemmater.3c01952-p003-f01,10.1021_acs.chemmater.3c01952-p003-f01-s02,AA Stacking,COF-C2-80,AA Stacking,10.163000,0.042000
10.1021_acs.chemmater.3c01952,10.1021_acs.chemmater.3c01952-p003-f01,10.1021_acs.chemmater.3c01952-p003-f01-s02,AA Stacking,COF-C2-80,AA Stacking,10.183000,0.042000
10.1021_acs.chemmater.3c01952,10.1021_acs.chemmater.3c01952-p003-f01,10.1021_acs.chemmater.3c01952-p003-f01-s02,AA Stacking,COF-C2-80,AA Stacking,10.203000,0.042100
10.1021_acs.chemmater.3c01952,10.1021_acs.chemmater.3c01952-p003-f01,10.1021_acs.chemmater.3c01952-p003-f01-s02,AA Stacking,COF-C2-80,AA Stacking,10.223000,0.042100
10.1021_acs.chemmater.3c01952,10.1021_acs.chemmater.3c01952-p003-f01,10.1021_acs.chemmater.3c01952-p003-f01-s02,AA Stacking,COF-C2-80,AA Stacking,10.243000,0.042100
10.1021_acs.chemmater.3c01952,10.1021_acs.chemmater.3c01952-p003-f01,10.1021_acs.chemmater.3c01952-p003-f01-s02,AA Stacking,COF-C2-80,AA Stacking,10.263000,0.042200
10.1021_acs.chemmater.3c01952,10.1021_acs.chemmater.3c01952-p003-f01,10.1021_acs.chemmater.3c01952-p003-f01-s02,AA Stacking,COF-C2-80,AA Stacking,10.283000,0.042200
10.1021_acs.chemmater.3c01952,10.1021_acs.chemmater.3c01952-p003-f01,10.1021_acs.chemmater.3c01952-p003-f01-s02,AA Stacking,COF-C2-80,AA Stacking,10.303000,0.042200
10.1021_acs.chemmater.3c01952,10.1021_acs.chemmater.3c01952-p003-f01,10.1021_acs.chemmater.3c01952-p003-f01-s02,AA Stacking,COF-C2-80,AA Stacking,10.323000,0.042300
10.1021_acs.chemmater.3c01952,10.1021_acs.chemmater.3c01952-p003-f01,10.1021_acs.chemmater.3c01952-p003-f01-s02,AA Stacking,COF-C2-80,AA Stacking,10.343000,0.042300
10.1021_acs.chemmater.3c01952,10.1021_acs.chemmater.3c01952-p003-f01,10.1021_acs.chemmater.3c01952-p003-f01-s02,AA Stacking,COF-C2-80,AA Stacking,10.363000,0.042300
10.1021_acs.chemmater.3c01952,10.1021_acs.chemmater.3c01952-p003-f01,10.1021_acs.chemmater.3c01952-p003-f01-s02,AA Stacking,COF-C2-80,AA Stacking,10.383000,0.042400
10.1021_acs.chemmater.3c01952,10.1021_acs.chemmater.3c01952-p003-f01,10.1021_acs.chemmater.3c01952-p003-f01-s02,AA Stacking,COF-C2-80,AA Stacking,10.403000,0.042400
10.1021_acs.chemmater.3c01952,10.1021_acs.chemmater.3c01952-p003-f01,10.1021_acs.chemmater.3c01952-p003-f01-s02,AA Stacking,COF-C2-80,AA Stacking,10.423000,0.042400
10.1021_acs.chemmater.3c01952,10.1021_acs.chemmater.3c01952-p003-f01,10.1021_acs.chemmater.3c01952-p003-f01-s02,AA Stacking,COF-C2-80,AA Stacking,10.443000,0.042500
10.1021_acs.chemmater.3c01952,10.1021_acs.chemmater.3c01952-p003-f01,10.1021_acs.chemmater.3c01952-p003-f01-s02,AA Stacking,COF-C2-80,AA Stacking,10.463000,0.042500
10.1021_acs.chemmater.3c01952,10.1021_acs.chemmater.3c01952-p003-f01,10.1021_acs.chemmater.3c01952-p003-f01-s02,AA Stacking,COF-C2-80,AA Stacking,10.483000,0.042500
10.1021_acs.chemmater.3c01952,10.1021_acs.chemmater.3c01952-p003-f01,10.1021_acs.chemmater.3c01952-p003-f01-s02,AA Stacking,COF-C2-80,AA Stacking,10.503000,0.042600
10.1021_acs.chemmater.3c01952,10.1021_acs.chemmater.3c01952-p003-f01,10.1021_acs.chemmater.3c01952-p003-f01-s02,AA Stacking,COF-C2-80,AA Stacking,10.523000,0.042600
10.1021_acs.chemmater.3c01952,10.1021_acs.chemmater.3c01952-p003-f01,10.1021_acs.chemmater.3c01952-p003-f01-s02,AA Stacking,COF-C2-80,AA Stacking,10.543000,0.042600
10.1021_acs.chemmater.3c01952,10.1021_acs.chemmater.3c01952-p003-f01,10.1021_acs.chemmater.3c01952-p003-f01-s02,AA Stacking,COF-C2-80,AA Stacking,10.563000,0.042600
10.1021_acs.chemmater.3c01952,10.1021_acs.chemmater.3c01952-p003-f01,10.1021_acs.chemmater.3c01952-p003-f01-s02,AA Stacking,COF-C2-80,AA Stacking,10.583000,0.042700
10.1021_acs.chemmater.3c01952,10.1021_acs.chemmater.3c01952-p003-f01,10.1021_acs.chemmater.3c01952-p003-f01-s02,AA Stacking,COF-C2-80,AA Stacking,10.603000,0.042700
10.1021_acs.chemmater.3c01952,10.1021_acs.chemmater.3c01952-p003-f01,10.1021_acs.chemmater.3c01952-p003-f01-s02,AA Stacking,COF-C2-80,AA Stacking,10.623000,0.042700
10.1021_acs.chemmater.3c01952,10.1021_acs.chemmater.3c01952-p003-f01,10.1021_acs.chemmater.3c01952-p003-f01-s02,AA Stacking,COF-C2-80,AA Stacking,10.643000,0.042800
10.1021_acs.chemmater.3c01952,10.1021_acs.chemmater.3c01952-p003-f01,10.1021_acs.chemmater.3c01952-p003-f01-s02,AA Stacking,COF-C2-80,AA Stacking,10.663000,0.042800
10.1021_acs.chemmater.3c01952,10.1021_acs.chemmater.3c01952-p003-f01,10.1021_acs.chemmater.3c01952-p003-f01-s02,AA Stacking,COF-C2-80,AA Stacking,10.683000,0.042800
10.1021_acs.chemmater.3c01952,10.1021_acs.chemmater.3c01952-p003-f01,10.1021_acs.chemmater.3c01952-p003-f01-s02,AA Stacking,COF-C2-80,AA Stacking,10.703000,0.042800
10.1021_acs.chemmater.3c01952,10.1021_acs.chemmater.3c01952-p003-f01,10.1021_acs.chemmater.3c01952-p003-f01-s02,AA Stacking,COF-C2-80,AA Stacking,10.723000,0.042900
10.1021_acs.chemmater.3c01952,10.1021_acs.chemmater.3c01952-p003-f01,10.1021_acs.chemmater.3c01952-p003-f01-s02,AA Stacking,COF-C2-80,AA Stacking,10.743000,0.042900
10.1021_acs.chemmater.3c01952,10.1021_acs.chemmater.3c01952-p003-f01,10.1021_acs.chemmater.3c01952-p003-f01-s02,AA Stacking,COF-C2-80,AA Stacking,10.763000,0.042900
10.1021_acs.chemmater.3c01952,10.1021_acs.chemmater.3c01952-p003-f01,10.1021_acs.chemmater.3c01952-p003-f01-s02,AA Stacking,COF-C2-80,AA Stacking,10.783000,0.043000
10.1021_acs.chemmater.3c01952,10.1021_acs.chemmater.3c01952-p003-f01,10.1021_acs.chemmater.3c01952-p003-f01-s02,AA Stacking,COF-C2-80,AA Stacking,10.803000,0.043000
10.1021_acs.chemmater.3c01952,10.1021_acs.chemmater.3c01952-p003-f01,10.1021_acs.chemmater.3c01952-p003-f01-s02,AA Stacking,COF-C2-80,AA Stacking,10.823000,0.043000
10.1021_acs.chemmater.3c01952,10.1021_acs.chemmater.3c01952-p003-f01,10.1021_acs.chemmater.3c01952-p003-f01-s02,AA Stacking,COF-C2-80,AA Stacking,10.843000,0.043000
10.1021_acs.chemmater.3c01952,10.1021_acs.chemmater.3c01952-p003-f01,10.1021_acs.chemmater.3c01952-p003-f01-s02,AA Stacking,COF-C2-80,AA Stacking,10.863000,0.043100
10.1021_acs.chemmater.3c01952,10.1021_acs.chemmater.3c01952-p003-f01,10.1021_acs.chemmater.3c01952-p003-f01-s02,AA Stacking,COF-C2-80,AA Stacking,10.883000,0.043100
10.1021_acs.chemmater.3c01952,10.1021_acs.chemmater.3c01952-p003-f01,10.1021_acs.chemmater.3c01952-p003-f01-s02,AA Stacking,COF-C2-80,AA Stacking,10.903000,0.043100
10.1021_acs.chemmater.3c01952,10.1021_acs.chemmater.3c01952-p003-f01,10.1021_acs.chemmater.3c01952-p003-f01-s02,AA Stacking,COF-C2-80,AA Stacking,10.923000,0.043100
10.1021_acs.chemmater.3c01952,10.1021_acs.chemmater.3c01952-p003-f01,10.1021_acs.chemmater.3c01952-p003-f01-s02,AA Stacking,COF-C2-80,AA Stacking,10.943000,0.043200
10.1021_acs.chemmater.3c01952,10.1021_acs.chemmater.3c01952-p003-f01,10.1021_acs.chemmater.3c01952-p003-f01-s02,AA Stacking,COF-C2-80,AA Stacking,10.963000,0.043200
10.1021_acs.chemmater.3c01952,10.1021_acs.chemmater.3c01952-p003-f01,10.1021_acs.chemmater.3c01952-p003-f01-s02,AA Stacking,COF-C2-80,AA Stacking,10.983000,0.043200
10.1021_acs.chemmater.3c01952,10.1021_acs.chemmater.3c01952-p003-f01,10.1021_acs.chemmater.3c01952-p003-f01-s02,AA Stacking,COF-C2-80,AA Stacking,11.003000,0.043200
10.1021_acs.chemmater.3c01952,10.1021_acs.chemmater.3c01952-p003-f01,10.1021_acs.chemmater.3c01952-p003-f01-s02,AA Stacking,COF-C2-80,AA Stacking,11.023000,0.043300
10.1021_acs.chemmater.3c01952,10.1021_acs.chemmater.3c01952-p003-f01,10.1021_acs.chemmater.3c01952-p003-f01-s02,AA Stacking,COF-C2-80,AA Stacking,11.043000,0.043300
10.1021_acs.chemmater.3c01952,10.1021_acs.chemmater.3c01952-p003-f01,10.1021_acs.chemmater.3c01952-p003-f01-s02,AA Stacking,COF-C2-80,AA Stacking,11.063000,0.043300
10.1021_acs.chemmater.3c01952,10.1021_acs.chemmater.3c01952-p003-f01,10.1021_acs.chemmater.3c01952-p003-f01-s02,AA Stacking,COF-C2-80,AA Stacking,11.083000,0.043300
10.1021_acs.chemmater.3c01952,10.1021_acs.chemmater.3c01952-p003-f01,10.1021_acs.chemmater.3c01952-p003-f01-s02,AA Stacking,COF-C2-80,AA Stacking,11.103000,0.043300
10.1021_acs.chemmater.3c01952,10.1021_acs.chemmater.3c01952-p003-f01,10.1021_acs.chemmater.3c01952-p003-f01-s02,AA Stacking,COF-C2-80,AA Stacking,11.123000,0.043400
10.1021_acs.chemmater.3c01952,10.1021_acs.chemmater.3c01952-p003-f01,10.1021_acs.chemmater.3c01952-p003-f01-s02,AA Stacking,COF-C2-80,AA Stacking,11.143000,0.043400
10.1021_acs.chemmater.3c01952,10.1021_acs.chemmater.3c01952-p003-f01,10.1021_acs.chemmater.3c01952-p003-f01-s02,AA Stacking,COF-C2-80,AA Stacking,11.163000,0.043400
10.1021_acs.chemmater.3c01952,10.1021_acs.chemmater.3c01952-p003-f01,10.1021_acs.chemmater.3c01952-p003-f01-s02,AA Stacking,COF-C2-80,AA Stacking,11.183000,0.043400
10.1021_acs.chemmater.3c01952,10.1021_acs.chemmater.3c01952-p003-f01,10.1021_acs.chemmater.3c01952-p003-f01-s02,AA Stacking,COF-C2-80,AA Stacking,11.203000,0.043400
10.1021_acs.chemmater.3c01952,10.1021_acs.chemmater.3c01952-p003-f01,10.1021_acs.chemmater.3c01952-p003-f01-s02,AA Stacking,COF-C2-80,AA Stacking,11.223000,0.043500
10.1021_acs.chemmater.3c01952,10.1021_acs.chemmater.3c01952-p003-f01,10.1021_acs.chemmater.3c01952-p003-f01-s02,AA Stacking,COF-C2-80,AA Stacking,11.243000,0.043500
10.1021_acs.chemmater.3c01952,10.1021_acs.chemmater.3c01952-p003-f01,10.1021_acs.chemmater.3c01952-p003-f01-s02,AA Stacking,COF-C2-80,AA Stacking,11.263000,0.043500
10.1021_acs.chemmater.3c01952,10.1021_acs.chemmater.3c01952-p003-f01,10.1021_acs.chemmater.3c01952-p003-f01-s02,AA Stacking,COF-C2-80,AA Stacking,11.283000,0.043500
10.1021_acs.chemmater.3c01952,10.1021_acs.chemmater.3c01952-p003-f01,10.1021_acs.chemmater.3c01952-p003-f01-s02,AA Stacking,COF-C2-80,AA Stacking,11.303000,0.043500
10.1021_acs.chemmater.3c01952,10.1021_acs.chemmater.3c01952-p003-f01,10.1021_acs.chemmater.3c01952-p003-f01-s02,AA Stacking,COF-C2-80,AA Stacking,11.323000,0.043600
10.1021_acs.chemmater.3c01952,10.1021_acs.chemmater.3c01952-p003-f01,10.1021_acs.chemmater.3c01952-p003-f01-s02,AA Stacking,COF-C2-80,AA Stacking,11.343000,0.043600
10.1021_acs.chemmater.3c01952,10.1021_acs.chemmater.3c01952-p003-f01,10.1021_acs.chemmater.3c01952-p003-f01-s02,AA Stacking,COF-C2-80,AA Stacking,11.363000,0.043600
10.1021_acs.chemmater.3c01952,10.1021_acs.chemmater.3c01952-p003-f01,10.1021_acs.chemmater.3c01952-p003-f01-s02,AA Stacking,COF-C2-80,AA Stacking,11.383000,0.043600
10.1021_acs.chemmater.3c01952,10.1021_acs.chemmater.3c01952-p003-f01,10.1021_acs.chemmater.3c01952-p003-f01-s02,AA Stacking,COF-C2-80,AA Stacking,11.403000,0.043600
10.1021_acs.chemmater.3c01952,10.1021_acs.chemmater.3c01952-p003-f01,10.1021_acs.chemmater.3c01952-p003-f01-s02,AA Stacking,COF-C2-80,AA Stacking,11.423000,0.043700
10.1021_acs.chemmater.3c01952,10.1021_acs.chemmater.3c01952-p003-f01,10.1021_acs.chemmater.3c01952-p003-f01-s02,AA Stacking,COF-C2-80,AA Stacking,11.443000,0.043700
10.1021_acs.chemmater.3c01952,10.1021_acs.chemmater.3c01952-p003-f01,10.1021_acs.chemmater.3c01952-p003-f01-s02,AA Stacking,COF-C2-80,AA Stacking,11.463000,0.043700
10.1021_acs.chemmater.3c01952,10.1021_acs.chemmater.3c01952-p003-f01,10.1021_acs.chemmater.3c01952-p003-f01-s02,AA Stacking,COF-C2-80,AA Stacking,11.483000,0.043700
10.1021_acs.chemmater.3c01952,10.1021_acs.chemmater.3c01952-p003-f01,10.1021_acs.chemmater.3c01952-p003-f01-s02,AA Stacking,COF-C2-80,AA Stacking,11.503000,0.043700
10.1021_acs.chemmater.3c01952,10.1021_acs.chemmater.3c01952-p003-f01,10.1021_acs.chemmater.3c01952-p003-f01-s02,AA Stacking,COF-C2-80,AA Stacking,11.523000,0.043700
10.1021_acs.chemmater.3c01952,10.1021_acs.chemmater.3c01952-p003-f01,10.1021_acs.chemmater.3c01952-p003-f01-s02,AA Stacking,COF-C2-80,AA Stacking,11.543000,0.043800
10.1021_acs.chemmater.3c01952,10.1021_acs.chemmater.3c01952-p003-f01,10.1021_acs.chemmater.3c01952-p003-f01-s02,AA Stacking,COF-C2-80,AA Stacking,11.563000,0.043800
10.1021_acs.chemmater.3c01952,10.1021_acs.chemmater.3c01952-p003-f01,10.1021_acs.chemmater.3c01952-p003-f01-s02,AA Stacking,COF-C2-80,AA Stacking,11.583000,0.043800
10.1021_acs.chemmater.3c01952,10.1021_acs.chemmater.3c01952-p003-f01,10.1021_acs.chemmater.3c01952-p003-f01-s02,AA Stacking,COF-C2-80,AA Stacking,11.603000,0.043800
10.1021_acs.chemmater.3c01952,10.1021_acs.chemmater.3c01952-p003-f01,10.1021_acs.chemmater.3c01952-p003-f01-s02,AA Stacking,COF-C2-80,AA Stacking,11.623000,0.043800
10.1021_acs.chemmater.3c01952,10.1021_acs.chemmater.3c01952-p003-f01,10.1021_acs.chemmater.3c01952-p003-f01-s02,AA Stacking,COF-C2-80,AA Stacking,11.643000,0.043800
10.1021_acs.chemmater.3c01952,10.1021_acs.chemmater.3c01952-p003-f01,10.1021_acs.chemmater.3c01952-p003-f01-s02,AA Stacking,COF-C2-80,AA Stacking,11.663000,0.043900
10.1021_acs.chemmater.3c01952,10.1021_acs.chemmater.3c01952-p003-f01,10.1021_acs.chemmater.3c01952-p003-f01-s02,AA Stacking,COF-C2-80,AA Stacking,11.683000,0.043900
10.1021_acs.chemmater.3c01952,10.1021_acs.chemmater.3c01952-p003-f01,10.1021_acs.chemmater.3c01952-p003-f01-s02,AA Stacking,COF-C2-80,AA Stacking,11.703000,0.043900
10.1021_acs.chemmater.3c01952,10.1021_acs.chemmater.3c01952-p003-f01,10.1021_acs.chemmater.3c01952-p003-f01-s02,AA Stacking,COF-C2-80,AA Stacking,11.723000,0.043900
10.1021_acs.chemmater.3c01952,10.1021_acs.chemmater.3c01952-p003-f01,10.1021_acs.chemmater.3c01952-p003-f01-s02,AA Stacking,COF-C2-80,AA Stacking,11.743000,0.043900
10.1021_acs.chemmater.3c01952,10.1021_acs.chemmater.3c01952-p003-f01,10.1021_acs.chemmater.3c01952-p003-f01-s02,AA Stacking,COF-C2-80,AA Stacking,11.763000,0.043900
10.1021_acs.chemmater.3c01952,10.1021_acs.chemmater.3c01952-p003-f01,10.1021_acs.chemmater.3c01952-p003-f01-s02,AA Stacking,COF-C2-80,AA Stacking,11.783000,0.043900
10.1021_acs.chemmater.3c01952,10.1021_acs.chemmater.3c01952-p003-f01,10.1021_acs.chemmater.3c01952-p003-f01-s02,AA Stacking,COF-C2-80,AA Stacking,11.803000,0.044000
10.1021_acs.chemmater.3c01952,10.1021_acs.chemmater.3c01952-p003-f01,10.1021_acs.chemmater.3c01952-p003-f01-s02,AA Stacking,COF-C2-80,AA Stacking,11.823000,0.044000
10.1021_acs.chemmater.3c01952,10.1021_acs.chemmater.3c01952-p003-f01,10.1021_acs.chemmater.3c01952-p003-f01-s02,AA Stacking,COF-C2-80,AA Stacking,11.843000,0.044000
10.1021_acs.chemmater.3c01952,10.1021_acs.chemmater.3c01952-p003-f01,10.1021_acs.chemmater.3c01952-p003-f01-s02,AA Stacking,COF-C2-80,AA Stacking,11.863000,0.044000
10.1021_acs.chemmater.3c01952,10.1021_acs.chemmater.3c01952-p003-f01,10.1021_acs.chemmater.3c01952-p003-f01-s02,AA Stacking,COF-C2-80,AA Stacking,11.883000,0.044000
10.1021_acs.chemmater.3c01952,10.1021_acs.chemmater.3c01952-p003-f01,10.1021_acs.chemmater.3c01952-p003-f01-s02,AA Stacking,COF-C2-80,AA Stacking,11.903000,0.044000
10.1021_acs.chemmater.3c01952,10.1021_acs.chemmater.3c01952-p003-f01,10.1021_acs.chemmater.3c01952-p003-f01-s02,AA Stacking,COF-C2-80,AA Stacking,11.923000,0.044000
10.1021_acs.chemmater.3c01952,10.1021_acs.chemmater.3c01952-p003-f01,10.1021_acs.chemmater.3c01952-p003-f01-s02,AA Stacking,COF-C2-80,AA Stacking,11.943000,0.044000
10.1021_acs.chemmater.3c01952,10.1021_acs.chemmater.3c01952-p003-f01,10.1021_acs.chemmater.3c01952-p003-f01-s02,AA Stacking,COF-C2-80,AA Stacking,11.963000,0.044100
10.1021_acs.chemmater.3c01952,10.1021_acs.chemmater.3c01952-p003-f01,10.1021_acs.chemmater.3c01952-p003-f01-s02,AA Stacking,COF-C2-80,AA Stacking,11.983000,0.044100
10.1021_acs.chemmater.3c01952,10.1021_acs.chemmater.3c01952-p003-f01,10.1021_acs.chemmater.3c01952-p003-f01-s02,AA Stacking,COF-C2-80,AA Stacking,12.003000,0.044100
10.1021_acs.chemmater.3c01952,10.1021_acs.chemmater.3c01952-p003-f01,10.1021_acs.chemmater.3c01952-p003-f01-s02,AA Stacking,COF-C2-80,AA Stacking,12.023000,0.044100
10.1021_acs.chemmater.3c01952,10.1021_acs.chemmater.3c01952-p003-f01,10.1021_acs.chemmater.3c01952-p003-f01-s02,AA Stacking,COF-C2-80,AA Stacking,12.043000,0.044100
10.1021_acs.chemmater.3c01952,10.1021_acs.chemmater.3c01952-p003-f01,10.1021_acs.chemmater.3c01952-p003-f01-s02,AA Stacking,COF-C2-80,AA Stacking,12.063000,0.044100
10.1021_acs.chemmater.3c01952,10.1021_acs.chemmater.3c01952-p003-f01,10.1021_acs.chemmater.3c01952-p003-f01-s02,AA Stacking,COF-C2-80,AA Stacking,12.083000,0.044100
10.1021_acs.chemmater.3c01952,10.1021_acs.chemmater.3c01952-p003-f01,10.1021_acs.chemmater.3c01952-p003-f01-s02,AA Stacking,COF-C2-80,AA Stacking,12.103000,0.044100
10.1021_acs.chemmater.3c01952,10.1021_acs.chemmater.3c01952-p003-f01,10.1021_acs.chemmater.3c01952-p003-f01-s02,AA Stacking,COF-C2-80,AA Stacking,12.123000,0.044100
10.1021_acs.chemmater.3c01952,10.1021_acs.chemmater.3c01952-p003-f01,10.1021_acs.chemmater.3c01952-p003-f01-s02,AA Stacking,COF-C2-80,AA Stacking,12.143000,0.044200
10.1021_acs.chemmater.3c01952,10.1021_acs.chemmater.3c01952-p003-f01,10.1021_acs.chemmater.3c01952-p003-f01-s02,AA Stacking,COF-C2-80,AA Stacking,12.163000,0.044200
10.1021_acs.chemmater.3c01952,10.1021_acs.chemmater.3c01952-p003-f01,10.1021_acs.chemmater.3c01952-p003-f01-s02,AA Stacking,COF-C2-80,AA Stacking,12.183000,0.044200
10.1021_acs.chemmater.3c01952,10.1021_acs.chemmater.3c01952-p003-f01,10.1021_acs.chemmater.3c01952-p003-f01-s02,AA Stacking,COF-C2-80,AA Stacking,12.203000,0.044200
10.1021_acs.chemmater.3c01952,10.1021_acs.chemmater.3c01952-p003-f01,10.1021_acs.chemmater.3c01952-p003-f01-s02,AA Stacking,COF-C2-80,AA Stacking,12.223000,0.044200
10.1021_acs.chemmater.3c01952,10.1021_acs.chemmater.3c01952-p003-f01,10.1021_acs.chemmater.3c01952-p003-f01-s02,AA Stacking,COF-C2-80,AA Stacking,12.243000,0.044200
10.1021_acs.chemmater.3c01952,10.1021_acs.chemmater.3c01952-p003-f01,10.1021_acs.chemmater.3c01952-p003-f01-s02,AA Stacking,COF-C2-80,AA Stacking,12.263000,0.044200
10.1021_acs.chemmater.3c01952,10.1021_acs.chemmater.3c01952-p003-f01,10.1021_acs.chemmater.3c01952-p003-f01-s02,AA Stacking,COF-C2-80,AA Stacking,12.283000,0.044200
10.1021_acs.chemmater.3c01952,10.1021_acs.chemmater.3c01952-p003-f01,10.1021_acs.chemmater.3c01952-p003-f01-s02,AA Stacking,COF-C2-80,AA Stacking,12.303000,0.044200
10.1021_acs.chemmater.3c01952,10.1021_acs.chemmater.3c01952-p003-f01,10.1021_acs.chemmater.3c01952-p003-f01-s02,AA Stacking,COF-C2-80,AA Stacking,12.323000,0.044200
10.1021_acs.chemmater.3c01952,10.1021_acs.chemmater.3c01952-p003-f01,10.1021_acs.chemmater.3c01952-p003-f01-s02,AA Stacking,COF-C2-80,AA Stacking,12.343000,0.044300
10.1021_acs.chemmater.3c01952,10.1021_acs.chemmater.3c01952-p003-f01,10.1021_acs.chemmater.3c01952-p003-f01-s02,AA Stacking,COF-C2-80,AA Stacking,12.363000,0.044300
10.1021_acs.chemmater.3c01952,10.1021_acs.chemmater.3c01952-p003-f01,10.1021_acs.chemmater.3c01952-p003-f01-s02,AA Stacking,COF-C2-80,AA Stacking,12.383000,0.044300
10.1021_acs.chemmater.3c01952,10.1021_acs.chemmater.3c01952-p003-f01,10.1021_acs.chemmater.3c01952-p003-f01-s02,AA Stacking,COF-C2-80,AA Stacking,12.403000,0.044300
10.1021_acs.chemmater.3c01952,10.1021_acs.chemmater.3c01952-p003-f01,10.1021_acs.chemmater.3c01952-p003-f01-s02,AA Stacking,COF-C2-80,AA Stacking,12.423000,0.044300
10.1021_acs.chemmater.3c01952,10.1021_acs.chemmater.3c01952-p003-f01,10.1021_acs.chemmater.3c01952-p003-f01-s02,AA Stacking,COF-C2-80,AA Stacking,12.443000,0.044300
10.1021_acs.chemmater.3c01952,10.1021_acs.chemmater.3c01952-p003-f01,10.1021_acs.chemmater.3c01952-p003-f01-s02,AA Stacking,COF-C2-80,AA Stacking,12.463000,0.044300
10.1021_acs.chemmater.3c01952,10.1021_acs.chemmater.3c01952-p003-f01,10.1021_acs.chemmater.3c01952-p003-f01-s02,AA Stacking,COF-C2-80,AA Stacking,12.483000,0.044300
10.1021_acs.chemmater.3c01952,10.1021_acs.chemmater.3c01952-p003-f01,10.1021_acs.chemmater.3c01952-p003-f01-s02,AA Stacking,COF-C2-80,AA Stacking,12.503000,0.044300
10.1021_acs.chemmater.3c01952,10.1021_acs.chemmater.3c01952-p003-f01,10.1021_acs.chemmater.3c01952-p003-f01-s02,AA Stacking,COF-C2-80,AA Stacking,12.523000,0.044300
10.1021_acs.chemmater.3c01952,10.1021_acs.chemmater.3c01952-p003-f01,10.1021_acs.chemmater.3c01952-p003-f01-s02,AA Stacking,COF-C2-80,AA Stacking,12.543000,0.044300
10.1021_acs.chemmater.3c01952,10.1021_acs.chemmater.3c01952-p003-f01,10.1021_acs.chemmater.3c01952-p003-f01-s02,AA Stacking,COF-C2-80,AA Stacking,12.563000,0.044300
10.1021_acs.chemmater.3c01952,10.1021_acs.chemmater.3c01952-p003-f01,10.1021_acs.chemmater.3c01952-p003-f01-s02,AA Stacking,COF-C2-80,AA Stacking,12.583000,0.044300
10.1021_acs.chemmater.3c01952,10.1021_acs.chemmater.3c01952-p003-f01,10.1021_acs.chemmater.3c01952-p003-f01-s02,AA Stacking,COF-C2-80,AA Stacking,12.603000,0.044300
10.1021_acs.chemmater.3c01952,10.1021_acs.chemmater.3c01952-p003-f01,10.1021_acs.chemmater.3c01952-p003-f01-s02,AA Stacking,COF-C2-80,AA Stacking,12.623000,0.044400
10.1021_acs.chemmater.3c01952,10.1021_acs.chemmater.3c01952-p003-f01,10.1021_acs.chemmater.3c01952-p003-f01-s02,AA Stacking,COF-C2-80,AA Stacking,12.643000,0.044400
10.1021_acs.chemmater.3c01952,10.1021_acs.chemmater.3c01952-p003-f01,10.1021_acs.chemmater.3c01952-p003-f01-s02,AA Stacking,COF-C2-80,AA Stacking,12.663000,0.044400
10.1021_acs.chemmater.3c01952,10.1021_acs.chemmater.3c01952-p003-f01,10.1021_acs.chemmater.3c01952-p003-f01-s02,AA Stacking,COF-C2-80,AA Stacking,12.683000,0.044400
10.1021_acs.chemmater.3c01952,10.1021_acs.chemmater.3c01952-p003-f01,10.1021_acs.chemmater.3c01952-p003-f01-s02,AA Stacking,COF-C2-80,AA Stacking,12.703000,0.044400
10.1021_acs.chemmater.3c01952,10.1021_acs.chemmater.3c01952-p003-f01,10.1021_acs.chemmater.3c01952-p003-f01-s02,AA Stacking,COF-C2-80,AA Stacking,12.723000,0.016600
10.1021_acs.chemmater.3c01952,10.1021_acs.chemmater.3c01952-p003-f01,10.1021_acs.chemmater.3c01952-p003-f01-s02,AA Stacking,COF-C2-80,AA Stacking,12.743000,-0.001500
10.1021_acs.chemmater.3c01952,10.1021_acs.chemmater.3c01952-p003-f01,10.1021_acs.chemmater.3c01952-p003-f01-s02,AA Stacking,COF-C2-80,AA Stacking,12.763000,0.038700
10.1021_acs.chemmater.3c01952,10.1021_acs.chemmater.3c01952-p003-f01,10.1021_acs.chemmater.3c01952-p003-f01-s02,AA Stacking,COF-C2-80,AA Stacking,12.783000,0.122700
10.1021_acs.chemmater.3c01952,10.1021_acs.chemmater.3c01952-p003-f01,10.1021_acs.chemmater.3c01952-p003-f01-s02,AA Stacking,COF-C2-80,AA Stacking,12.803000,0.251200
10.1021_acs.chemmater.3c01952,10.1021_acs.chemmater.3c01952-p003-f01,10.1021_acs.chemmater.3c01952-p003-f01-s02,AA Stacking,COF-C2-80,AA Stacking,12.823000,0.411100
10.1021_acs.chemmater.3c01952,10.1021_acs.chemmater.3c01952-p003-f01,10.1021_acs.chemmater.3c01952-p003-f01-s02,AA Stacking,COF-C2-80,AA Stacking,12.843000,0.510400
10.1021_acs.chemmater.3c01952,10.1021_acs.chemmater.3c01952-p003-f01,10.1021_acs.chemmater.3c01952-p003-f01-s02,AA Stacking,COF-C2-80,AA Stacking,12.863000,0.547400
10.1021_acs.chemmater.3c01952,10.1021_acs.chemmater.3c01952-p003-f01,10.1021_acs.chemmater.3c01952-p003-f01-s02,AA Stacking,COF-C2-80,AA Stacking,12.883000,0.522000
10.1021_acs.chemmater.3c01952,10.1021_acs.chemmater.3c01952-p003-f01,10.1021_acs.chemmater.3c01952-p003-f01-s02,AA Stacking,COF-C2-80,AA Stacking,12.903000,0.434400
10.1021_acs.chemmater.3c01952,10.1021_acs.chemmater.3c01952-p003-f01,10.1021_acs.chemmater.3c01952-p003-f01-s02,AA Stacking,COF-C2-80,AA Stacking,12.923000,0.284400
10.1021_acs.chemmater.3c01952,10.1021_acs.chemmater.3c01952-p003-f01,10.1021_acs.chemmater.3c01952-p003-f01-s02,AA Stacking,COF-C2-80,AA Stacking,12.943000,0.142400
10.1021_acs.chemmater.3c01952,10.1021_acs.chemmater.3c01952-p003-f01,10.1021_acs.chemmater.3c01952-p003-f01-s02,AA Stacking,COF-C2-80,AA Stacking,12.963000,0.051600
10.1021_acs.chemmater.3c01952,10.1021_acs.chemmater.3c01952-p003-f01,10.1021_acs.chemmater.3c01952-p003-f01-s02,AA Stacking,COF-C2-80,AA Stacking,12.983000,0.001700
10.1021_acs.chemmater.3c01952,10.1021_acs.chemmater.3c01952-p003-f01,10.1021_acs.chemmater.3c01952-p003-f01-s02,AA Stacking,COF-C2-80,AA Stacking,13.003000,0.007300
10.1021_acs.chemmater.3c01952,10.1021_acs.chemmater.3c01952-p003-f01,10.1021_acs.chemmater.3c01952-p003-f01-s02,AA Stacking,COF-C2-80,AA Stacking,13.023000,0.043800
10.1021_acs.chemmater.3c01952,10.1021_acs.chemmater.3c01952-p003-f01,10.1021_acs.chemmater.3c01952-p003-f01-s02,AA Stacking,COF-C2-80,AA Stacking,13.043000,0.044500
10.1021_acs.chemmater.3c01952,10.1021_acs.chemmater.3c01952-p003-f01,10.1021_acs.chemmater.3c01952-p003-f01-s02,AA Stacking,COF-C2-80,AA Stacking,13.063000,0.044500
10.1021_acs.chemmater.3c01952,10.1021_acs.chemmater.3c01952-p003-f01,10.1021_acs.chemmater.3c01952-p003-f01-s02,AA Stacking,COF-C2-80,AA Stacking,13.083000,0.044500
10.1021_acs.chemmater.3c01952,10.1021_acs.chemmater.3c01952-p003-f01,10.1021_acs.chemmater.3c01952-p003-f01-s02,AA Stacking,COF-C2-80,AA Stacking,13.103000,0.044500
10.1021_acs.chemmater.3c01952,10.1021_acs.chemmater.3c01952-p003-f01,10.1021_acs.chemmater.3c01952-p003-f01-s02,AA Stacking,COF-C2-80,AA Stacking,13.123000,0.044500
10.1021_acs.chemmater.3c01952,10.1021_acs.chemmater.3c01952-p003-f01,10.1021_acs.chemmater.3c01952-p003-f01-s02,AA Stacking,COF-C2-80,AA Stacking,13.143000,0.044500
10.1021_acs.chemmater.3c01952,10.1021_acs.chemmater.3c01952-p003-f01,10.1021_acs.chemmater.3c01952-p003-f01-s02,AA Stacking,COF-C2-80,AA Stacking,13.163000,0.044500
10.1021_acs.chemmater.3c01952,10.1021_acs.chemmater.3c01952-p003-f01,10.1021_acs.chemmater.3c01952-p003-f01-s02,AA Stacking,COF-C2-80,AA Stacking,13.183000,0.044500
10.1021_acs.chemmater.3c01952,10.1021_acs.chemmater.3c01952-p003-f01,10.1021_acs.chemmater.3c01952-p003-f01-s02,AA Stacking,COF-C2-80,AA Stacking,13.203000,0.044500
10.1021_acs.chemmater.3c01952,10.1021_acs.chemmater.3c01952-p003-f01,10.1021_acs.chemmater.3c01952-p003-f01-s02,AA Stacking,COF-C2-80,AA Stacking,13.223000,0.044500
10.1021_acs.chemmater.3c01952,10.1021_acs.chemmater.3c01952-p003-f01,10.1021_acs.chemmater.3c01952-p003-f01-s02,AA Stacking,COF-C2-80,AA Stacking,13.243000,0.044500
10.1021_acs.chemmater.3c01952,10.1021_acs.chemmater.3c01952-p003-f01,10.1021_acs.chemmater.3c01952-p003-f01-s02,AA Stacking,COF-C2-80,AA Stacking,13.263000,0.044500
10.1021_acs.chemmater.3c01952,10.1021_acs.chemmater.3c01952-p003-f01,10.1021_acs.chemmater.3c01952-p003-f01-s02,AA Stacking,COF-C2-80,AA Stacking,13.283000,0.044500
10.1021_acs.chemmater.3c01952,10.1021_acs.chemmater.3c01952-p003-f01,10.1021_acs.chemmater.3c01952-p003-f01-s02,AA Stacking,COF-C2-80,AA Stacking,13.303000,0.044500
10.1021_acs.chemmater.3c01952,10.1021_acs.chemmater.3c01952-p003-f01,10.1021_acs.chemmater.3c01952-p003-f01-s02,AA Stacking,COF-C2-80,AA Stacking,13.323000,0.044500
10.1021_acs.chemmater.3c01952,10.1021_acs.chemmater.3c01952-p003-f01,10.1021_acs.chemmater.3c01952-p003-f01-s02,AA Stacking,COF-C2-80,AA Stacking,13.343000,0.044500
10.1021_acs.chemmater.3c01952,10.1021_acs.chemmater.3c01952-p003-f01,10.1021_acs.chemmater.3c01952-p003-f01-s02,AA Stacking,COF-C2-80,AA Stacking,13.363000,0.044500
10.1021_acs.chemmater.3c01952,10.1021_acs.chemmater.3c01952-p003-f01,10.1021_acs.chemmater.3c01952-p003-f01-s02,AA Stacking,COF-C2-80,AA Stacking,13.383000,0.044500
10.1021_acs.chemmater.3c01952,10.1021_acs.chemmater.3c01952-p003-f01,10.1021_acs.chemmater.3c01952-p003-f01-s02,AA Stacking,COF-C2-80,AA Stacking,13.403000,0.044500
10.1021_acs.chemmater.3c01952,10.1021_acs.chemmater.3c01952-p003-f01,10.1021_acs.chemmater.3c01952-p003-f01-s02,AA Stacking,COF-C2-80,AA Stacking,13.423000,0.044500
10.1021_acs.chemmater.3c01952,10.1021_acs.chemmater.3c01952-p003-f01,10.1021_acs.chemmater.3c01952-p003-f01-s02,AA Stacking,COF-C2-80,AA Stacking,13.443000,0.044500
10.1021_acs.chemmater.3c01952,10.1021_acs.chemmater.3c01952-p003-f01,10.1021_acs.chemmater.3c01952-p003-f01-s02,AA Stacking,COF-C2-80,AA Stacking,13.463000,0.044500
10.1021_acs.chemmater.3c01952,10.1021_acs.chemmater.3c01952-p003-f01,10.1021_acs.chemmater.3c01952-p003-f01-s02,AA Stacking,COF-C2-80,AA Stacking,13.483000,0.044500
10.1021_acs.chemmater.3c01952,10.1021_acs.chemmater.3c01952-p003-f01,10.1021_acs.chemmater.3c01952-p003-f01-s02,AA Stacking,COF-C2-80,AA Stacking,13.503000,0.044500
10.1021_acs.chemmater.3c01952,10.1021_acs.chemmater.3c01952-p003-f01,10.1021_acs.chemmater.3c01952-p003-f01-s02,AA Stacking,COF-C2-80,AA Stacking,13.523000,0.044500
10.1021_acs.chemmater.3c01952,10.1021_acs.chemmater.3c01952-p003-f01,10.1021_acs.chemmater.3c01952-p003-f01-s02,AA Stacking,COF-C2-80,AA Stacking,13.543000,0.044500
10.1021_acs.chemmater.3c01952,10.1021_acs.chemmater.3c01952-p003-f01,10.1021_acs.chemmater.3c01952-p003-f01-s02,AA Stacking,COF-C2-80,AA Stacking,13.563000,0.044500
10.1021_acs.chemmater.3c01952,10.1021_acs.chemmater.3c01952-p003-f01,10.1021_acs.chemmater.3c01952-p003-f01-s02,AA Stacking,COF-C2-80,AA Stacking,13.583000,0.044500
10.1021_acs.chemmater.3c01952,10.1021_acs.chemmater.3c01952-p003-f01,10.1021_acs.chemmater.3c01952-p003-f01-s02,AA Stacking,COF-C2-80,AA Stacking,13.603000,0.044500
10.1021_acs.chemmater.3c01952,10.1021_acs.chemmater.3c01952-p003-f01,10.1021_acs.chemmater.3c01952-p003-f01-s02,AA Stacking,COF-C2-80,AA Stacking,13.623000,0.044500
10.1021_acs.chemmater.3c01952,10.1021_acs.chemmater.3c01952-p003-f01,10.1021_acs.chemmater.3c01952-p003-f01-s02,AA Stacking,COF-C2-80,AA Stacking,13.643000,0.044500
10.1021_acs.chemmater.3c01952,10.1021_acs.chemmater.3c01952-p003-f01,10.1021_acs.chemmater.3c01952-p003-f01-s02,AA Stacking,COF-C2-80,AA Stacking,13.663000,0.044500
10.1021_acs.chemmater.3c01952,10.1021_acs.chemmater.3c01952-p003-f01,10.1021_acs.chemmater.3c01952-p003-f01-s02,AA Stacking,COF-C2-80,AA Stacking,13.683000,0.044500
10.1021_acs.chemmater.3c01952,10.1021_acs.chemmater.3c01952-p003-f01,10.1021_acs.chemmater.3c01952-p003-f01-s02,AA Stacking,COF-C2-80,AA Stacking,13.703000,0.044500
10.1021_acs.chemmater.3c01952,10.1021_acs.chemmater.3c01952-p003-f01,10.1021_acs.chemmater.3c01952-p003-f01-s02,AA Stacking,COF-C2-80,AA Stacking,13.723000,0.044500
10.1021_acs.chemmater.3c01952,10.1021_acs.chemmater.3c01952-p003-f01,10.1021_acs.chemmater.3c01952-p003-f01-s02,AA Stacking,COF-C2-80,AA Stacking,13.743000,0.044500
10.1021_acs.chemmater.3c01952,10.1021_acs.chemmater.3c01952-p003-f01,10.1021_acs.chemmater.3c01952-p003-f01-s02,AA Stacking,COF-C2-80,AA Stacking,13.763000,0.044500
10.1021_acs.chemmater.3c01952,10.1021_acs.chemmater.3c01952-p003-f01,10.1021_acs.chemmater.3c01952-p003-f01-s02,AA Stacking,COF-C2-80,AA Stacking,13.783000,0.044500
10.1021_acs.chemmater.3c01952,10.1021_acs.chemmater.3c01952-p003-f01,10.1021_acs.chemmater.3c01952-p003-f01-s02,AA Stacking,COF-C2-80,AA Stacking,13.803000,0.044500
10.1021_acs.chemmater.3c01952,10.1021_acs.chemmater.3c01952-p003-f01,10.1021_acs.chemmater.3c01952-p003-f01-s02,AA Stacking,COF-C2-80,AA Stacking,13.823000,0.044500
10.1021_acs.chemmater.3c01952,10.1021_acs.chemmater.3c01952-p003-f01,10.1021_acs.chemmater.3c01952-p003-f01-s02,AA Stacking,COF-C2-80,AA Stacking,13.843000,0.044500
10.1021_acs.chemmater.3c01952,10.1021_acs.chemmater.3c01952-p003-f01,10.1021_acs.chemmater.3c01952-p003-f01-s02,AA Stacking,COF-C2-80,AA Stacking,13.863000,0.044500
10.1021_acs.chemmater.3c01952,10.1021_acs.chemmater.3c01952-p003-f01,10.1021_acs.chemmater.3c01952-p003-f01-s02,AA Stacking,COF-C2-80,AA Stacking,13.883000,0.044500
10.1021_acs.chemmater.3c01952,10.1021_acs.chemmater.3c01952-p003-f01,10.1021_acs.chemmater.3c01952-p003-f01-s02,AA Stacking,COF-C2-80,AA Stacking,13.903000,0.044500
10.1021_acs.chemmater.3c01952,10.1021_acs.chemmater.3c01952-p003-f01,10.1021_acs.chemmater.3c01952-p003-f01-s02,AA Stacking,COF-C2-80,AA Stacking,13.923000,0.044500
10.1021_acs.chemmater.3c01952,10.1021_acs.chemmater.3c01952-p003-f01,10.1021_acs.chemmater.3c01952-p003-f01-s02,AA Stacking,COF-C2-80,AA Stacking,13.943000,0.044500
10.1021_acs.chemmater.3c01952,10.1021_acs.chemmater.3c01952-p003-f01,10.1021_acs.chemmater.3c01952-p003-f01-s02,AA Stacking,COF-C2-80,AA Stacking,13.963000,0.044500
10.1021_acs.chemmater.3c01952,10.1021_acs.chemmater.3c01952-p003-f01,10.1021_acs.chemmater.3c01952-p003-f01-s02,AA Stacking,COF-C2-80,AA Stacking,13.983000,0.044500
10.1021_acs.chemmater.3c01952,10.1021_acs.chemmater.3c01952-p003-f01,10.1021_acs.chemmater.3c01952-p003-f01-s02,AA Stacking,COF-C2-80,AA Stacking,14.003000,0.044500
10.1021_acs.chemmater.3c01952,10.1021_acs.chemmater.3c01952-p003-f01,10.1021_acs.chemmater.3c01952-p003-f01-s02,AA Stacking,COF-C2-80,AA Stacking,14.023000,0.044500
10.1021_acs.chemmater.3c01952,10.1021_acs.chemmater.3c01952-p003-f01,10.1021_acs.chemmater.3c01952-p003-f01-s02,AA Stacking,COF-C2-80,AA Stacking,14.043000,0.044500
10.1021_acs.chemmater.3c01952,10.1021_acs.chemmater.3c01952-p003-f01,10.1021_acs.chemmater.3c01952-p003-f01-s02,AA Stacking,COF-C2-80,AA Stacking,14.063000,0.044500
10.1021_acs.chemmater.3c01952,10.1021_acs.chemmater.3c01952-p003-f01,10.1021_acs.chemmater.3c01952-p003-f01-s02,AA Stacking,COF-C2-80,AA Stacking,14.083000,0.044500
10.1021_acs.chemmater.3c01952,10.1021_acs.chemmater.3c01952-p003-f01,10.1021_acs.chemmater.3c01952-p003-f01-s02,AA Stacking,COF-C2-80,AA Stacking,14.103000,0.044500
10.1021_acs.chemmater.3c01952,10.1021_acs.chemmater.3c01952-p003-f01,10.1021_acs.chemmater.3c01952-p003-f01-s02,AA Stacking,COF-C2-80,AA Stacking,14.123000,0.044500
10.1021_acs.chemmater.3c01952,10.1021_acs.chemmater.3c01952-p003-f01,10.1021_acs.chemmater.3c01952-p003-f01-s02,AA Stacking,COF-C2-80,AA Stacking,14.143000,0.044500
10.1021_acs.chemmater.3c01952,10.1021_acs.chemmater.3c01952-p003-f01,10.1021_acs.chemmater.3c01952-p003-f01-s02,AA Stacking,COF-C2-80,AA Stacking,14.163000,0.044500
10.1021_acs.chemmater.3c01952,10.1021_acs.chemmater.3c01952-p003-f01,10.1021_acs.chemmater.3c01952-p003-f01-s02,AA Stacking,COF-C2-80,AA Stacking,14.183000,0.044500
10.1021_acs.chemmater.3c01952,10.1021_acs.chemmater.3c01952-p003-f01,10.1021_acs.chemmater.3c01952-p003-f01-s02,AA Stacking,COF-C2-80,AA Stacking,14.203000,0.044500
10.1021_acs.chemmater.3c01952,10.1021_acs.chemmater.3c01952-p003-f01,10.1021_acs.chemmater.3c01952-p003-f01-s02,AA Stacking,COF-C2-80,AA Stacking,14.223000,0.044500
10.1021_acs.chemmater.3c01952,10.1021_acs.chemmater.3c01952-p003-f01,10.1021_acs.chemmater.3c01952-p003-f01-s02,AA Stacking,COF-C2-80,AA Stacking,14.243000,0.044500
10.1021_acs.chemmater.3c01952,10.1021_acs.chemmater.3c01952-p003-f01,10.1021_acs.chemmater.3c01952-p003-f01-s02,AA Stacking,COF-C2-80,AA Stacking,14.263000,0.044500
10.1021_acs.chemmater.3c01952,10.1021_acs.chemmater.3c01952-p003-f01,10.1021_acs.chemmater.3c01952-p003-f01-s02,AA Stacking,COF-C2-80,AA Stacking,14.283000,0.044400
10.1021_acs.chemmater.3c01952,10.1021_acs.chemmater.3c01952-p003-f01,10.1021_acs.chemmater.3c01952-p003-f01-s02,AA Stacking,COF-C2-80,AA Stacking,14.303000,0.044400
10.1021_acs.chemmater.3c01952,10.1021_acs.chemmater.3c01952-p003-f01,10.1021_acs.chemmater.3c01952-p003-f01-s02,AA Stacking,COF-C2-80,AA Stacking,14.323000,0.044400
10.1021_acs.chemmater.3c01952,10.1021_acs.chemmater.3c01952-p003-f01,10.1021_acs.chemmater.3c01952-p003-f01-s02,AA Stacking,COF-C2-80,AA Stacking,14.343000,0.044400
10.1021_acs.chemmater.3c01952,10.1021_acs.chemmater.3c01952-p003-f01,10.1021_acs.chemmater.3c01952-p003-f01-s02,AA Stacking,COF-C2-80,AA Stacking,14.363000,0.044400
10.1021_acs.chemmater.3c01952,10.1021_acs.chemmater.3c01952-p003-f01,10.1021_acs.chemmater.3c01952-p003-f01-s02,AA Stacking,COF-C2-80,AA Stacking,14.383000,0.044400
10.1021_acs.chemmater.3c01952,10.1021_acs.chemmater.3c01952-p003-f01,10.1021_acs.chemmater.3c01952-p003-f01-s02,AA Stacking,COF-C2-80,AA Stacking,14.403000,0.044400
10.1021_acs.chemmater.3c01952,10.1021_acs.chemmater.3c01952-p003-f01,10.1021_acs.chemmater.3c01952-p003-f01-s02,AA Stacking,COF-C2-80,AA Stacking,14.423000,0.044400
10.1021_acs.chemmater.3c01952,10.1021_acs.chemmater.3c01952-p003-f01,10.1021_acs.chemmater.3c01952-p003-f01-s02,AA Stacking,COF-C2-80,AA Stacking,14.443000,0.044400
10.1021_acs.chemmater.3c01952,10.1021_acs.chemmater.3c01952-p003-f01,10.1021_acs.chemmater.3c01952-p003-f01-s02,AA Stacking,COF-C2-80,AA Stacking,14.463000,0.044400
10.1021_acs.chemmater.3c01952,10.1021_acs.chemmater.3c01952-p003-f01,10.1021_acs.chemmater.3c01952-p003-f01-s02,AA Stacking,COF-C2-80,AA Stacking,14.483000,0.044400
10.1021_acs.chemmater.3c01952,10.1021_acs.chemmater.3c01952-p003-f01,10.1021_acs.chemmater.3c01952-p003-f01-s02,AA Stacking,COF-C2-80,AA Stacking,14.503000,0.044400
10.1021_acs.chemmater.3c01952,10.1021_acs.chemmater.3c01952-p003-f01,10.1021_acs.chemmater.3c01952-p003-f01-s02,AA Stacking,COF-C2-80,AA Stacking,14.523000,0.044400
10.1021_acs.chemmater.3c01952,10.1021_acs.chemmater.3c01952-p003-f01,10.1021_acs.chemmater.3c01952-p003-f01-s02,AA Stacking,COF-C2-80,AA Stacking,14.543000,0.044400
10.1021_acs.chemmater.3c01952,10.1021_acs.chemmater.3c01952-p003-f01,10.1021_acs.chemmater.3c01952-p003-f01-s02,AA Stacking,COF-C2-80,AA Stacking,14.563000,0.044400
10.1021_acs.chemmater.3c01952,10.1021_acs.chemmater.3c01952-p003-f01,10.1021_acs.chemmater.3c01952-p003-f01-s02,AA Stacking,COF-C2-80,AA Stacking,14.583000,0.044400
10.1021_acs.chemmater.3c01952,10.1021_acs.chemmater.3c01952-p003-f01,10.1021_acs.chemmater.3c01952-p003-f01-s02,AA Stacking,COF-C2-80,AA Stacking,14.603000,0.044400
10.1021_acs.chemmater.3c01952,10.1021_acs.chemmater.3c01952-p003-f01,10.1021_acs.chemmater.3c01952-p003-f01-s02,AA Stacking,COF-C2-80,AA Stacking,14.623000,0.044400
10.1021_acs.chemmater.3c01952,10.1021_acs.chemmater.3c01952-p003-f01,10.1021_acs.chemmater.3c01952-p003-f01-s02,AA Stacking,COF-C2-80,AA Stacking,14.643000,0.044400
10.1021_acs.chemmater.3c01952,10.1021_acs.chemmater.3c01952-p003-f01,10.1021_acs.chemmater.3c01952-p003-f01-s02,AA Stacking,COF-C2-80,AA Stacking,14.663000,0.044400
10.1021_acs.chemmater.3c01952,10.1021_acs.chemmater.3c01952-p003-f01,10.1021_acs.chemmater.3c01952-p003-f01-s02,AA Stacking,COF-C2-80,AA Stacking,14.683000,0.044400
10.1021_acs.chemmater.3c01952,10.1021_acs.chemmater.3c01952-p003-f01,10.1021_acs.chemmater.3c01952-p003-f01-s02,AA Stacking,COF-C2-80,AA Stacking,14.703000,0.044400
10.1021_acs.chemmater.3c01952,10.1021_acs.chemmater.3c01952-p003-f01,10.1021_acs.chemmater.3c01952-p003-f01-s02,AA Stacking,COF-C2-80,AA Stacking,14.723000,0.044400
10.1021_acs.chemmater.3c01952,10.1021_acs.chemmater.3c01952-p003-f01,10.1021_acs.chemmater.3c01952-p003-f01-s02,AA Stacking,COF-C2-80,AA Stacking,14.743000,0.044400
10.1021_acs.chemmater.3c01952,10.1021_acs.chemmater.3c01952-p003-f01,10.1021_acs.chemmater.3c01952-p003-f01-s02,AA Stacking,COF-C2-80,AA Stacking,14.763000,0.044400
10.1021_acs.chemmater.3c01952,10.1021_acs.chemmater.3c01952-p003-f01,10.1021_acs.chemmater.3c01952-p003-f01-s02,AA Stacking,COF-C2-80,AA Stacking,14.783000,0.044400
10.1021_acs.chemmater.3c01952,10.1021_acs.chemmater.3c01952-p003-f01,10.1021_acs.chemmater.3c01952-p003-f01-s02,AA Stacking,COF-C2-80,AA Stacking,14.803000,0.044400
10.1021_acs.chemmater.3c01952,10.1021_acs.chemmater.3c01952-p003-f01,10.1021_acs.chemmater.3c01952-p003-f01-s02,AA Stacking,COF-C2-80,AA Stacking,14.823000,0.044300
10.1021_acs.chemmater.3c01952,10.1021_acs.chemmater.3c01952-p003-f01,10.1021_acs.chemmater.3c01952-p003-f01-s02,AA Stacking,COF-C2-80,AA Stacking,14.843000,0.044300
10.1021_acs.chemmater.3c01952,10.1021_acs.chemmater.3c01952-p003-f01,10.1021_acs.chemmater.3c01952-p003-f01-s02,AA Stacking,COF-C2-80,AA Stacking,14.863000,0.044300
10.1021_acs.chemmater.3c01952,10.1021_acs.chemmater.3c01952-p003-f01,10.1021_acs.chemmater.3c01952-p003-f01-s02,AA Stacking,COF-C2-80,AA Stacking,14.883000,0.044300
10.1021_acs.chemmater.3c01952,10.1021_acs.chemmater.3c01952-p003-f01,10.1021_acs.chemmater.3c01952-p003-f01-s02,AA Stacking,COF-C2-80,AA Stacking,14.903000,0.044300
10.1021_acs.chemmater.3c01952,10.1021_acs.chemmater.3c01952-p003-f01,10.1021_acs.chemmater.3c01952-p003-f01-s02,AA Stacking,COF-C2-80,AA Stacking,14.923000,0.044300
10.1021_acs.chemmater.3c01952,10.1021_acs.chemmater.3c01952-p003-f01,10.1021_acs.chemmater.3c01952-p003-f01-s02,AA Stacking,COF-C2-80,AA Stacking,14.943000,0.044300
10.1021_acs.chemmater.3c01952,10.1021_acs.chemmater.3c01952-p003-f01,10.1021_acs.chemmater.3c01952-p003-f01-s02,AA Stacking,COF-C2-80,AA Stacking,14.963000,0.044300
10.1021_acs.chemmater.3c01952,10.1021_acs.chemmater.3c01952-p003-f01,10.1021_acs.chemmater.3c01952-p003-f01-s02,AA Stacking,COF-C2-80,AA Stacking,14.983000,0.044300
10.1021_acs.chemmater.3c01952,10.1021_acs.chemmater.3c01952-p003-f01,10.1021_acs.chemmater.3c01952-p003-f01-s02,AA Stacking,COF-C2-80,AA Stacking,15.003000,0.044300
10.1021_acs.chemmater.3c01952,10.1021_acs.chemmater.3c01952-p003-f01,10.1021_acs.chemmater.3c01952-p003-f01-s02,AA Stacking,COF-C2-80,AA Stacking,15.023000,0.044300
10.1021_acs.chemmater.3c01952,10.1021_acs.chemmater.3c01952-p003-f01,10.1021_acs.chemmater.3c01952-p003-f01-s02,AA Stacking,COF-C2-80,AA Stacking,15.043000,0.044300
10.1021_acs.chemmater.3c01952,10.1021_acs.chemmater.3c01952-p003-f01,10.1021_acs.chemmater.3c01952-p003-f01-s02,AA Stacking,COF-C2-80,AA Stacking,15.063000,0.044300
10.1021_acs.chemmater.3c01952,10.1021_acs.chemmater.3c01952-p003-f01,10.1021_acs.chemmater.3c01952-p003-f01-s02,AA Stacking,COF-C2-80,AA Stacking,15.083000,0.044300
10.1021_acs.chemmater.3c01952,10.1021_acs.chemmater.3c01952-p003-f01,10.1021_acs.chemmater.3c01952-p003-f01-s02,AA Stacking,COF-C2-80,AA Stacking,15.103000,0.044300
10.1021_acs.chemmater.3c01952,10.1021_acs.chemmater.3c01952-p003-f01,10.1021_acs.chemmater.3c01952-p003-f01-s02,AA Stacking,COF-C2-80,AA Stacking,15.123000,0.044300
10.1021_acs.chemmater.3c01952,10.1021_acs.chemmater.3c01952-p003-f01,10.1021_acs.chemmater.3c01952-p003-f01-s02,AA Stacking,COF-C2-80,AA Stacking,15.143000,0.044300
10.1021_acs.chemmater.3c01952,10.1021_acs.chemmater.3c01952-p003-f01,10.1021_acs.chemmater.3c01952-p003-f01-s02,AA Stacking,COF-C2-80,AA Stacking,15.163000,0.044300
10.1021_acs.chemmater.3c01952,10.1021_acs.chemmater.3c01952-p003-f01,10.1021_acs.chemmater.3c01952-p003-f01-s02,AA Stacking,COF-C2-80,AA Stacking,15.183000,0.044300
10.1021_acs.chemmater.3c01952,10.1021_acs.chemmater.3c01952-p003-f01,10.1021_acs.chemmater.3c01952-p003-f01-s02,AA Stacking,COF-C2-80,AA Stacking,15.203000,0.044200
10.1021_acs.chemmater.3c01952,10.1021_acs.chemmater.3c01952-p003-f01,10.1021_acs.chemmater.3c01952-p003-f01-s02,AA Stacking,COF-C2-80,AA Stacking,15.223000,0.044200
10.1021_acs.chemmater.3c01952,10.1021_acs.chemmater.3c01952-p003-f01,10.1021_acs.chemmater.3c01952-p003-f01-s02,AA Stacking,COF-C2-80,AA Stacking,15.243000,0.044200
10.1021_acs.chemmater.3c01952,10.1021_acs.chemmater.3c01952-p003-f01,10.1021_acs.chemmater.3c01952-p003-f01-s02,AA Stacking,COF-C2-80,AA Stacking,15.263000,0.044200
10.1021_acs.chemmater.3c01952,10.1021_acs.chemmater.3c01952-p003-f01,10.1021_acs.chemmater.3c01952-p003-f01-s02,AA Stacking,COF-C2-80,AA Stacking,15.283000,0.044200
10.1021_acs.chemmater.3c01952,10.1021_acs.chemmater.3c01952-p003-f01,10.1021_acs.chemmater.3c01952-p003-f01-s02,AA Stacking,COF-C2-80,AA Stacking,15.303000,0.044200
10.1021_acs.chemmater.3c01952,10.1021_acs.chemmater.3c01952-p003-f01,10.1021_acs.chemmater.3c01952-p003-f01-s02,AA Stacking,COF-C2-80,AA Stacking,15.323000,0.044200
10.1021_acs.chemmater.3c01952,10.1021_acs.chemmater.3c01952-p003-f01,10.1021_acs.chemmater.3c01952-p003-f01-s02,AA Stacking,COF-C2-80,AA Stacking,15.343000,0.044200
10.1021_acs.chemmater.3c01952,10.1021_acs.chemmater.3c01952-p003-f01,10.1021_acs.chemmater.3c01952-p003-f01-s02,AA Stacking,COF-C2-80,AA Stacking,15.363000,0.044200
10.1021_acs.chemmater.3c01952,10.1021_acs.chemmater.3c01952-p003-f01,10.1021_acs.chemmater.3c01952-p003-f01-s02,AA Stacking,COF-C2-80,AA Stacking,15.383000,0.044200
10.1021_acs.chemmater.3c01952,10.1021_acs.chemmater.3c01952-p003-f01,10.1021_acs.chemmater.3c01952-p003-f01-s02,AA Stacking,COF-C2-80,AA Stacking,15.403000,0.028700
10.1021_acs.chemmater.3c01952,10.1021_acs.chemmater.3c01952-p003-f01,10.1021_acs.chemmater.3c01952-p003-f01-s02,AA Stacking,COF-C2-80,AA Stacking,15.423000,-0.004000
10.1021_acs.chemmater.3c01952,10.1021_acs.chemmater.3c01952-p003-f01,10.1021_acs.chemmater.3c01952-p003-f01-s02,AA Stacking,COF-C2-80,AA Stacking,15.443000,0.023200
10.1021_acs.chemmater.3c01952,10.1021_acs.chemmater.3c01952-p003-f01,10.1021_acs.chemmater.3c01952-p003-f01-s02,AA Stacking,COF-C2-80,AA Stacking,15.463000,0.097600
10.1021_acs.chemmater.3c01952,10.1021_acs.chemmater.3c01952-p003-f01,10.1021_acs.chemmater.3c01952-p003-f01-s02,AA Stacking,COF-C2-80,AA Stacking,15.483000,0.207900
10.1021_acs.chemmater.3c01952,10.1021_acs.chemmater.3c01952-p003-f01,10.1021_acs.chemmater.3c01952-p003-f01-s02,AA Stacking,COF-C2-80,AA Stacking,15.503000,0.368400
10.1021_acs.chemmater.3c01952,10.1021_acs.chemmater.3c01952-p003-f01,10.1021_acs.chemmater.3c01952-p003-f01-s02,AA Stacking,COF-C2-80,AA Stacking,15.523000,0.497000
10.1021_acs.chemmater.3c01952,10.1021_acs.chemmater.3c01952-p003-f01,10.1021_acs.chemmater.3c01952-p003-f01-s02,AA Stacking,COF-C2-80,AA Stacking,15.543000,0.561000
10.1021_acs.chemmater.3c01952,10.1021_acs.chemmater.3c01952-p003-f01,10.1021_acs.chemmater.3c01952-p003-f01-s02,AA Stacking,COF-C2-80,AA Stacking,15.563000,0.560800
10.1021_acs.chemmater.3c01952,10.1021_acs.chemmater.3c01952-p003-f01,10.1021_acs.chemmater.3c01952-p003-f01-s02,AA Stacking,COF-C2-80,AA Stacking,15.583000,0.496300
10.1021_acs.chemmater.3c01952,10.1021_acs.chemmater.3c01952-p003-f01,10.1021_acs.chemmater.3c01952-p003-f01-s02,AA Stacking,COF-C2-80,AA Stacking,15.603000,0.367600
10.1021_acs.chemmater.3c01952,10.1021_acs.chemmater.3c01952-p003-f01,10.1021_acs.chemmater.3c01952-p003-f01-s02,AA Stacking,COF-C2-80,AA Stacking,15.623000,0.213400
10.1021_acs.chemmater.3c01952,10.1021_acs.chemmater.3c01952-p003-f01,10.1021_acs.chemmater.3c01952-p003-f01-s02,AA Stacking,COF-C2-80,AA Stacking,15.643000,0.114800
10.1021_acs.chemmater.3c01952,10.1021_acs.chemmater.3c01952-p003-f01,10.1021_acs.chemmater.3c01952-p003-f01-s02,AA Stacking,COF-C2-80,AA Stacking,15.663000,0.051300
10.1021_acs.chemmater.3c01952,10.1021_acs.chemmater.3c01952-p003-f01,10.1021_acs.chemmater.3c01952-p003-f01-s02,AA Stacking,COF-C2-80,AA Stacking,15.683000,0.036500
10.1021_acs.chemmater.3c01952,10.1021_acs.chemmater.3c01952-p003-f01,10.1021_acs.chemmater.3c01952-p003-f01-s02,AA Stacking,COF-C2-80,AA Stacking,15.703000,0.076700
10.1021_acs.chemmater.3c01952,10.1021_acs.chemmater.3c01952-p003-f01,10.1021_acs.chemmater.3c01952-p003-f01-s02,AA Stacking,COF-C2-80,AA Stacking,15.723000,0.095700
10.1021_acs.chemmater.3c01952,10.1021_acs.chemmater.3c01952-p003-f01,10.1021_acs.chemmater.3c01952-p003-f01-s02,AA Stacking,COF-C2-80,AA Stacking,15.743000,0.100200
10.1021_acs.chemmater.3c01952,10.1021_acs.chemmater.3c01952-p003-f01,10.1021_acs.chemmater.3c01952-p003-f01-s02,AA Stacking,COF-C2-80,AA Stacking,15.763000,0.102500
10.1021_acs.chemmater.3c01952,10.1021_acs.chemmater.3c01952-p003-f01,10.1021_acs.chemmater.3c01952-p003-f01-s02,AA Stacking,COF-C2-80,AA Stacking,15.783000,0.102500
10.1021_acs.chemmater.3c01952,10.1021_acs.chemmater.3c01952-p003-f01,10.1021_acs.chemmater.3c01952-p003-f01-s02,AA Stacking,COF-C2-80,AA Stacking,15.803000,0.100200
10.1021_acs.chemmater.3c01952,10.1021_acs.chemmater.3c01952-p003-f01,10.1021_acs.chemmater.3c01952-p003-f01-s02,AA Stacking,COF-C2-80,AA Stacking,15.823000,0.096000
10.1021_acs.chemmater.3c01952,10.1021_acs.chemmater.3c01952-p003-f01,10.1021_acs.chemmater.3c01952-p003-f01-s02,AA Stacking,COF-C2-80,AA Stacking,15.843000,0.090300
10.1021_acs.chemmater.3c01952,10.1021_acs.chemmater.3c01952-p003-f01,10.1021_acs.chemmater.3c01952-p003-f01-s02,AA Stacking,COF-C2-80,AA Stacking,15.863000,0.084200
10.1021_acs.chemmater.3c01952,10.1021_acs.chemmater.3c01952-p003-f01,10.1021_acs.chemmater.3c01952-p003-f01-s02,AA Stacking,COF-C2-80,AA Stacking,15.883000,0.078200
10.1021_acs.chemmater.3c01952,10.1021_acs.chemmater.3c01952-p003-f01,10.1021_acs.chemmater.3c01952-p003-f01-s02,AA Stacking,COF-C2-80,AA Stacking,15.903000,0.072500
10.1021_acs.chemmater.3c01952,10.1021_acs.chemmater.3c01952-p003-f01,10.1021_acs.chemmater.3c01952-p003-f01-s02,AA Stacking,COF-C2-80,AA Stacking,15.923000,0.066700
10.1021_acs.chemmater.3c01952,10.1021_acs.chemmater.3c01952-p003-f01,10.1021_acs.chemmater.3c01952-p003-f01-s02,AA Stacking,COF-C2-80,AA Stacking,15.943000,0.060900
10.1021_acs.chemmater.3c01952,10.1021_acs.chemmater.3c01952-p003-f01,10.1021_acs.chemmater.3c01952-p003-f01-s02,AA Stacking,COF-C2-80,AA Stacking,15.963000,0.055500
10.1021_acs.chemmater.3c01952,10.1021_acs.chemmater.3c01952-p003-f01,10.1021_acs.chemmater.3c01952-p003-f01-s02,AA Stacking,COF-C2-80,AA Stacking,15.983000,0.051000
10.1021_acs.chemmater.3c01952,10.1021_acs.chemmater.3c01952-p003-f01,10.1021_acs.chemmater.3c01952-p003-f01-s02,AA Stacking,COF-C2-80,AA Stacking,16.003000,0.047500
10.1021_acs.chemmater.3c01952,10.1021_acs.chemmater.3c01952-p003-f01,10.1021_acs.chemmater.3c01952-p003-f01-s02,AA Stacking,COF-C2-80,AA Stacking,16.023000,0.045100
10.1021_acs.chemmater.3c01952,10.1021_acs.chemmater.3c01952-p003-f01,10.1021_acs.chemmater.3c01952-p003-f01-s02,AA Stacking,COF-C2-80,AA Stacking,16.043000,0.043800
10.1021_acs.chemmater.3c01952,10.1021_acs.chemmater.3c01952-p003-f01,10.1021_acs.chemmater.3c01952-p003-f01-s02,AA Stacking,COF-C2-80,AA Stacking,16.063000,0.043400
10.1021_acs.chemmater.3c01952,10.1021_acs.chemmater.3c01952-p003-f01,10.1021_acs.chemmater.3c01952-p003-f01-s02,AA Stacking,COF-C2-80,AA Stacking,16.083000,0.043500
10.1021_acs.chemmater.3c01952,10.1021_acs.chemmater.3c01952-p003-f01,10.1021_acs.chemmater.3c01952-p003-f01-s02,AA Stacking,COF-C2-80,AA Stacking,16.103000,0.043800
10.1021_acs.chemmater.3c01952,10.1021_acs.chemmater.3c01952-p003-f01,10.1021_acs.chemmater.3c01952-p003-f01-s02,AA Stacking,COF-C2-80,AA Stacking,16.123000,0.044000
10.1021_acs.chemmater.3c01952,10.1021_acs.chemmater.3c01952-p003-f01,10.1021_acs.chemmater.3c01952-p003-f01-s02,AA Stacking,COF-C2-80,AA Stacking,16.143000,0.044000
10.1021_acs.chemmater.3c01952,10.1021_acs.chemmater.3c01952-p003-f01,10.1021_acs.chemmater.3c01952-p003-f01-s02,AA Stacking,COF-C2-80,AA Stacking,16.163000,0.044000
10.1021_acs.chemmater.3c01952,10.1021_acs.chemmater.3c01952-p003-f01,10.1021_acs.chemmater.3c01952-p003-f01-s02,AA Stacking,COF-C2-80,AA Stacking,16.183000,0.043900
10.1021_acs.chemmater.3c01952,10.1021_acs.chemmater.3c01952-p003-f01,10.1021_acs.chemmater.3c01952-p003-f01-s02,AA Stacking,COF-C2-80,AA Stacking,16.203000,0.043900
10.1021_acs.chemmater.3c01952,10.1021_acs.chemmater.3c01952-p003-f01,10.1021_acs.chemmater.3c01952-p003-f01-s02,AA Stacking,COF-C2-80,AA Stacking,16.223000,0.043900
10.1021_acs.chemmater.3c01952,10.1021_acs.chemmater.3c01952-p003-f01,10.1021_acs.chemmater.3c01952-p003-f01-s02,AA Stacking,COF-C2-80,AA Stacking,16.243000,0.043900
10.1021_acs.chemmater.3c01952,10.1021_acs.chemmater.3c01952-p003-f01,10.1021_acs.chemmater.3c01952-p003-f01-s02,AA Stacking,COF-C2-80,AA Stacking,16.263000,0.043900
10.1021_acs.chemmater.3c01952,10.1021_acs.chemmater.3c01952-p003-f01,10.1021_acs.chemmater.3c01952-p003-f01-s02,AA Stacking,COF-C2-80,AA Stacking,16.283000,0.043900
10.1021_acs.chemmater.3c01952,10.1021_acs.chemmater.3c01952-p003-f01,10.1021_acs.chemmater.3c01952-p003-f01-s02,AA Stacking,COF-C2-80,AA Stacking,16.303000,0.043900
10.1021_acs.chemmater.3c01952,10.1021_acs.chemmater.3c01952-p003-f01,10.1021_acs.chemmater.3c01952-p003-f01-s02,AA Stacking,COF-C2-80,AA Stacking,16.323000,0.043900
10.1021_acs.chemmater.3c01952,10.1021_acs.chemmater.3c01952-p003-f01,10.1021_acs.chemmater.3c01952-p003-f01-s02,AA Stacking,COF-C2-80,AA Stacking,16.343000,0.043900
10.1021_acs.chemmater.3c01952,10.1021_acs.chemmater.3c01952-p003-f01,10.1021_acs.chemmater.3c01952-p003-f01-s02,AA Stacking,COF-C2-80,AA Stacking,16.363000,0.043900
10.1021_acs.chemmater.3c01952,10.1021_acs.chemmater.3c01952-p003-f01,10.1021_acs.chemmater.3c01952-p003-f01-s02,AA Stacking,COF-C2-80,AA Stacking,16.383000,0.043900
10.1021_acs.chemmater.3c01952,10.1021_acs.chemmater.3c01952-p003-f01,10.1021_acs.chemmater.3c01952-p003-f01-s02,AA Stacking,COF-C2-80,AA Stacking,16.403000,0.043900
10.1021_acs.chemmater.3c01952,10.1021_acs.chemmater.3c01952-p003-f01,10.1021_acs.chemmater.3c01952-p003-f01-s02,AA Stacking,COF-C2-80,AA Stacking,16.423000,0.043900
10.1021_acs.chemmater.3c01952,10.1021_acs.chemmater.3c01952-p003-f01,10.1021_acs.chemmater.3c01952-p003-f01-s02,AA Stacking,COF-C2-80,AA Stacking,16.443000,0.043900
10.1021_acs.chemmater.3c01952,10.1021_acs.chemmater.3c01952-p003-f01,10.1021_acs.chemmater.3c01952-p003-f01-s02,AA Stacking,COF-C2-80,AA Stacking,16.463000,0.043900
10.1021_acs.chemmater.3c01952,10.1021_acs.chemmater.3c01952-p003-f01,10.1021_acs.chemmater.3c01952-p003-f01-s02,AA Stacking,COF-C2-80,AA Stacking,16.483000,0.043800
10.1021_acs.chemmater.3c01952,10.1021_acs.chemmater.3c01952-p003-f01,10.1021_acs.chemmater.3c01952-p003-f01-s02,AA Stacking,COF-C2-80,AA Stacking,16.503000,0.043800
10.1021_acs.chemmater.3c01952,10.1021_acs.chemmater.3c01952-p003-f01,10.1021_acs.chemmater.3c01952-p003-f01-s02,AA Stacking,COF-C2-80,AA Stacking,16.523000,0.043800
10.1021_acs.chemmater.3c01952,10.1021_acs.chemmater.3c01952-p003-f01,10.1021_acs.chemmater.3c01952-p003-f01-s02,AA Stacking,COF-C2-80,AA Stacking,16.543000,0.043800
10.1021_acs.chemmater.3c01952,10.1021_acs.chemmater.3c01952-p003-f01,10.1021_acs.chemmater.3c01952-p003-f01-s02,AA Stacking,COF-C2-80,AA Stacking,16.563000,0.043800
10.1021_acs.chemmater.3c01952,10.1021_acs.chemmater.3c01952-p003-f01,10.1021_acs.chemmater.3c01952-p003-f01-s02,AA Stacking,COF-C2-80,AA Stacking,16.583000,0.043800
10.1021_acs.chemmater.3c01952,10.1021_acs.chemmater.3c01952-p003-f01,10.1021_acs.chemmater.3c01952-p003-f01-s02,AA Stacking,COF-C2-80,AA Stacking,16.603000,0.043800
10.1021_acs.chemmater.3c01952,10.1021_acs.chemmater.3c01952-p003-f01,10.1021_acs.chemmater.3c01952-p003-f01-s02,AA Stacking,COF-C2-80,AA Stacking,16.623000,0.043800
10.1021_acs.chemmater.3c01952,10.1021_acs.chemmater.3c01952-p003-f01,10.1021_acs.chemmater.3c01952-p003-f01-s02,AA Stacking,COF-C2-80,AA Stacking,16.643000,0.043800
10.1021_acs.chemmater.3c01952,10.1021_acs.chemmater.3c01952-p003-f01,10.1021_acs.chemmater.3c01952-p003-f01-s02,AA Stacking,COF-C2-80,AA Stacking,16.663000,0.043800
10.1021_acs.chemmater.3c01952,10.1021_acs.chemmater.3c01952-p003-f01,10.1021_acs.chemmater.3c01952-p003-f01-s02,AA Stacking,COF-C2-80,AA Stacking,16.683000,0.043800
10.1021_acs.chemmater.3c01952,10.1021_acs.chemmater.3c01952-p003-f01,10.1021_acs.chemmater.3c01952-p003-f01-s02,AA Stacking,COF-C2-80,AA Stacking,16.703000,0.043800
10.1021_acs.chemmater.3c01952,10.1021_acs.chemmater.3c01952-p003-f01,10.1021_acs.chemmater.3c01952-p003-f01-s02,AA Stacking,COF-C2-80,AA Stacking,16.723000,0.043800
10.1021_acs.chemmater.3c01952,10.1021_acs.chemmater.3c01952-p003-f01,10.1021_acs.chemmater.3c01952-p003-f01-s02,AA Stacking,COF-C2-80,AA Stacking,16.743000,0.043800
10.1021_acs.chemmater.3c01952,10.1021_acs.chemmater.3c01952-p003-f01,10.1021_acs.chemmater.3c01952-p003-f01-s02,AA Stacking,COF-C2-80,AA Stacking,16.763000,0.043700
10.1021_acs.chemmater.3c01952,10.1021_acs.chemmater.3c01952-p003-f01,10.1021_acs.chemmater.3c01952-p003-f01-s02,AA Stacking,COF-C2-80,AA Stacking,16.783000,0.043700
10.1021_acs.chemmater.3c01952,10.1021_acs.chemmater.3c01952-p003-f01,10.1021_acs.chemmater.3c01952-p003-f01-s02,AA Stacking,COF-C2-80,AA Stacking,16.803000,0.043700
10.1021_acs.chemmater.3c01952,10.1021_acs.chemmater.3c01952-p003-f01,10.1021_acs.chemmater.3c01952-p003-f01-s02,AA Stacking,COF-C2-80,AA Stacking,16.823000,0.043700
10.1021_acs.chemmater.3c01952,10.1021_acs.chemmater.3c01952-p003-f01,10.1021_acs.chemmater.3c01952-p003-f01-s02,AA Stacking,COF-C2-80,AA Stacking,16.843000,0.043700
10.1021_acs.chemmater.3c01952,10.1021_acs.chemmater.3c01952-p003-f01,10.1021_acs.chemmater.3c01952-p003-f01-s02,AA Stacking,COF-C2-80,AA Stacking,16.863000,0.043700
10.1021_acs.chemmater.3c01952,10.1021_acs.chemmater.3c01952-p003-f01,10.1021_acs.chemmater.3c01952-p003-f01-s02,AA Stacking,COF-C2-80,AA Stacking,16.883000,0.043700
10.1021_acs.chemmater.3c01952,10.1021_acs.chemmater.3c01952-p003-f01,10.1021_acs.chemmater.3c01952-p003-f01-s02,AA Stacking,COF-C2-80,AA Stacking,16.903000,0.043700
10.1021_acs.chemmater.3c01952,10.1021_acs.chemmater.3c01952-p003-f01,10.1021_acs.chemmater.3c01952-p003-f01-s02,AA Stacking,COF-C2-80,AA Stacking,16.923000,0.043700
10.1021_acs.chemmater.3c01952,10.1021_acs.chemmater.3c01952-p003-f01,10.1021_acs.chemmater.3c01952-p003-f01-s02,AA Stacking,COF-C2-80,AA Stacking,16.943000,0.043700
10.1021_acs.chemmater.3c01952,10.1021_acs.chemmater.3c01952-p003-f01,10.1021_acs.chemmater.3c01952-p003-f01-s02,AA Stacking,COF-C2-80,AA Stacking,16.963000,0.043700
10.1021_acs.chemmater.3c01952,10.1021_acs.chemmater.3c01952-p003-f01,10.1021_acs.chemmater.3c01952-p003-f01-s02,AA Stacking,COF-C2-80,AA Stacking,16.983000,0.043700
10.1021_acs.chemmater.3c01952,10.1021_acs.chemmater.3c01952-p003-f01,10.1021_acs.chemmater.3c01952-p003-f01-s02,AA Stacking,COF-C2-80,AA Stacking,17.003000,0.043700
10.1021_acs.chemmater.3c01952,10.1021_acs.chemmater.3c01952-p003-f01,10.1021_acs.chemmater.3c01952-p003-f01-s02,AA Stacking,COF-C2-80,AA Stacking,17.023000,0.043700
10.1021_acs.chemmater.3c01952,10.1021_acs.chemmater.3c01952-p003-f01,10.1021_acs.chemmater.3c01952-p003-f01-s02,AA Stacking,COF-C2-80,AA Stacking,17.043000,0.043600
10.1021_acs.chemmater.3c01952,10.1021_acs.chemmater.3c01952-p003-f01,10.1021_acs.chemmater.3c01952-p003-f01-s02,AA Stacking,COF-C2-80,AA Stacking,17.063000,0.043600
10.1021_acs.chemmater.3c01952,10.1021_acs.chemmater.3c01952-p003-f01,10.1021_acs.chemmater.3c01952-p003-f01-s02,AA Stacking,COF-C2-80,AA Stacking,17.083000,0.043600
10.1021_acs.chemmater.3c01952,10.1021_acs.chemmater.3c01952-p003-f01,10.1021_acs.chemmater.3c01952-p003-f01-s02,AA Stacking,COF-C2-80,AA Stacking,17.103000,0.043600
10.1021_acs.chemmater.3c01952,10.1021_acs.chemmater.3c01952-p003-f01,10.1021_acs.chemmater.3c01952-p003-f01-s02,AA Stacking,COF-C2-80,AA Stacking,17.123000,0.043600
10.1021_acs.chemmater.3c01952,10.1021_acs.chemmater.3c01952-p003-f01,10.1021_acs.chemmater.3c01952-p003-f01-s02,AA Stacking,COF-C2-80,AA Stacking,17.143000,0.043600
10.1021_acs.chemmater.3c01952,10.1021_acs.chemmater.3c01952-p003-f01,10.1021_acs.chemmater.3c01952-p003-f01-s02,AA Stacking,COF-C2-80,AA Stacking,17.163000,0.043600
10.1021_acs.chemmater.3c01952,10.1021_acs.chemmater.3c01952-p003-f01,10.1021_acs.chemmater.3c01952-p003-f01-s02,AA Stacking,COF-C2-80,AA Stacking,17.183000,0.043600
10.1021_acs.chemmater.3c01952,10.1021_acs.chemmater.3c01952-p003-f01,10.1021_acs.chemmater.3c01952-p003-f01-s02,AA Stacking,COF-C2-80,AA Stacking,17.203000,0.043600
10.1021_acs.chemmater.3c01952,10.1021_acs.chemmater.3c01952-p003-f01,10.1021_acs.chemmater.3c01952-p003-f01-s02,AA Stacking,COF-C2-80,AA Stacking,17.223000,0.043600
10.1021_acs.chemmater.3c01952,10.1021_acs.chemmater.3c01952-p003-f01,10.1021_acs.chemmater.3c01952-p003-f01-s02,AA Stacking,COF-C2-80,AA Stacking,17.243000,0.043600
10.1021_acs.chemmater.3c01952,10.1021_acs.chemmater.3c01952-p003-f01,10.1021_acs.chemmater.3c01952-p003-f01-s02,AA Stacking,COF-C2-80,AA Stacking,17.263000,0.043600
10.1021_acs.chemmater.3c01952,10.1021_acs.chemmater.3c01952-p003-f01,10.1021_acs.chemmater.3c01952-p003-f01-s02,AA Stacking,COF-C2-80,AA Stacking,17.283000,0.043600
10.1021_acs.chemmater.3c01952,10.1021_acs.chemmater.3c01952-p003-f01,10.1021_acs.chemmater.3c01952-p003-f01-s02,AA Stacking,COF-C2-80,AA Stacking,17.303000,0.043500
10.1021_acs.chemmater.3c01952,10.1021_acs.chemmater.3c01952-p003-f01,10.1021_acs.chemmater.3c01952-p003-f01-s02,AA Stacking,COF-C2-80,AA Stacking,17.323000,0.043500
10.1021_acs.chemmater.3c01952,10.1021_acs.chemmater.3c01952-p003-f01,10.1021_acs.chemmater.3c01952-p003-f01-s02,AA Stacking,COF-C2-80,AA Stacking,17.343000,0.043500
10.1021_acs.chemmater.3c01952,10.1021_acs.chemmater.3c01952-p003-f01,10.1021_acs.chemmater.3c01952-p003-f01-s02,AA Stacking,COF-C2-80,AA Stacking,17.363000,0.043500
10.1021_acs.chemmater.3c01952,10.1021_acs.chemmater.3c01952-p003-f01,10.1021_acs.chemmater.3c01952-p003-f01-s02,AA Stacking,COF-C2-80,AA Stacking,17.383000,0.043500
10.1021_acs.chemmater.3c01952,10.1021_acs.chemmater.3c01952-p003-f01,10.1021_acs.chemmater.3c01952-p003-f01-s02,AA Stacking,COF-C2-80,AA Stacking,17.403000,0.043500
10.1021_acs.chemmater.3c01952,10.1021_acs.chemmater.3c01952-p003-f01,10.1021_acs.chemmater.3c01952-p003-f01-s02,AA Stacking,COF-C2-80,AA Stacking,17.423000,0.043500
10.1021_acs.chemmater.3c01952,10.1021_acs.chemmater.3c01952-p003-f01,10.1021_acs.chemmater.3c01952-p003-f01-s02,AA Stacking,COF-C2-80,AA Stacking,17.443000,0.043500
10.1021_acs.chemmater.3c01952,10.1021_acs.chemmater.3c01952-p003-f01,10.1021_acs.chemmater.3c01952-p003-f01-s02,AA Stacking,COF-C2-80,AA Stacking,17.463000,0.043500
10.1021_acs.chemmater.3c01952,10.1021_acs.chemmater.3c01952-p003-f01,10.1021_acs.chemmater.3c01952-p003-f01-s02,AA Stacking,COF-C2-80,AA Stacking,17.483000,0.043500
10.1021_acs.chemmater.3c01952,10.1021_acs.chemmater.3c01952-p003-f01,10.1021_acs.chemmater.3c01952-p003-f01-s02,AA Stacking,COF-C2-80,AA Stacking,17.503000,0.043500
10.1021_acs.chemmater.3c01952,10.1021_acs.chemmater.3c01952-p003-f01,10.1021_acs.chemmater.3c01952-p003-f01-s02,AA Stacking,COF-C2-80,AA Stacking,17.523000,0.043500
10.1021_acs.chemmater.3c01952,10.1021_acs.chemmater.3c01952-p003-f01,10.1021_acs.chemmater.3c01952-p003-f01-s02,AA Stacking,COF-C2-80,AA Stacking,17.543000,0.043400
10.1021_acs.chemmater.3c01952,10.1021_acs.chemmater.3c01952-p003-f01,10.1021_acs.chemmater.3c01952-p003-f01-s02,AA Stacking,COF-C2-80,AA Stacking,17.563000,0.043400
10.1021_acs.chemmater.3c01952,10.1021_acs.chemmater.3c01952-p003-f01,10.1021_acs.chemmater.3c01952-p003-f01-s02,AA Stacking,COF-C2-80,AA Stacking,17.583000,0.043400
10.1021_acs.chemmater.3c01952,10.1021_acs.chemmater.3c01952-p003-f01,10.1021_acs.chemmater.3c01952-p003-f01-s02,AA Stacking,COF-C2-80,AA Stacking,17.603000,0.043400
10.1021_acs.chemmater.3c01952,10.1021_acs.chemmater.3c01952-p003-f01,10.1021_acs.chemmater.3c01952-p003-f01-s02,AA Stacking,COF-C2-80,AA Stacking,17.623000,0.043400
10.1021_acs.chemmater.3c01952,10.1021_acs.chemmater.3c01952-p003-f01,10.1021_acs.chemmater.3c01952-p003-f01-s02,AA Stacking,COF-C2-80,AA Stacking,17.643000,0.043400
10.1021_acs.chemmater.3c01952,10.1021_acs.chemmater.3c01952-p003-f01,10.1021_acs.chemmater.3c01952-p003-f01-s02,AA Stacking,COF-C2-80,AA Stacking,17.663000,0.043400
10.1021_acs.chemmater.3c01952,10.1021_acs.chemmater.3c01952-p003-f01,10.1021_acs.chemmater.3c01952-p003-f01-s02,AA Stacking,COF-C2-80,AA Stacking,17.683000,0.032100
10.1021_acs.chemmater.3c01952,10.1021_acs.chemmater.3c01952-p003-f01,10.1021_acs.chemmater.3c01952-p003-f01-s02,AA Stacking,COF-C2-80,AA Stacking,17.703000,-0.001700
10.1021_acs.chemmater.3c01952,10.1021_acs.chemmater.3c01952-p003-f01,10.1021_acs.chemmater.3c01952-p003-f01-s02,AA Stacking,COF-C2-80,AA Stacking,17.723000,0.015800
10.1021_acs.chemmater.3c01952,10.1021_acs.chemmater.3c01952-p003-f01,10.1021_acs.chemmater.3c01952-p003-f01-s02,AA Stacking,COF-C2-80,AA Stacking,17.743000,0.098200
10.1021_acs.chemmater.3c01952,10.1021_acs.chemmater.3c01952-p003-f01,10.1021_acs.chemmater.3c01952-p003-f01-s02,AA Stacking,COF-C2-80,AA Stacking,17.763000,0.233500
10.1021_acs.chemmater.3c01952,10.1021_acs.chemmater.3c01952-p003-f01,10.1021_acs.chemmater.3c01952-p003-f01-s02,AA Stacking,COF-C2-80,AA Stacking,17.783000,0.330500
10.1021_acs.chemmater.3c01952,10.1021_acs.chemmater.3c01952-p003-f01,10.1021_acs.chemmater.3c01952-p003-f01-s02,AA Stacking,COF-C2-80,AA Stacking,17.803000,0.387300
10.1021_acs.chemmater.3c01952,10.1021_acs.chemmater.3c01952-p003-f01,10.1021_acs.chemmater.3c01952-p003-f01-s02,AA Stacking,COF-C2-80,AA Stacking,17.823000,0.403800
10.1021_acs.chemmater.3c01952,10.1021_acs.chemmater.3c01952-p003-f01,10.1021_acs.chemmater.3c01952-p003-f01-s02,AA Stacking,COF-C2-80,AA Stacking,17.843000,0.380100
10.1021_acs.chemmater.3c01952,10.1021_acs.chemmater.3c01952-p003-f01,10.1021_acs.chemmater.3c01952-p003-f01-s02,AA Stacking,COF-C2-80,AA Stacking,17.863000,0.315900
10.1021_acs.chemmater.3c01952,10.1021_acs.chemmater.3c01952-p003-f01,10.1021_acs.chemmater.3c01952-p003-f01-s02,AA Stacking,COF-C2-80,AA Stacking,17.883000,0.210900
10.1021_acs.chemmater.3c01952,10.1021_acs.chemmater.3c01952-p003-f01,10.1021_acs.chemmater.3c01952-p003-f01-s02,AA Stacking,COF-C2-80,AA Stacking,17.903000,0.093700
10.1021_acs.chemmater.3c01952,10.1021_acs.chemmater.3c01952-p003-f01,10.1021_acs.chemmater.3c01952-p003-f01-s02,AA Stacking,COF-C2-80,AA Stacking,17.923000,0.046700
10.1021_acs.chemmater.3c01952,10.1021_acs.chemmater.3c01952-p003-f01,10.1021_acs.chemmater.3c01952-p003-f01-s02,AA Stacking,COF-C2-80,AA Stacking,17.943000,0.058200
10.1021_acs.chemmater.3c01952,10.1021_acs.chemmater.3c01952-p003-f01,10.1021_acs.chemmater.3c01952-p003-f01-s02,AA Stacking,COF-C2-80,AA Stacking,17.963000,0.098600
10.1021_acs.chemmater.3c01952,10.1021_acs.chemmater.3c01952-p003-f01,10.1021_acs.chemmater.3c01952-p003-f01-s02,AA Stacking,COF-C2-80,AA Stacking,17.983000,0.100800
10.1021_acs.chemmater.3c01952,10.1021_acs.chemmater.3c01952-p003-f01,10.1021_acs.chemmater.3c01952-p003-f01-s02,AA Stacking,COF-C2-80,AA Stacking,18.003000,0.099100
10.1021_acs.chemmater.3c01952,10.1021_acs.chemmater.3c01952-p003-f01,10.1021_acs.chemmater.3c01952-p003-f01-s02,AA Stacking,COF-C2-80,AA Stacking,18.023000,0.094700
10.1021_acs.chemmater.3c01952,10.1021_acs.chemmater.3c01952-p003-f01,10.1021_acs.chemmater.3c01952-p003-f01-s02,AA Stacking,COF-C2-80,AA Stacking,18.043000,0.088000
10.1021_acs.chemmater.3c01952,10.1021_acs.chemmater.3c01952-p003-f01,10.1021_acs.chemmater.3c01952-p003-f01-s02,AA Stacking,COF-C2-80,AA Stacking,18.063000,0.079600
10.1021_acs.chemmater.3c01952,10.1021_acs.chemmater.3c01952-p003-f01,10.1021_acs.chemmater.3c01952-p003-f01-s02,AA Stacking,COF-C2-80,AA Stacking,18.083000,0.070800
10.1021_acs.chemmater.3c01952,10.1021_acs.chemmater.3c01952-p003-f01,10.1021_acs.chemmater.3c01952-p003-f01-s02,AA Stacking,COF-C2-80,AA Stacking,18.103000,0.063100
10.1021_acs.chemmater.3c01952,10.1021_acs.chemmater.3c01952-p003-f01,10.1021_acs.chemmater.3c01952-p003-f01-s02,AA Stacking,COF-C2-80,AA Stacking,18.123000,0.056300
10.1021_acs.chemmater.3c01952,10.1021_acs.chemmater.3c01952-p003-f01,10.1021_acs.chemmater.3c01952-p003-f01-s02,AA Stacking,COF-C2-80,AA Stacking,18.143000,0.050700
10.1021_acs.chemmater.3c01952,10.1021_acs.chemmater.3c01952-p003-f01,10.1021_acs.chemmater.3c01952-p003-f01-s02,AA Stacking,COF-C2-80,AA Stacking,18.163000,0.046500
10.1021_acs.chemmater.3c01952,10.1021_acs.chemmater.3c01952-p003-f01,10.1021_acs.chemmater.3c01952-p003-f01-s02,AA Stacking,COF-C2-80,AA Stacking,18.183000,0.043900
10.1021_acs.chemmater.3c01952,10.1021_acs.chemmater.3c01952-p003-f01,10.1021_acs.chemmater.3c01952-p003-f01-s02,AA Stacking,COF-C2-80,AA Stacking,18.203000,0.042600
10.1021_acs.chemmater.3c01952,10.1021_acs.chemmater.3c01952-p003-f01,10.1021_acs.chemmater.3c01952-p003-f01-s02,AA Stacking,COF-C2-80,AA Stacking,18.223000,0.042300
10.1021_acs.chemmater.3c01952,10.1021_acs.chemmater.3c01952-p003-f01,10.1021_acs.chemmater.3c01952-p003-f01-s02,AA Stacking,COF-C2-80,AA Stacking,18.243000,0.042700
10.1021_acs.chemmater.3c01952,10.1021_acs.chemmater.3c01952-p003-f01,10.1021_acs.chemmater.3c01952-p003-f01-s02,AA Stacking,COF-C2-80,AA Stacking,18.263000,0.043000
10.1021_acs.chemmater.3c01952,10.1021_acs.chemmater.3c01952-p003-f01,10.1021_acs.chemmater.3c01952-p003-f01-s02,AA Stacking,COF-C2-80,AA Stacking,18.283000,0.043100
10.1021_acs.chemmater.3c01952,10.1021_acs.chemmater.3c01952-p003-f01,10.1021_acs.chemmater.3c01952-p003-f01-s02,AA Stacking,COF-C2-80,AA Stacking,18.303000,0.043100
10.1021_acs.chemmater.3c01952,10.1021_acs.chemmater.3c01952-p003-f01,10.1021_acs.chemmater.3c01952-p003-f01-s02,AA Stacking,COF-C2-80,AA Stacking,18.323000,0.043100
10.1021_acs.chemmater.3c01952,10.1021_acs.chemmater.3c01952-p003-f01,10.1021_acs.chemmater.3c01952-p003-f01-s02,AA Stacking,COF-C2-80,AA Stacking,18.343000,0.043100
10.1021_acs.chemmater.3c01952,10.1021_acs.chemmater.3c01952-p003-f01,10.1021_acs.chemmater.3c01952-p003-f01-s02,AA Stacking,COF-C2-80,AA Stacking,18.363000,0.043100
10.1021_acs.chemmater.3c01952,10.1021_acs.chemmater.3c01952-p003-f01,10.1021_acs.chemmater.3c01952-p003-f01-s02,AA Stacking,COF-C2-80,AA Stacking,18.383000,0.043100
10.1021_acs.chemmater.3c01952,10.1021_acs.chemmater.3c01952-p003-f01,10.1021_acs.chemmater.3c01952-p003-f01-s02,AA Stacking,COF-C2-80,AA Stacking,18.403000,0.043100
10.1021_acs.chemmater.3c01952,10.1021_acs.chemmater.3c01952-p003-f01,10.1021_acs.chemmater.3c01952-p003-f01-s02,AA Stacking,COF-C2-80,AA Stacking,18.423000,0.043100
10.1021_acs.chemmater.3c01952,10.1021_acs.chemmater.3c01952-p003-f01,10.1021_acs.chemmater.3c01952-p003-f01-s02,AA Stacking,COF-C2-80,AA Stacking,18.443000,0.043100
10.1021_acs.chemmater.3c01952,10.1021_acs.chemmater.3c01952-p003-f01,10.1021_acs.chemmater.3c01952-p003-f01-s02,AA Stacking,COF-C2-80,AA Stacking,18.463000,0.043000
10.1021_acs.chemmater.3c01952,10.1021_acs.chemmater.3c01952-p003-f01,10.1021_acs.chemmater.3c01952-p003-f01-s02,AA Stacking,COF-C2-80,AA Stacking,18.483000,0.043000
10.1021_acs.chemmater.3c01952,10.1021_acs.chemmater.3c01952-p003-f01,10.1021_acs.chemmater.3c01952-p003-f01-s02,AA Stacking,COF-C2-80,AA Stacking,18.503000,0.043000
10.1021_acs.chemmater.3c01952,10.1021_acs.chemmater.3c01952-p003-f01,10.1021_acs.chemmater.3c01952-p003-f01-s02,AA Stacking,COF-C2-80,AA Stacking,18.523000,0.043000
10.1021_acs.chemmater.3c01952,10.1021_acs.chemmater.3c01952-p003-f01,10.1021_acs.chemmater.3c01952-p003-f01-s02,AA Stacking,COF-C2-80,AA Stacking,18.543000,0.043000
10.1021_acs.chemmater.3c01952,10.1021_acs.chemmater.3c01952-p003-f01,10.1021_acs.chemmater.3c01952-p003-f01-s02,AA Stacking,COF-C2-80,AA Stacking,18.563000,0.043000
10.1021_acs.chemmater.3c01952,10.1021_acs.chemmater.3c01952-p003-f01,10.1021_acs.chemmater.3c01952-p003-f01-s02,AA Stacking,COF-C2-80,AA Stacking,18.583000,0.043000
10.1021_acs.chemmater.3c01952,10.1021_acs.chemmater.3c01952-p003-f01,10.1021_acs.chemmater.3c01952-p003-f01-s02,AA Stacking,COF-C2-80,AA Stacking,18.603000,0.043000
10.1021_acs.chemmater.3c01952,10.1021_acs.chemmater.3c01952-p003-f01,10.1021_acs.chemmater.3c01952-p003-f01-s02,AA Stacking,COF-C2-80,AA Stacking,18.623000,0.043000
10.1021_acs.chemmater.3c01952,10.1021_acs.chemmater.3c01952-p003-f01,10.1021_acs.chemmater.3c01952-p003-f01-s02,AA Stacking,COF-C2-80,AA Stacking,18.643000,0.043000
10.1021_acs.chemmater.3c01952,10.1021_acs.chemmater.3c01952-p003-f01,10.1021_acs.chemmater.3c01952-p003-f01-s02,AA Stacking,COF-C2-80,AA Stacking,18.663000,0.043000
10.1021_acs.chemmater.3c01952,10.1021_acs.chemmater.3c01952-p003-f01,10.1021_acs.chemmater.3c01952-p003-f01-s02,AA Stacking,COF-C2-80,AA Stacking,18.683000,0.042900
10.1021_acs.chemmater.3c01952,10.1021_acs.chemmater.3c01952-p003-f01,10.1021_acs.chemmater.3c01952-p003-f01-s02,AA Stacking,COF-C2-80,AA Stacking,18.703000,0.042900
10.1021_acs.chemmater.3c01952,10.1021_acs.chemmater.3c01952-p003-f01,10.1021_acs.chemmater.3c01952-p003-f01-s02,AA Stacking,COF-C2-80,AA Stacking,18.723000,0.042900
10.1021_acs.chemmater.3c01952,10.1021_acs.chemmater.3c01952-p003-f01,10.1021_acs.chemmater.3c01952-p003-f01-s02,AA Stacking,COF-C2-80,AA Stacking,18.743000,0.042900
10.1021_acs.chemmater.3c01952,10.1021_acs.chemmater.3c01952-p003-f01,10.1021_acs.chemmater.3c01952-p003-f01-s02,AA Stacking,COF-C2-80,AA Stacking,18.763000,0.042900
10.1021_acs.chemmater.3c01952,10.1021_acs.chemmater.3c01952-p003-f01,10.1021_acs.chemmater.3c01952-p003-f01-s02,AA Stacking,COF-C2-80,AA Stacking,18.783000,0.042900
10.1021_acs.chemmater.3c01952,10.1021_acs.chemmater.3c01952-p003-f01,10.1021_acs.chemmater.3c01952-p003-f01-s02,AA Stacking,COF-C2-80,AA Stacking,18.803000,0.042900
10.1021_acs.chemmater.3c01952,10.1021_acs.chemmater.3c01952-p003-f01,10.1021_acs.chemmater.3c01952-p003-f01-s02,AA Stacking,COF-C2-80,AA Stacking,18.823000,0.042900
10.1021_acs.chemmater.3c01952,10.1021_acs.chemmater.3c01952-p003-f01,10.1021_acs.chemmater.3c01952-p003-f01-s02,AA Stacking,COF-C2-80,AA Stacking,18.843000,0.042900
10.1021_acs.chemmater.3c01952,10.1021_acs.chemmater.3c01952-p003-f01,10.1021_acs.chemmater.3c01952-p003-f01-s02,AA Stacking,COF-C2-80,AA Stacking,18.863000,0.042900
10.1021_acs.chemmater.3c01952,10.1021_acs.chemmater.3c01952-p003-f01,10.1021_acs.chemmater.3c01952-p003-f01-s02,AA Stacking,COF-C2-80,AA Stacking,18.883000,0.042800
10.1021_acs.chemmater.3c01952,10.1021_acs.chemmater.3c01952-p003-f01,10.1021_acs.chemmater.3c01952-p003-f01-s02,AA Stacking,COF-C2-80,AA Stacking,18.903000,0.042800
10.1021_acs.chemmater.3c01952,10.1021_acs.chemmater.3c01952-p003-f01,10.1021_acs.chemmater.3c01952-p003-f01-s02,AA Stacking,COF-C2-80,AA Stacking,18.923000,0.042800
10.1021_acs.chemmater.3c01952,10.1021_acs.chemmater.3c01952-p003-f01,10.1021_acs.chemmater.3c01952-p003-f01-s02,AA Stacking,COF-C2-80,AA Stacking,18.943000,0.042800
10.1021_acs.chemmater.3c01952,10.1021_acs.chemmater.3c01952-p003-f01,10.1021_acs.chemmater.3c01952-p003-f01-s02,AA Stacking,COF-C2-80,AA Stacking,18.963000,0.042800
10.1021_acs.chemmater.3c01952,10.1021_acs.chemmater.3c01952-p003-f01,10.1021_acs.chemmater.3c01952-p003-f01-s02,AA Stacking,COF-C2-80,AA Stacking,18.983000,0.042800
10.1021_acs.chemmater.3c01952,10.1021_acs.chemmater.3c01952-p003-f01,10.1021_acs.chemmater.3c01952-p003-f01-s02,AA Stacking,COF-C2-80,AA Stacking,19.003000,0.042800
10.1021_acs.chemmater.3c01952,10.1021_acs.chemmater.3c01952-p003-f01,10.1021_acs.chemmater.3c01952-p003-f01-s02,AA Stacking,COF-C2-80,AA Stacking,19.023000,0.042800
10.1021_acs.chemmater.3c01952,10.1021_acs.chemmater.3c01952-p003-f01,10.1021_acs.chemmater.3c01952-p003-f01-s02,AA Stacking,COF-C2-80,AA Stacking,19.043000,0.042800
10.1021_acs.chemmater.3c01952,10.1021_acs.chemmater.3c01952-p003-f01,10.1021_acs.chemmater.3c01952-p003-f01-s02,AA Stacking,COF-C2-80,AA Stacking,19.063000,0.042700
10.1021_acs.chemmater.3c01952,10.1021_acs.chemmater.3c01952-p003-f01,10.1021_acs.chemmater.3c01952-p003-f01-s02,AA Stacking,COF-C2-80,AA Stacking,19.083000,0.042700
10.1021_acs.chemmater.3c01952,10.1021_acs.chemmater.3c01952-p003-f01,10.1021_acs.chemmater.3c01952-p003-f01-s02,AA Stacking,COF-C2-80,AA Stacking,19.103000,0.042700
10.1021_acs.chemmater.3c01952,10.1021_acs.chemmater.3c01952-p003-f01,10.1021_acs.chemmater.3c01952-p003-f01-s02,AA Stacking,COF-C2-80,AA Stacking,19.123000,0.042700
10.1021_acs.chemmater.3c01952,10.1021_acs.chemmater.3c01952-p003-f01,10.1021_acs.chemmater.3c01952-p003-f01-s02,AA Stacking,COF-C2-80,AA Stacking,19.143000,0.042700
10.1021_acs.chemmater.3c01952,10.1021_acs.chemmater.3c01952-p003-f01,10.1021_acs.chemmater.3c01952-p003-f01-s02,AA Stacking,COF-C2-80,AA Stacking,19.163000,0.042700
10.1021_acs.chemmater.3c01952,10.1021_acs.chemmater.3c01952-p003-f01,10.1021_acs.chemmater.3c01952-p003-f01-s02,AA Stacking,COF-C2-80,AA Stacking,19.183000,0.042700
10.1021_acs.chemmater.3c01952,10.1021_acs.chemmater.3c01952-p003-f01,10.1021_acs.chemmater.3c01952-p003-f01-s02,AA Stacking,COF-C2-80,AA Stacking,19.203000,0.042700
10.1021_acs.chemmater.3c01952,10.1021_acs.chemmater.3c01952-p003-f01,10.1021_acs.chemmater.3c01952-p003-f01-s02,AA Stacking,COF-C2-80,AA Stacking,19.223000,0.042700
10.1021_acs.chemmater.3c01952,10.1021_acs.chemmater.3c01952-p003-f01,10.1021_acs.chemmater.3c01952-p003-f01-s02,AA Stacking,COF-C2-80,AA Stacking,19.243000,0.042700
10.1021_acs.chemmater.3c01952,10.1021_acs.chemmater.3c01952-p003-f01,10.1021_acs.chemmater.3c01952-p003-f01-s02,AA Stacking,COF-C2-80,AA Stacking,19.263000,0.042600
10.1021_acs.chemmater.3c01952,10.1021_acs.chemmater.3c01952-p003-f01,10.1021_acs.chemmater.3c01952-p003-f01-s02,AA Stacking,COF-C2-80,AA Stacking,19.283000,0.042600
10.1021_acs.chemmater.3c01952,10.1021_acs.chemmater.3c01952-p003-f01,10.1021_acs.chemmater.3c01952-p003-f01-s02,AA Stacking,COF-C2-80,AA Stacking,19.303000,0.042600
10.1021_acs.chemmater.3c01952,10.1021_acs.chemmater.3c01952-p003-f01,10.1021_acs.chemmater.3c01952-p003-f01-s02,AA Stacking,COF-C2-80,AA Stacking,19.323000,0.042600
10.1021_acs.chemmater.3c01952,10.1021_acs.chemmater.3c01952-p003-f01,10.1021_acs.chemmater.3c01952-p003-f01-s02,AA Stacking,COF-C2-80,AA Stacking,19.343000,0.042600
10.1021_acs.chemmater.3c01952,10.1021_acs.chemmater.3c01952-p003-f01,10.1021_acs.chemmater.3c01952-p003-f01-s02,AA Stacking,COF-C2-80,AA Stacking,19.363000,0.042600
10.1021_acs.chemmater.3c01952,10.1021_acs.chemmater.3c01952-p003-f01,10.1021_acs.chemmater.3c01952-p003-f01-s02,AA Stacking,COF-C2-80,AA Stacking,19.383000,0.042600
10.1021_acs.chemmater.3c01952,10.1021_acs.chemmater.3c01952-p003-f01,10.1021_acs.chemmater.3c01952-p003-f01-s02,AA Stacking,COF-C2-80,AA Stacking,19.403000,0.042600
10.1021_acs.chemmater.3c01952,10.1021_acs.chemmater.3c01952-p003-f01,10.1021_acs.chemmater.3c01952-p003-f01-s02,AA Stacking,COF-C2-80,AA Stacking,19.423000,0.042500
10.1021_acs.chemmater.3c01952,10.1021_acs.chemmater.3c01952-p003-f01,10.1021_acs.chemmater.3c01952-p003-f01-s02,AA Stacking,COF-C2-80,AA Stacking,19.443000,0.042500
10.1021_acs.chemmater.3c01952,10.1021_acs.chemmater.3c01952-p003-f01,10.1021_acs.chemmater.3c01952-p003-f01-s02,AA Stacking,COF-C2-80,AA Stacking,19.463000,0.042500
10.1021_acs.chemmater.3c01952,10.1021_acs.chemmater.3c01952-p003-f01,10.1021_acs.chemmater.3c01952-p003-f01-s02,AA Stacking,COF-C2-80,AA Stacking,19.483000,0.042500
10.1021_acs.chemmater.3c01952,10.1021_acs.chemmater.3c01952-p003-f01,10.1021_acs.chemmater.3c01952-p003-f01-s02,AA Stacking,COF-C2-80,AA Stacking,19.503000,0.042500
10.1021_acs.chemmater.3c01952,10.1021_acs.chemmater.3c01952-p003-f01,10.1021_acs.chemmater.3c01952-p003-f01-s02,AA Stacking,COF-C2-80,AA Stacking,19.523000,0.042500
10.1021_acs.chemmater.3c01952,10.1021_acs.chemmater.3c01952-p003-f01,10.1021_acs.chemmater.3c01952-p003-f01-s02,AA Stacking,COF-C2-80,AA Stacking,19.543000,0.042500
10.1021_acs.chemmater.3c01952,10.1021_acs.chemmater.3c01952-p003-f01,10.1021_acs.chemmater.3c01952-p003-f01-s02,AA Stacking,COF-C2-80,AA Stacking,19.563000,0.042500
10.1021_acs.chemmater.3c01952,10.1021_acs.chemmater.3c01952-p003-f01,10.1021_acs.chemmater.3c01952-p003-f01-s02,AA Stacking,COF-C2-80,AA Stacking,19.583000,0.042500
10.1021_acs.chemmater.3c01952,10.1021_acs.chemmater.3c01952-p003-f01,10.1021_acs.chemmater.3c01952-p003-f01-s02,AA Stacking,COF-C2-80,AA Stacking,19.603000,0.042400
10.1021_acs.chemmater.3c01952,10.1021_acs.chemmater.3c01952-p003-f01,10.1021_acs.chemmater.3c01952-p003-f01-s02,AA Stacking,COF-C2-80,AA Stacking,19.623000,0.042400
10.1021_acs.chemmater.3c01952,10.1021_acs.chemmater.3c01952-p003-f01,10.1021_acs.chemmater.3c01952-p003-f01-s02,AA Stacking,COF-C2-80,AA Stacking,19.643000,0.042400
10.1021_acs.chemmater.3c01952,10.1021_acs.chemmater.3c01952-p003-f01,10.1021_acs.chemmater.3c01952-p003-f01-s02,AA Stacking,COF-C2-80,AA Stacking,19.663000,0.042400
10.1021_acs.chemmater.3c01952,10.1021_acs.chemmater.3c01952-p003-f01,10.1021_acs.chemmater.3c01952-p003-f01-s02,AA Stacking,COF-C2-80,AA Stacking,19.683000,0.042400
10.1021_acs.chemmater.3c01952,10.1021_acs.chemmater.3c01952-p003-f01,10.1021_acs.chemmater.3c01952-p003-f01-s02,AA Stacking,COF-C2-80,AA Stacking,19.703000,0.042400
10.1021_acs.chemmater.3c01952,10.1021_acs.chemmater.3c01952-p003-f01,10.1021_acs.chemmater.3c01952-p003-f01-s02,AA Stacking,COF-C2-80,AA Stacking,19.723000,0.042400
10.1021_acs.chemmater.3c01952,10.1021_acs.chemmater.3c01952-p003-f01,10.1021_acs.chemmater.3c01952-p003-f01-s02,AA Stacking,COF-C2-80,AA Stacking,19.743000,0.042400
10.1021_acs.chemmater.3c01952,10.1021_acs.chemmater.3c01952-p003-f01,10.1021_acs.chemmater.3c01952-p003-f01-s02,AA Stacking,COF-C2-80,AA Stacking,19.763000,0.042300
10.1021_acs.chemmater.3c01952,10.1021_acs.chemmater.3c01952-p003-f01,10.1021_acs.chemmater.3c01952-p003-f01-s02,AA Stacking,COF-C2-80,AA Stacking,19.783000,0.042300
10.1021_acs.chemmater.3c01952,10.1021_acs.chemmater.3c01952-p003-f01,10.1021_acs.chemmater.3c01952-p003-f01-s02,AA Stacking,COF-C2-80,AA Stacking,19.803000,0.042300
10.1021_acs.chemmater.3c01952,10.1021_acs.chemmater.3c01952-p003-f01,10.1021_acs.chemmater.3c01952-p003-f01-s02,AA Stacking,COF-C2-80,AA Stacking,19.823000,0.042300
10.1021_acs.chemmater.3c01952,10.1021_acs.chemmater.3c01952-p003-f01,10.1021_acs.chemmater.3c01952-p003-f01-s02,AA Stacking,COF-C2-80,AA Stacking,19.843000,0.042300
10.1021_acs.chemmater.3c01952,10.1021_acs.chemmater.3c01952-p003-f01,10.1021_acs.chemmater.3c01952-p003-f01-s02,AA Stacking,COF-C2-80,AA Stacking,19.863000,0.042300
10.1021_acs.chemmater.3c01952,10.1021_acs.chemmater.3c01952-p003-f01,10.1021_acs.chemmater.3c01952-p003-f01-s02,AA Stacking,COF-C2-80,AA Stacking,19.883000,0.042300
10.1021_acs.chemmater.3c01952,10.1021_acs.chemmater.3c01952-p003-f01,10.1021_acs.chemmater.3c01952-p003-f01-s02,AA Stacking,COF-C2-80,AA Stacking,19.903000,0.042300
10.1021_acs.chemmater.3c01952,10.1021_acs.chemmater.3c01952-p003-f01,10.1021_acs.chemmater.3c01952-p003-f01-s02,AA Stacking,COF-C2-80,AA Stacking,19.923000,0.042200
10.1021_acs.chemmater.3c01952,10.1021_acs.chemmater.3c01952-p003-f01,10.1021_acs.chemmater.3c01952-p003-f01-s02,AA Stacking,COF-C2-80,AA Stacking,19.943000,0.042200
10.1021_acs.chemmater.3c01952,10.1021_acs.chemmater.3c01952-p003-f01,10.1021_acs.chemmater.3c01952-p003-f01-s02,AA Stacking,COF-C2-80,AA Stacking,19.963000,0.042200
10.1021_acs.chemmater.3c01952,10.1021_acs.chemmater.3c01952-p003-f01,10.1021_acs.chemmater.3c01952-p003-f01-s02,AA Stacking,COF-C2-80,AA Stacking,19.983000,0.042200
10.1021_acs.chemmater.3c01952,10.1021_acs.chemmater.3c01952-p003-f01,10.1021_acs.chemmater.3c01952-p003-f01-s02,AA Stacking,COF-C2-80,AA Stacking,20.003000,0.042200
10.1021_acs.chemmater.3c01952,10.1021_acs.chemmater.3c01952-p003-f01,10.1021_acs.chemmater.3c01952-p003-f01-s02,AA Stacking,COF-C2-80,AA Stacking,20.023000,0.042200
10.1021_acs.chemmater.3c01952,10.1021_acs.chemmater.3c01952-p003-f01,10.1021_acs.chemmater.3c01952-p003-f01-s02,AA Stacking,COF-C2-80,AA Stacking,20.043000,0.042200
10.1021_acs.chemmater.3c01952,10.1021_acs.chemmater.3c01952-p003-f01,10.1021_acs.chemmater.3c01952-p003-f01-s02,AA Stacking,COF-C2-80,AA Stacking,20.063000,0.042200
10.1021_acs.chemmater.3c01952,10.1021_acs.chemmater.3c01952-p003-f01,10.1021_acs.chemmater.3c01952-p003-f01-s02,AA Stacking,COF-C2-80,AA Stacking,20.083000,0.042100
10.1021_acs.chemmater.3c01952,10.1021_acs.chemmater.3c01952-p003-f01,10.1021_acs.chemmater.3c01952-p003-f01-s02,AA Stacking,COF-C2-80,AA Stacking,20.103000,0.042100
10.1021_acs.chemmater.3c01952,10.1021_acs.chemmater.3c01952-p003-f01,10.1021_acs.chemmater.3c01952-p003-f01-s02,AA Stacking,COF-C2-80,AA Stacking,20.123000,0.042100
10.1021_acs.chemmater.3c01952,10.1021_acs.chemmater.3c01952-p003-f01,10.1021_acs.chemmater.3c01952-p003-f01-s02,AA Stacking,COF-C2-80,AA Stacking,20.143000,0.042100
10.1021_acs.chemmater.3c01952,10.1021_acs.chemmater.3c01952-p003-f01,10.1021_acs.chemmater.3c01952-p003-f01-s02,AA Stacking,COF-C2-80,AA Stacking,20.163000,0.042100
10.1021_acs.chemmater.3c01952,10.1021_acs.chemmater.3c01952-p003-f01,10.1021_acs.chemmater.3c01952-p003-f01-s02,AA Stacking,COF-C2-80,AA Stacking,20.183000,0.042100
10.1021_acs.chemmater.3c01952,10.1021_acs.chemmater.3c01952-p003-f01,10.1021_acs.chemmater.3c01952-p003-f01-s02,AA Stacking,COF-C2-80,AA Stacking,20.203000,0.042100
10.1021_acs.chemmater.3c01952,10.1021_acs.chemmater.3c01952-p003-f01,10.1021_acs.chemmater.3c01952-p003-f01-s02,AA Stacking,COF-C2-80,AA Stacking,20.223000,0.042000
10.1021_acs.chemmater.3c01952,10.1021_acs.chemmater.3c01952-p003-f01,10.1021_acs.chemmater.3c01952-p003-f01-s02,AA Stacking,COF-C2-80,AA Stacking,20.243000,0.042000
10.1021_acs.chemmater.3c01952,10.1021_acs.chemmater.3c01952-p003-f01,10.1021_acs.chemmater.3c01952-p003-f01-s02,AA Stacking,COF-C2-80,AA Stacking,20.263000,0.042000
10.1021_acs.chemmater.3c01952,10.1021_acs.chemmater.3c01952-p003-f01,10.1021_acs.chemmater.3c01952-p003-f01-s02,AA Stacking,COF-C2-80,AA Stacking,20.283000,0.042000
10.1021_acs.chemmater.3c01952,10.1021_acs.chemmater.3c01952-p003-f01,10.1021_acs.chemmater.3c01952-p003-f01-s02,AA Stacking,COF-C2-80,AA Stacking,20.303000,0.042000
10.1021_acs.chemmater.3c01952,10.1021_acs.chemmater.3c01952-p003-f01,10.1021_acs.chemmater.3c01952-p003-f01-s02,AA Stacking,COF-C2-80,AA Stacking,20.323000,0.042000
10.1021_acs.chemmater.3c01952,10.1021_acs.chemmater.3c01952-p003-f01,10.1021_acs.chemmater.3c01952-p003-f01-s02,AA Stacking,COF-C2-80,AA Stacking,20.343000,0.042000
10.1021_acs.chemmater.3c01952,10.1021_acs.chemmater.3c01952-p003-f01,10.1021_acs.chemmater.3c01952-p003-f01-s02,AA Stacking,COF-C2-80,AA Stacking,20.363000,0.041900
10.1021_acs.chemmater.3c01952,10.1021_acs.chemmater.3c01952-p003-f01,10.1021_acs.chemmater.3c01952-p003-f01-s02,AA Stacking,COF-C2-80,AA Stacking,20.383000,0.041900
10.1021_acs.chemmater.3c01952,10.1021_acs.chemmater.3c01952-p003-f01,10.1021_acs.chemmater.3c01952-p003-f01-s02,AA Stacking,COF-C2-80,AA Stacking,20.403000,0.041900
10.1021_acs.chemmater.3c01952,10.1021_acs.chemmater.3c01952-p003-f01,10.1021_acs.chemmater.3c01952-p003-f01-s02,AA Stacking,COF-C2-80,AA Stacking,20.423000,0.041900
10.1021_acs.chemmater.3c01952,10.1021_acs.chemmater.3c01952-p003-f01,10.1021_acs.chemmater.3c01952-p003-f01-s02,AA Stacking,COF-C2-80,AA Stacking,20.443000,0.041900
10.1021_acs.chemmater.3c01952,10.1021_acs.chemmater.3c01952-p003-f01,10.1021_acs.chemmater.3c01952-p003-f01-s02,AA Stacking,COF-C2-80,AA Stacking,20.463000,0.041900
10.1021_acs.chemmater.3c01952,10.1021_acs.chemmater.3c01952-p003-f01,10.1021_acs.chemmater.3c01952-p003-f01-s02,AA Stacking,COF-C2-80,AA Stacking,20.483000,0.041900
10.1021_acs.chemmater.3c01952,10.1021_acs.chemmater.3c01952-p003-f01,10.1021_acs.chemmater.3c01952-p003-f01-s02,AA Stacking,COF-C2-80,AA Stacking,20.503000,0.041900
10.1021_acs.chemmater.3c01952,10.1021_acs.chemmater.3c01952-p003-f01,10.1021_acs.chemmater.3c01952-p003-f01-s02,AA Stacking,COF-C2-80,AA Stacking,20.523000,0.041800
10.1021_acs.chemmater.3c01952,10.1021_acs.chemmater.3c01952-p003-f01,10.1021_acs.chemmater.3c01952-p003-f01-s02,AA Stacking,COF-C2-80,AA Stacking,20.543000,0.041800
10.1021_acs.chemmater.3c01952,10.1021_acs.chemmater.3c01952-p003-f01,10.1021_acs.chemmater.3c01952-p003-f01-s02,AA Stacking,COF-C2-80,AA Stacking,20.563000,0.041800
10.1021_acs.chemmater.3c01952,10.1021_acs.chemmater.3c01952-p003-f01,10.1021_acs.chemmater.3c01952-p003-f01-s02,AA Stacking,COF-C2-80,AA Stacking,20.583000,0.041800
10.1021_acs.chemmater.3c01952,10.1021_acs.chemmater.3c01952-p003-f01,10.1021_acs.chemmater.3c01952-p003-f01-s02,AA Stacking,COF-C2-80,AA Stacking,20.603000,0.041800
10.1021_acs.chemmater.3c01952,10.1021_acs.chemmater.3c01952-p003-f01,10.1021_acs.chemmater.3c01952-p003-f01-s02,AA Stacking,COF-C2-80,AA Stacking,20.623000,0.041800
10.1021_acs.chemmater.3c01952,10.1021_acs.chemmater.3c01952-p003-f01,10.1021_acs.chemmater.3c01952-p003-f01-s02,AA Stacking,COF-C2-80,AA Stacking,20.643000,0.041800
10.1021_acs.chemmater.3c01952,10.1021_acs.chemmater.3c01952-p003-f01,10.1021_acs.chemmater.3c01952-p003-f01-s02,AA Stacking,COF-C2-80,AA Stacking,20.663000,0.041700
10.1021_acs.chemmater.3c01952,10.1021_acs.chemmater.3c01952-p003-f01,10.1021_acs.chemmater.3c01952-p003-f01-s02,AA Stacking,COF-C2-80,AA Stacking,20.683000,0.041700
10.1021_acs.chemmater.3c01952,10.1021_acs.chemmater.3c01952-p003-f01,10.1021_acs.chemmater.3c01952-p003-f01-s02,AA Stacking,COF-C2-80,AA Stacking,20.703000,0.041700
10.1021_acs.chemmater.3c01952,10.1021_acs.chemmater.3c01952-p003-f01,10.1021_acs.chemmater.3c01952-p003-f01-s02,AA Stacking,COF-C2-80,AA Stacking,20.723000,0.041700
10.1021_acs.chemmater.3c01952,10.1021_acs.chemmater.3c01952-p003-f01,10.1021_acs.chemmater.3c01952-p003-f01-s02,AA Stacking,COF-C2-80,AA Stacking,20.743000,0.041700
10.1021_acs.chemmater.3c01952,10.1021_acs.chemmater.3c01952-p003-f01,10.1021_acs.chemmater.3c01952-p003-f01-s02,AA Stacking,COF-C2-80,AA Stacking,20.763000,0.041700
10.1021_acs.chemmater.3c01952,10.1021_acs.chemmater.3c01952-p003-f01,10.1021_acs.chemmater.3c01952-p003-f01-s02,AA Stacking,COF-C2-80,AA Stacking,20.783000,0.041700
10.1021_acs.chemmater.3c01952,10.1021_acs.chemmater.3c01952-p003-f01,10.1021_acs.chemmater.3c01952-p003-f01-s02,AA Stacking,COF-C2-80,AA Stacking,20.803000,0.041600
10.1021_acs.chemmater.3c01952,10.1021_acs.chemmater.3c01952-p003-f01,10.1021_acs.chemmater.3c01952-p003-f01-s02,AA Stacking,COF-C2-80,AA Stacking,20.823000,0.041600
10.1021_acs.chemmater.3c01952,10.1021_acs.chemmater.3c01952-p003-f01,10.1021_acs.chemmater.3c01952-p003-f01-s02,AA Stacking,COF-C2-80,AA Stacking,20.843000,0.041600
10.1021_acs.chemmater.3c01952,10.1021_acs.chemmater.3c01952-p003-f01,10.1021_acs.chemmater.3c01952-p003-f01-s02,AA Stacking,COF-C2-80,AA Stacking,20.863000,0.041600
10.1021_acs.chemmater.3c01952,10.1021_acs.chemmater.3c01952-p003-f01,10.1021_acs.chemmater.3c01952-p003-f01-s02,AA Stacking,COF-C2-80,AA Stacking,20.883000,0.041600
10.1021_acs.chemmater.3c01952,10.1021_acs.chemmater.3c01952-p003-f01,10.1021_acs.chemmater.3c01952-p003-f01-s02,AA Stacking,COF-C2-80,AA Stacking,20.903000,0.041600
10.1021_acs.chemmater.3c01952,10.1021_acs.chemmater.3c01952-p003-f01,10.1021_acs.chemmater.3c01952-p003-f01-s02,AA Stacking,COF-C2-80,AA Stacking,20.923000,0.041600
10.1021_acs.chemmater.3c01952,10.1021_acs.chemmater.3c01952-p003-f01,10.1021_acs.chemmater.3c01952-p003-f01-s02,AA Stacking,COF-C2-80,AA Stacking,20.943000,0.041500
10.1021_acs.chemmater.3c01952,10.1021_acs.chemmater.3c01952-p003-f01,10.1021_acs.chemmater.3c01952-p003-f01-s02,AA Stacking,COF-C2-80,AA Stacking,20.963000,0.041500
10.1021_acs.chemmater.3c01952,10.1021_acs.chemmater.3c01952-p003-f01,10.1021_acs.chemmater.3c01952-p003-f01-s02,AA Stacking,COF-C2-80,AA Stacking,20.983000,0.041500
10.1021_acs.chemmater.3c01952,10.1021_acs.chemmater.3c01952-p003-f01,10.1021_acs.chemmater.3c01952-p003-f01-s02,AA Stacking,COF-C2-80,AA Stacking,21.003000,0.041500
10.1021_acs.chemmater.3c01952,10.1021_acs.chemmater.3c01952-p003-f01,10.1021_acs.chemmater.3c01952-p003-f01-s02,AA Stacking,COF-C2-80,AA Stacking,21.023000,0.041500
10.1021_acs.chemmater.3c01952,10.1021_acs.chemmater.3c01952-p003-f01,10.1021_acs.chemmater.3c01952-p003-f01-s02,AA Stacking,COF-C2-80,AA Stacking,21.043000,0.041500
10.1021_acs.chemmater.3c01952,10.1021_acs.chemmater.3c01952-p003-f01,10.1021_acs.chemmater.3c01952-p003-f01-s02,AA Stacking,COF-C2-80,AA Stacking,21.063000,0.041500
10.1021_acs.chemmater.3c01952,10.1021_acs.chemmater.3c01952-p003-f01,10.1021_acs.chemmater.3c01952-p003-f01-s02,AA Stacking,COF-C2-80,AA Stacking,21.083000,0.041400
10.1021_acs.chemmater.3c01952,10.1021_acs.chemmater.3c01952-p003-f01,10.1021_acs.chemmater.3c01952-p003-f01-s02,AA Stacking,COF-C2-80,AA Stacking,21.103000,0.041400
10.1021_acs.chemmater.3c01952,10.1021_acs.chemmater.3c01952-p003-f01,10.1021_acs.chemmater.3c01952-p003-f01-s02,AA Stacking,COF-C2-80,AA Stacking,21.123000,0.041400
10.1021_acs.chemmater.3c01952,10.1021_acs.chemmater.3c01952-p003-f01,10.1021_acs.chemmater.3c01952-p003-f01-s02,AA Stacking,COF-C2-80,AA Stacking,21.143000,0.041400
10.1021_acs.chemmater.3c01952,10.1021_acs.chemmater.3c01952-p003-f01,10.1021_acs.chemmater.3c01952-p003-f01-s02,AA Stacking,COF-C2-80,AA Stacking,21.163000,0.041400
10.1021_acs.chemmater.3c01952,10.1021_acs.chemmater.3c01952-p003-f01,10.1021_acs.chemmater.3c01952-p003-f01-s02,AA Stacking,COF-C2-80,AA Stacking,21.183000,0.041400
10.1021_acs.chemmater.3c01952,10.1021_acs.chemmater.3c01952-p003-f01,10.1021_acs.chemmater.3c01952-p003-f01-s02,AA Stacking,COF-C2-80,AA Stacking,21.203000,0.041400
10.1021_acs.chemmater.3c01952,10.1021_acs.chemmater.3c01952-p003-f01,10.1021_acs.chemmater.3c01952-p003-f01-s02,AA Stacking,COF-C2-80,AA Stacking,21.223000,0.041300
10.1021_acs.chemmater.3c01952,10.1021_acs.chemmater.3c01952-p003-f01,10.1021_acs.chemmater.3c01952-p003-f01-s02,AA Stacking,COF-C2-80,AA Stacking,21.243000,0.041300
10.1021_acs.chemmater.3c01952,10.1021_acs.chemmater.3c01952-p003-f01,10.1021_acs.chemmater.3c01952-p003-f01-s02,AA Stacking,COF-C2-80,AA Stacking,21.263000,0.041300
10.1021_acs.chemmater.3c01952,10.1021_acs.chemmater.3c01952-p003-f01,10.1021_acs.chemmater.3c01952-p003-f01-s02,AA Stacking,COF-C2-80,AA Stacking,21.283000,0.041300
10.1021_acs.chemmater.3c01952,10.1021_acs.chemmater.3c01952-p003-f01,10.1021_acs.chemmater.3c01952-p003-f01-s02,AA Stacking,COF-C2-80,AA Stacking,21.303000,0.041300
10.1021_acs.chemmater.3c01952,10.1021_acs.chemmater.3c01952-p003-f01,10.1021_acs.chemmater.3c01952-p003-f01-s02,AA Stacking,COF-C2-80,AA Stacking,21.323000,0.041300
10.1021_acs.chemmater.3c01952,10.1021_acs.chemmater.3c01952-p003-f01,10.1021_acs.chemmater.3c01952-p003-f01-s02,AA Stacking,COF-C2-80,AA Stacking,21.343000,0.041300
10.1021_acs.chemmater.3c01952,10.1021_acs.chemmater.3c01952-p003-f01,10.1021_acs.chemmater.3c01952-p003-f01-s02,AA Stacking,COF-C2-80,AA Stacking,21.363000,0.041200
10.1021_acs.chemmater.3c01952,10.1021_acs.chemmater.3c01952-p003-f01,10.1021_acs.chemmater.3c01952-p003-f01-s02,AA Stacking,COF-C2-80,AA Stacking,21.383000,0.041200
10.1021_acs.chemmater.3c01952,10.1021_acs.chemmater.3c01952-p003-f01,10.1021_acs.chemmater.3c01952-p003-f01-s02,AA Stacking,COF-C2-80,AA Stacking,21.403000,0.041200
10.1021_acs.chemmater.3c01952,10.1021_acs.chemmater.3c01952-p003-f01,10.1021_acs.chemmater.3c01952-p003-f01-s02,AA Stacking,COF-C2-80,AA Stacking,21.423000,0.041200
10.1021_acs.chemmater.3c01952,10.1021_acs.chemmater.3c01952-p003-f01,10.1021_acs.chemmater.3c01952-p003-f01-s02,AA Stacking,COF-C2-80,AA Stacking,21.443000,0.041200
10.1021_acs.chemmater.3c01952,10.1021_acs.chemmater.3c01952-p003-f01,10.1021_acs.chemmater.3c01952-p003-f01-s02,AA Stacking,COF-C2-80,AA Stacking,21.463000,0.041200
10.1021_acs.chemmater.3c01952,10.1021_acs.chemmater.3c01952-p003-f01,10.1021_acs.chemmater.3c01952-p003-f01-s02,AA Stacking,COF-C2-80,AA Stacking,21.483000,0.041200
10.1021_acs.chemmater.3c01952,10.1021_acs.chemmater.3c01952-p003-f01,10.1021_acs.chemmater.3c01952-p003-f01-s02,AA Stacking,COF-C2-80,AA Stacking,21.503000,0.041200
10.1021_acs.chemmater.3c01952,10.1021_acs.chemmater.3c01952-p003-f01,10.1021_acs.chemmater.3c01952-p003-f01-s02,AA Stacking,COF-C2-80,AA Stacking,21.523000,0.041100
10.1021_acs.chemmater.3c01952,10.1021_acs.chemmater.3c01952-p003-f01,10.1021_acs.chemmater.3c01952-p003-f01-s02,AA Stacking,COF-C2-80,AA Stacking,21.543000,0.041100
10.1021_acs.chemmater.3c01952,10.1021_acs.chemmater.3c01952-p003-f01,10.1021_acs.chemmater.3c01952-p003-f01-s02,AA Stacking,COF-C2-80,AA Stacking,21.563000,0.041100
10.1021_acs.chemmater.3c01952,10.1021_acs.chemmater.3c01952-p003-f01,10.1021_acs.chemmater.3c01952-p003-f01-s02,AA Stacking,COF-C2-80,AA Stacking,21.583000,0.041100
10.1021_acs.chemmater.3c01952,10.1021_acs.chemmater.3c01952-p003-f01,10.1021_acs.chemmater.3c01952-p003-f01-s02,AA Stacking,COF-C2-80,AA Stacking,21.603000,0.041100
10.1021_acs.chemmater.3c01952,10.1021_acs.chemmater.3c01952-p003-f01,10.1021_acs.chemmater.3c01952-p003-f01-s02,AA Stacking,COF-C2-80,AA Stacking,21.623000,0.041100
10.1021_acs.chemmater.3c01952,10.1021_acs.chemmater.3c01952-p003-f01,10.1021_acs.chemmater.3c01952-p003-f01-s02,AA Stacking,COF-C2-80,AA Stacking,21.643000,0.041100
10.1021_acs.chemmater.3c01952,10.1021_acs.chemmater.3c01952-p003-f01,10.1021_acs.chemmater.3c01952-p003-f01-s02,AA Stacking,COF-C2-80,AA Stacking,21.663000,0.041100
10.1021_acs.chemmater.3c01952,10.1021_acs.chemmater.3c01952-p003-f01,10.1021_acs.chemmater.3c01952-p003-f01-s02,AA Stacking,COF-C2-80,AA Stacking,21.683000,0.041000
10.1021_acs.chemmater.3c01952,10.1021_acs.chemmater.3c01952-p003-f01,10.1021_acs.chemmater.3c01952-p003-f01-s02,AA Stacking,COF-C2-80,AA Stacking,21.703000,0.041000
10.1021_acs.chemmater.3c01952,10.1021_acs.chemmater.3c01952-p003-f01,10.1021_acs.chemmater.3c01952-p003-f01-s02,AA Stacking,COF-C2-80,AA Stacking,21.723000,0.041000
10.1021_acs.chemmater.3c01952,10.1021_acs.chemmater.3c01952-p003-f01,10.1021_acs.chemmater.3c01952-p003-f01-s02,AA Stacking,COF-C2-80,AA Stacking,21.743000,0.041000
10.1021_acs.chemmater.3c01952,10.1021_acs.chemmater.3c01952-p003-f01,10.1021_acs.chemmater.3c01952-p003-f01-s02,AA Stacking,COF-C2-80,AA Stacking,21.763000,0.041000
10.1021_acs.chemmater.3c01952,10.1021_acs.chemmater.3c01952-p003-f01,10.1021_acs.chemmater.3c01952-p003-f01-s02,AA Stacking,COF-C2-80,AA Stacking,21.783000,0.041000
10.1021_acs.chemmater.3c01952,10.1021_acs.chemmater.3c01952-p003-f01,10.1021_acs.chemmater.3c01952-p003-f01-s02,AA Stacking,COF-C2-80,AA Stacking,21.803000,0.041000
10.1021_acs.chemmater.3c01952,10.1021_acs.chemmater.3c01952-p003-f01,10.1021_acs.chemmater.3c01952-p003-f01-s02,AA Stacking,COF-C2-80,AA Stacking,21.823000,0.041000
10.1021_acs.chemmater.3c01952,10.1021_acs.chemmater.3c01952-p003-f01,10.1021_acs.chemmater.3c01952-p003-f01-s02,AA Stacking,COF-C2-80,AA Stacking,21.843000,0.041000
10.1021_acs.chemmater.3c01952,10.1021_acs.chemmater.3c01952-p003-f01,10.1021_acs.chemmater.3c01952-p003-f01-s02,AA Stacking,COF-C2-80,AA Stacking,21.863000,0.040900
10.1021_acs.chemmater.3c01952,10.1021_acs.chemmater.3c01952-p003-f01,10.1021_acs.chemmater.3c01952-p003-f01-s02,AA Stacking,COF-C2-80,AA Stacking,21.883000,0.040900
10.1021_acs.chemmater.3c01952,10.1021_acs.chemmater.3c01952-p003-f01,10.1021_acs.chemmater.3c01952-p003-f01-s02,AA Stacking,COF-C2-80,AA Stacking,21.903000,0.040900
10.1021_acs.chemmater.3c01952,10.1021_acs.chemmater.3c01952-p003-f01,10.1021_acs.chemmater.3c01952-p003-f01-s02,AA Stacking,COF-C2-80,AA Stacking,21.923000,0.040900
10.1021_acs.chemmater.3c01952,10.1021_acs.chemmater.3c01952-p003-f01,10.1021_acs.chemmater.3c01952-p003-f01-s02,AA Stacking,COF-C2-80,AA Stacking,21.943000,0.040900
10.1021_acs.chemmater.3c01952,10.1021_acs.chemmater.3c01952-p003-f01,10.1021_acs.chemmater.3c01952-p003-f01-s02,AA Stacking,COF-C2-80,AA Stacking,21.963000,0.040900
10.1021_acs.chemmater.3c01952,10.1021_acs.chemmater.3c01952-p003-f01,10.1021_acs.chemmater.3c01952-p003-f01-s02,AA Stacking,COF-C2-80,AA Stacking,21.983000,0.040900
10.1021_acs.chemmater.3c01952,10.1021_acs.chemmater.3c01952-p003-f01,10.1021_acs.chemmater.3c01952-p003-f01-s02,AA Stacking,COF-C2-80,AA Stacking,22.003000,0.040900
10.1021_acs.chemmater.3c01952,10.1021_acs.chemmater.3c01952-p003-f01,10.1021_acs.chemmater.3c01952-p003-f01-s02,AA Stacking,COF-C2-80,AA Stacking,22.023000,0.040900
10.1021_acs.chemmater.3c01952,10.1021_acs.chemmater.3c01952-p003-f01,10.1021_acs.chemmater.3c01952-p003-f01-s02,AA Stacking,COF-C2-80,AA Stacking,22.043000,0.040900
10.1021_acs.chemmater.3c01952,10.1021_acs.chemmater.3c01952-p003-f01,10.1021_acs.chemmater.3c01952-p003-f01-s02,AA Stacking,COF-C2-80,AA Stacking,22.063000,0.040800
10.1021_acs.chemmater.3c01952,10.1021_acs.chemmater.3c01952-p003-f01,10.1021_acs.chemmater.3c01952-p003-f01-s02,AA Stacking,COF-C2-80,AA Stacking,22.083000,0.040800
10.1021_acs.chemmater.3c01952,10.1021_acs.chemmater.3c01952-p003-f01,10.1021_acs.chemmater.3c01952-p003-f01-s02,AA Stacking,COF-C2-80,AA Stacking,22.103000,0.040800
10.1021_acs.chemmater.3c01952,10.1021_acs.chemmater.3c01952-p003-f01,10.1021_acs.chemmater.3c01952-p003-f01-s02,AA Stacking,COF-C2-80,AA Stacking,22.123000,0.040800
10.1021_acs.chemmater.3c01952,10.1021_acs.chemmater.3c01952-p003-f01,10.1021_acs.chemmater.3c01952-p003-f01-s02,AA Stacking,COF-C2-80,AA Stacking,22.143000,-0.052400
10.1021_acs.chemmater.3c01952,10.1021_acs.chemmater.3c01952-p003-f01,10.1021_acs.chemmater.3c01952-p003-f01-s02,AA Stacking,COF-C2-80,AA Stacking,22.163000,-0.093200
10.1021_acs.chemmater.3c01952,10.1021_acs.chemmater.3c01952-p003-f01,10.1021_acs.chemmater.3c01952-p003-f01-s02,AA Stacking,COF-C2-80,AA Stacking,22.183000,0.036800
10.1021_acs.chemmater.3c01952,10.1021_acs.chemmater.3c01952-p003-f01,10.1021_acs.chemmater.3c01952-p003-f01-s02,AA Stacking,COF-C2-80,AA Stacking,22.203000,0.259800
10.1021_acs.chemmater.3c01952,10.1021_acs.chemmater.3c01952-p003-f01,10.1021_acs.chemmater.3c01952-p003-f01-s02,AA Stacking,COF-C2-80,AA Stacking,22.223000,0.591900
10.1021_acs.chemmater.3c01952,10.1021_acs.chemmater.3c01952-p003-f01,10.1021_acs.chemmater.3c01952-p003-f01-s02,AA Stacking,COF-C2-80,AA Stacking,22.243000,1.020400
10.1021_acs.chemmater.3c01952,10.1021_acs.chemmater.3c01952-p003-f01,10.1021_acs.chemmater.3c01952-p003-f01-s02,AA Stacking,COF-C2-80,AA Stacking,22.263000,1.515600
10.1021_acs.chemmater.3c01952,10.1021_acs.chemmater.3c01952-p003-f01,10.1021_acs.chemmater.3c01952-p003-f01-s02,AA Stacking,COF-C2-80,AA Stacking,22.283000,1.955200
10.1021_acs.chemmater.3c01952,10.1021_acs.chemmater.3c01952-p003-f01,10.1021_acs.chemmater.3c01952-p003-f01-s02,AA Stacking,COF-C2-80,AA Stacking,22.303000,2.271200
10.1021_acs.chemmater.3c01952,10.1021_acs.chemmater.3c01952-p003-f01,10.1021_acs.chemmater.3c01952-p003-f01-s02,AA Stacking,COF-C2-80,AA Stacking,22.323000,2.441700
10.1021_acs.chemmater.3c01952,10.1021_acs.chemmater.3c01952-p003-f01,10.1021_acs.chemmater.3c01952-p003-f01-s02,AA Stacking,COF-C2-80,AA Stacking,22.343000,2.379400
10.1021_acs.chemmater.3c01952,10.1021_acs.chemmater.3c01952-p003-f01,10.1021_acs.chemmater.3c01952-p003-f01-s02,AA Stacking,COF-C2-80,AA Stacking,22.363000,2.244000
10.1021_acs.chemmater.3c01952,10.1021_acs.chemmater.3c01952-p003-f01,10.1021_acs.chemmater.3c01952-p003-f01-s02,AA Stacking,COF-C2-80,AA Stacking,22.383000,2.064200
10.1021_acs.chemmater.3c01952,10.1021_acs.chemmater.3c01952-p003-f01,10.1021_acs.chemmater.3c01952-p003-f01-s02,AA Stacking,COF-C2-80,AA Stacking,22.403000,1.728300
10.1021_acs.chemmater.3c01952,10.1021_acs.chemmater.3c01952-p003-f01,10.1021_acs.chemmater.3c01952-p003-f01-s02,AA Stacking,COF-C2-80,AA Stacking,22.423000,1.335800
10.1021_acs.chemmater.3c01952,10.1021_acs.chemmater.3c01952-p003-f01,10.1021_acs.chemmater.3c01952-p003-f01-s02,AA Stacking,COF-C2-80,AA Stacking,22.443000,0.944500
10.1021_acs.chemmater.3c01952,10.1021_acs.chemmater.3c01952-p003-f01,10.1021_acs.chemmater.3c01952-p003-f01-s02,AA Stacking,COF-C2-80,AA Stacking,22.463000,0.635500
10.1021_acs.chemmater.3c01952,10.1021_acs.chemmater.3c01952-p003-f01,10.1021_acs.chemmater.3c01952-p003-f01-s02,AA Stacking,COF-C2-80,AA Stacking,22.483000,0.407100
10.1021_acs.chemmater.3c01952,10.1021_acs.chemmater.3c01952-p003-f01,10.1021_acs.chemmater.3c01952-p003-f01-s02,AA Stacking,COF-C2-80,AA Stacking,22.503000,0.330600
10.1021_acs.chemmater.3c01952,10.1021_acs.chemmater.3c01952-p003-f01,10.1021_acs.chemmater.3c01952-p003-f01-s02,AA Stacking,COF-C2-80,AA Stacking,22.523000,0.486900
10.1021_acs.chemmater.3c01952,10.1021_acs.chemmater.3c01952-p003-f01,10.1021_acs.chemmater.3c01952-p003-f01-s02,AA Stacking,COF-C2-80,AA Stacking,22.543000,0.810400
10.1021_acs.chemmater.3c01952,10.1021_acs.chemmater.3c01952-p003-f01,10.1021_acs.chemmater.3c01952-p003-f01-s02,AA Stacking,COF-C2-80,AA Stacking,22.563000,1.211000
10.1021_acs.chemmater.3c01952,10.1021_acs.chemmater.3c01952-p003-f01,10.1021_acs.chemmater.3c01952-p003-f01-s02,AA Stacking,COF-C2-80,AA Stacking,22.583000,1.549600
10.1021_acs.chemmater.3c01952,10.1021_acs.chemmater.3c01952-p003-f01,10.1021_acs.chemmater.3c01952-p003-f01-s02,AA Stacking,COF-C2-80,AA Stacking,22.603000,1.805000
10.1021_acs.chemmater.3c01952,10.1021_acs.chemmater.3c01952-p003-f01,10.1021_acs.chemmater.3c01952-p003-f01-s02,AA Stacking,COF-C2-80,AA Stacking,22.623000,1.903000
10.1021_acs.chemmater.3c01952,10.1021_acs.chemmater.3c01952-p003-f01,10.1021_acs.chemmater.3c01952-p003-f01-s02,AA Stacking,COF-C2-80,AA Stacking,22.643000,1.761100
10.1021_acs.chemmater.3c01952,10.1021_acs.chemmater.3c01952-p003-f01,10.1021_acs.chemmater.3c01952-p003-f01-s02,AA Stacking,COF-C2-80,AA Stacking,22.663000,1.466800
10.1021_acs.chemmater.3c01952,10.1021_acs.chemmater.3c01952-p003-f01,10.1021_acs.chemmater.3c01952-p003-f01-s02,AA Stacking,COF-C2-80,AA Stacking,22.683000,1.084800
10.1021_acs.chemmater.3c01952,10.1021_acs.chemmater.3c01952-p003-f01,10.1021_acs.chemmater.3c01952-p003-f01-s02,AA Stacking,COF-C2-80,AA Stacking,22.703000,0.696900
10.1021_acs.chemmater.3c01952,10.1021_acs.chemmater.3c01952-p003-f01,10.1021_acs.chemmater.3c01952-p003-f01-s02,AA Stacking,COF-C2-80,AA Stacking,22.723000,0.389400
10.1021_acs.chemmater.3c01952,10.1021_acs.chemmater.3c01952-p003-f01,10.1021_acs.chemmater.3c01952-p003-f01-s02,AA Stacking,COF-C2-80,AA Stacking,22.743000,0.172100
10.1021_acs.chemmater.3c01952,10.1021_acs.chemmater.3c01952-p003-f01,10.1021_acs.chemmater.3c01952-p003-f01-s02,AA Stacking,COF-C2-80,AA Stacking,22.763000,0.030400
10.1021_acs.chemmater.3c01952,10.1021_acs.chemmater.3c01952-p003-f01,10.1021_acs.chemmater.3c01952-p003-f01-s02,AA Stacking,COF-C2-80,AA Stacking,22.783000,-0.050500
10.1021_acs.chemmater.3c01952,10.1021_acs.chemmater.3c01952-p003-f01,10.1021_acs.chemmater.3c01952-p003-f01-s02,AA Stacking,COF-C2-80,AA Stacking,22.803000,-0.011300
10.1021_acs.chemmater.3c01952,10.1021_acs.chemmater.3c01952-p003-f01,10.1021_acs.chemmater.3c01952-p003-f01-s02,AA Stacking,COF-C2-80,AA Stacking,22.823000,0.039300
10.1021_acs.chemmater.3c01952,10.1021_acs.chemmater.3c01952-p003-f01,10.1021_acs.chemmater.3c01952-p003-f01-s02,AA Stacking,COF-C2-80,AA Stacking,22.843000,0.039800
10.1021_acs.chemmater.3c01952,10.1021_acs.chemmater.3c01952-p003-f01,10.1021_acs.chemmater.3c01952-p003-f01-s02,AA Stacking,COF-C2-80,AA Stacking,22.863000,0.040400
10.1021_acs.chemmater.3c01952,10.1021_acs.chemmater.3c01952-p003-f01,10.1021_acs.chemmater.3c01952-p003-f01-s02,AA Stacking,COF-C2-80,AA Stacking,22.883000,0.040700
10.1021_acs.chemmater.3c01952,10.1021_acs.chemmater.3c01952-p003-f01,10.1021_acs.chemmater.3c01952-p003-f01-s02,AA Stacking,COF-C2-80,AA Stacking,22.903000,0.040700
10.1021_acs.chemmater.3c01952,10.1021_acs.chemmater.3c01952-p003-f01,10.1021_acs.chemmater.3c01952-p003-f01-s02,AA Stacking,COF-C2-80,AA Stacking,22.923000,0.040700
10.1021_acs.chemmater.3c01952,10.1021_acs.chemmater.3c01952-p003-f01,10.1021_acs.chemmater.3c01952-p003-f01-s02,AA Stacking,COF-C2-80,AA Stacking,22.943000,0.040700
10.1021_acs.chemmater.3c01952,10.1021_acs.chemmater.3c01952-p003-f01,10.1021_acs.chemmater.3c01952-p003-f01-s02,AA Stacking,COF-C2-80,AA Stacking,22.963000,0.040700
10.1021_acs.chemmater.3c01952,10.1021_acs.chemmater.3c01952-p003-f01,10.1021_acs.chemmater.3c01952-p003-f01-s02,AA Stacking,COF-C2-80,AA Stacking,22.983000,0.040700
10.1021_acs.chemmater.3c01952,10.1021_acs.chemmater.3c01952-p003-f01,10.1021_acs.chemmater.3c01952-p003-f01-s02,AA Stacking,COF-C2-80,AA Stacking,23.003000,0.040700
10.1021_acs.chemmater.3c01952,10.1021_acs.chemmater.3c01952-p003-f01,10.1021_acs.chemmater.3c01952-p003-f01-s02,AA Stacking,COF-C2-80,AA Stacking,23.023000,0.040700
10.1021_acs.chemmater.3c01952,10.1021_acs.chemmater.3c01952-p003-f01,10.1021_acs.chemmater.3c01952-p003-f01-s02,AA Stacking,COF-C2-80,AA Stacking,23.043000,0.040400
10.1021_acs.chemmater.3c01952,10.1021_acs.chemmater.3c01952-p003-f01,10.1021_acs.chemmater.3c01952-p003-f01-s02,AA Stacking,COF-C2-80,AA Stacking,23.063000,0.016800
10.1021_acs.chemmater.3c01952,10.1021_acs.chemmater.3c01952-p003-f01,10.1021_acs.chemmater.3c01952-p003-f01-s02,AA Stacking,COF-C2-80,AA Stacking,23.083000,-0.000600
10.1021_acs.chemmater.3c01952,10.1021_acs.chemmater.3c01952-p003-f01,10.1021_acs.chemmater.3c01952-p003-f01-s02,AA Stacking,COF-C2-80,AA Stacking,23.103000,0.070100
10.1021_acs.chemmater.3c01952,10.1021_acs.chemmater.3c01952-p003-f01,10.1021_acs.chemmater.3c01952-p003-f01-s02,AA Stacking,COF-C2-80,AA Stacking,23.123000,0.144600
10.1021_acs.chemmater.3c01952,10.1021_acs.chemmater.3c01952-p003-f01,10.1021_acs.chemmater.3c01952-p003-f01-s02,AA Stacking,COF-C2-80,AA Stacking,23.143000,0.199700
10.1021_acs.chemmater.3c01952,10.1021_acs.chemmater.3c01952-p003-f01,10.1021_acs.chemmater.3c01952-p003-f01-s02,AA Stacking,COF-C2-80,AA Stacking,23.163000,0.235700
10.1021_acs.chemmater.3c01952,10.1021_acs.chemmater.3c01952-p003-f01,10.1021_acs.chemmater.3c01952-p003-f01-s02,AA Stacking,COF-C2-80,AA Stacking,23.183000,0.252400
10.1021_acs.chemmater.3c01952,10.1021_acs.chemmater.3c01952-p003-f01,10.1021_acs.chemmater.3c01952-p003-f01-s02,AA Stacking,COF-C2-80,AA Stacking,23.203000,0.249300
10.1021_acs.chemmater.3c01952,10.1021_acs.chemmater.3c01952-p003-f01,10.1021_acs.chemmater.3c01952-p003-f01-s02,AA Stacking,COF-C2-80,AA Stacking,23.223000,0.225800
10.1021_acs.chemmater.3c01952,10.1021_acs.chemmater.3c01952-p003-f01,10.1021_acs.chemmater.3c01952-p003-f01-s02,AA Stacking,COF-C2-80,AA Stacking,23.243000,0.180700
10.1021_acs.chemmater.3c01952,10.1021_acs.chemmater.3c01952-p003-f01,10.1021_acs.chemmater.3c01952-p003-f01-s02,AA Stacking,COF-C2-80,AA Stacking,23.263000,0.113500
10.1021_acs.chemmater.3c01952,10.1021_acs.chemmater.3c01952-p003-f01,10.1021_acs.chemmater.3c01952-p003-f01-s02,AA Stacking,COF-C2-80,AA Stacking,23.283000,0.082300
10.1021_acs.chemmater.3c01952,10.1021_acs.chemmater.3c01952-p003-f01,10.1021_acs.chemmater.3c01952-p003-f01-s02,AA Stacking,COF-C2-80,AA Stacking,23.303000,0.128000
10.1021_acs.chemmater.3c01952,10.1021_acs.chemmater.3c01952-p003-f01,10.1021_acs.chemmater.3c01952-p003-f01-s02,AA Stacking,COF-C2-80,AA Stacking,23.323000,0.128100
10.1021_acs.chemmater.3c01952,10.1021_acs.chemmater.3c01952-p003-f01,10.1021_acs.chemmater.3c01952-p003-f01-s02,AA Stacking,COF-C2-80,AA Stacking,23.343000,0.118100
10.1021_acs.chemmater.3c01952,10.1021_acs.chemmater.3c01952-p003-f01,10.1021_acs.chemmater.3c01952-p003-f01-s02,AA Stacking,COF-C2-80,AA Stacking,23.363000,0.162800
10.1021_acs.chemmater.3c01952,10.1021_acs.chemmater.3c01952-p003-f01,10.1021_acs.chemmater.3c01952-p003-f01-s02,AA Stacking,COF-C2-80,AA Stacking,23.383000,0.247000
10.1021_acs.chemmater.3c01952,10.1021_acs.chemmater.3c01952-p003-f01,10.1021_acs.chemmater.3c01952-p003-f01-s02,AA Stacking,COF-C2-80,AA Stacking,23.403000,0.356100
10.1021_acs.chemmater.3c01952,10.1021_acs.chemmater.3c01952-p003-f01,10.1021_acs.chemmater.3c01952-p003-f01-s02,AA Stacking,COF-C2-80,AA Stacking,23.423000,0.475600
10.1021_acs.chemmater.3c01952,10.1021_acs.chemmater.3c01952-p003-f01,10.1021_acs.chemmater.3c01952-p003-f01-s02,AA Stacking,COF-C2-80,AA Stacking,23.443000,0.622400
10.1021_acs.chemmater.3c01952,10.1021_acs.chemmater.3c01952-p003-f01,10.1021_acs.chemmater.3c01952-p003-f01-s02,AA Stacking,COF-C2-80,AA Stacking,23.463000,0.735600
10.1021_acs.chemmater.3c01952,10.1021_acs.chemmater.3c01952-p003-f01,10.1021_acs.chemmater.3c01952-p003-f01-s02,AA Stacking,COF-C2-80,AA Stacking,23.483000,0.763300
10.1021_acs.chemmater.3c01952,10.1021_acs.chemmater.3c01952-p003-f01,10.1021_acs.chemmater.3c01952-p003-f01-s02,AA Stacking,COF-C2-80,AA Stacking,23.503000,0.707300
10.1021_acs.chemmater.3c01952,10.1021_acs.chemmater.3c01952-p003-f01,10.1021_acs.chemmater.3c01952-p003-f01-s02,AA Stacking,COF-C2-80,AA Stacking,23.523000,0.569300
10.1021_acs.chemmater.3c01952,10.1021_acs.chemmater.3c01952-p003-f01,10.1021_acs.chemmater.3c01952-p003-f01-s02,AA Stacking,COF-C2-80,AA Stacking,23.543000,0.405000
10.1021_acs.chemmater.3c01952,10.1021_acs.chemmater.3c01952-p003-f01,10.1021_acs.chemmater.3c01952-p003-f01-s02,AA Stacking,COF-C2-80,AA Stacking,23.563000,0.268400
10.1021_acs.chemmater.3c01952,10.1021_acs.chemmater.3c01952-p003-f01,10.1021_acs.chemmater.3c01952-p003-f01-s02,AA Stacking,COF-C2-80,AA Stacking,23.583000,0.147000
10.1021_acs.chemmater.3c01952,10.1021_acs.chemmater.3c01952-p003-f01,10.1021_acs.chemmater.3c01952-p003-f01-s02,AA Stacking,COF-C2-80,AA Stacking,23.603000,0.056300
10.1021_acs.chemmater.3c01952,10.1021_acs.chemmater.3c01952-p003-f01,10.1021_acs.chemmater.3c01952-p003-f01-s02,AA Stacking,COF-C2-80,AA Stacking,23.623000,0.011600
10.1021_acs.chemmater.3c01952,10.1021_acs.chemmater.3c01952-p003-f01,10.1021_acs.chemmater.3c01952-p003-f01-s02,AA Stacking,COF-C2-80,AA Stacking,23.643000,0.028000
10.1021_acs.chemmater.3c01952,10.1021_acs.chemmater.3c01952-p003-f01,10.1021_acs.chemmater.3c01952-p003-f01-s02,AA Stacking,COF-C2-80,AA Stacking,23.663000,0.043100
10.1021_acs.chemmater.3c01952,10.1021_acs.chemmater.3c01952-p003-f01,10.1021_acs.chemmater.3c01952-p003-f01-s02,AA Stacking,COF-C2-80,AA Stacking,23.683000,0.040000
10.1021_acs.chemmater.3c01952,10.1021_acs.chemmater.3c01952-p003-f01,10.1021_acs.chemmater.3c01952-p003-f01-s02,AA Stacking,COF-C2-80,AA Stacking,23.703000,0.039100
10.1021_acs.chemmater.3c01952,10.1021_acs.chemmater.3c01952-p003-f01,10.1021_acs.chemmater.3c01952-p003-f01-s02,AA Stacking,COF-C2-80,AA Stacking,23.723000,0.039700
10.1021_acs.chemmater.3c01952,10.1021_acs.chemmater.3c01952-p003-f01,10.1021_acs.chemmater.3c01952-p003-f01-s02,AA Stacking,COF-C2-80,AA Stacking,23.743000,0.040700
10.1021_acs.chemmater.3c01952,10.1021_acs.chemmater.3c01952-p003-f01,10.1021_acs.chemmater.3c01952-p003-f01-s02,AA Stacking,COF-C2-80,AA Stacking,23.763000,0.040900
10.1021_acs.chemmater.3c01952,10.1021_acs.chemmater.3c01952-p003-f01,10.1021_acs.chemmater.3c01952-p003-f01-s02,AA Stacking,COF-C2-80,AA Stacking,23.783000,0.041000
10.1021_acs.chemmater.3c01952,10.1021_acs.chemmater.3c01952-p003-f01,10.1021_acs.chemmater.3c01952-p003-f01-s02,AA Stacking,COF-C2-80,AA Stacking,23.803000,0.041000
10.1021_acs.chemmater.3c01952,10.1021_acs.chemmater.3c01952-p003-f01,10.1021_acs.chemmater.3c01952-p003-f01-s02,AA Stacking,COF-C2-80,AA Stacking,23.823000,0.041000
10.1021_acs.chemmater.3c01952,10.1021_acs.chemmater.3c01952-p003-f01,10.1021_acs.chemmater.3c01952-p003-f01-s02,AA Stacking,COF-C2-80,AA Stacking,23.843000,0.041000
10.1021_acs.chemmater.3c01952,10.1021_acs.chemmater.3c01952-p003-f01,10.1021_acs.chemmater.3c01952-p003-f01-s02,AA Stacking,COF-C2-80,AA Stacking,23.863000,0.041000
10.1021_acs.chemmater.3c01952,10.1021_acs.chemmater.3c01952-p003-f01,10.1021_acs.chemmater.3c01952-p003-f01-s02,AA Stacking,COF-C2-80,AA Stacking,23.883000,0.041000
10.1021_acs.chemmater.3c01952,10.1021_acs.chemmater.3c01952-p003-f01,10.1021_acs.chemmater.3c01952-p003-f01-s02,AA Stacking,COF-C2-80,AA Stacking,23.903000,0.041000
10.1021_acs.chemmater.3c01952,10.1021_acs.chemmater.3c01952-p003-f01,10.1021_acs.chemmater.3c01952-p003-f01-s02,AA Stacking,COF-C2-80,AA Stacking,23.923000,0.041000
10.1021_acs.chemmater.3c01952,10.1021_acs.chemmater.3c01952-p003-f01,10.1021_acs.chemmater.3c01952-p003-f01-s02,AA Stacking,COF-C2-80,AA Stacking,23.943000,0.041000
10.1021_acs.chemmater.3c01952,10.1021_acs.chemmater.3c01952-p003-f01,10.1021_acs.chemmater.3c01952-p003-f01-s02,AA Stacking,COF-C2-80,AA Stacking,23.963000,0.041100
10.1021_acs.chemmater.3c01952,10.1021_acs.chemmater.3c01952-p003-f01,10.1021_acs.chemmater.3c01952-p003-f01-s02,AA Stacking,COF-C2-80,AA Stacking,23.983000,0.041100
10.1021_acs.chemmater.3c01952,10.1021_acs.chemmater.3c01952-p003-f01,10.1021_acs.chemmater.3c01952-p003-f01-s02,AA Stacking,COF-C2-80,AA Stacking,24.003000,0.041100
10.1021_acs.chemmater.3c01952,10.1021_acs.chemmater.3c01952-p003-f01,10.1021_acs.chemmater.3c01952-p003-f01-s02,AA Stacking,COF-C2-80,AA Stacking,24.023000,0.041100
10.1021_acs.chemmater.3c01952,10.1021_acs.chemmater.3c01952-p003-f01,10.1021_acs.chemmater.3c01952-p003-f01-s02,AA Stacking,COF-C2-80,AA Stacking,24.043000,0.041100
10.1021_acs.chemmater.3c01952,10.1021_acs.chemmater.3c01952-p003-f01,10.1021_acs.chemmater.3c01952-p003-f01-s02,AA Stacking,COF-C2-80,AA Stacking,24.063000,0.041100
10.1021_acs.chemmater.3c01952,10.1021_acs.chemmater.3c01952-p003-f01,10.1021_acs.chemmater.3c01952-p003-f01-s02,AA Stacking,COF-C2-80,AA Stacking,24.083000,0.041100
10.1021_acs.chemmater.3c01952,10.1021_acs.chemmater.3c01952-p003-f01,10.1021_acs.chemmater.3c01952-p003-f01-s02,AA Stacking,COF-C2-80,AA Stacking,24.103000,0.018000
10.1021_acs.chemmater.3c01952,10.1021_acs.chemmater.3c01952-p003-f01,10.1021_acs.chemmater.3c01952-p003-f01-s02,AA Stacking,COF-C2-80,AA Stacking,24.123000,-0.006000
10.1021_acs.chemmater.3c01952,10.1021_acs.chemmater.3c01952-p003-f01,10.1021_acs.chemmater.3c01952-p003-f01-s02,AA Stacking,COF-C2-80,AA Stacking,24.143000,0.029700
10.1021_acs.chemmater.3c01952,10.1021_acs.chemmater.3c01952-p003-f01,10.1021_acs.chemmater.3c01952-p003-f01-s02,AA Stacking,COF-C2-80,AA Stacking,24.163000,0.110400
10.1021_acs.chemmater.3c01952,10.1021_acs.chemmater.3c01952-p003-f01,10.1021_acs.chemmater.3c01952-p003-f01-s02,AA Stacking,COF-C2-80,AA Stacking,24.183000,0.221400
10.1021_acs.chemmater.3c01952,10.1021_acs.chemmater.3c01952-p003-f01,10.1021_acs.chemmater.3c01952-p003-f01-s02,AA Stacking,COF-C2-80,AA Stacking,24.203000,0.348000
10.1021_acs.chemmater.3c01952,10.1021_acs.chemmater.3c01952-p003-f01,10.1021_acs.chemmater.3c01952-p003-f01-s02,AA Stacking,COF-C2-80,AA Stacking,24.223000,0.475500
10.1021_acs.chemmater.3c01952,10.1021_acs.chemmater.3c01952-p003-f01,10.1021_acs.chemmater.3c01952-p003-f01-s02,AA Stacking,COF-C2-80,AA Stacking,24.243000,0.589200
10.1021_acs.chemmater.3c01952,10.1021_acs.chemmater.3c01952-p003-f01,10.1021_acs.chemmater.3c01952-p003-f01-s02,AA Stacking,COF-C2-80,AA Stacking,24.263000,0.674500
10.1021_acs.chemmater.3c01952,10.1021_acs.chemmater.3c01952-p003-f01,10.1021_acs.chemmater.3c01952-p003-f01-s02,AA Stacking,COF-C2-80,AA Stacking,24.283000,0.752000
10.1021_acs.chemmater.3c01952,10.1021_acs.chemmater.3c01952-p003-f01,10.1021_acs.chemmater.3c01952-p003-f01-s02,AA Stacking,COF-C2-80,AA Stacking,24.303000,0.745100
10.1021_acs.chemmater.3c01952,10.1021_acs.chemmater.3c01952-p003-f01,10.1021_acs.chemmater.3c01952-p003-f01-s02,AA Stacking,COF-C2-80,AA Stacking,24.323000,0.667800
10.1021_acs.chemmater.3c01952,10.1021_acs.chemmater.3c01952-p003-f01,10.1021_acs.chemmater.3c01952-p003-f01-s02,AA Stacking,COF-C2-80,AA Stacking,24.343000,0.578700
10.1021_acs.chemmater.3c01952,10.1021_acs.chemmater.3c01952-p003-f01,10.1021_acs.chemmater.3c01952-p003-f01-s02,AA Stacking,COF-C2-80,AA Stacking,24.363000,0.462700
10.1021_acs.chemmater.3c01952,10.1021_acs.chemmater.3c01952-p003-f01,10.1021_acs.chemmater.3c01952-p003-f01-s02,AA Stacking,COF-C2-80,AA Stacking,24.383000,0.334500
10.1021_acs.chemmater.3c01952,10.1021_acs.chemmater.3c01952-p003-f01,10.1021_acs.chemmater.3c01952-p003-f01-s02,AA Stacking,COF-C2-80,AA Stacking,24.403000,0.208700
10.1021_acs.chemmater.3c01952,10.1021_acs.chemmater.3c01952-p003-f01,10.1021_acs.chemmater.3c01952-p003-f01-s02,AA Stacking,COF-C2-80,AA Stacking,24.423000,0.100000
10.1021_acs.chemmater.3c01952,10.1021_acs.chemmater.3c01952-p003-f01,10.1021_acs.chemmater.3c01952-p003-f01-s02,AA Stacking,COF-C2-80,AA Stacking,24.443000,0.023200
10.1021_acs.chemmater.3c01952,10.1021_acs.chemmater.3c01952-p003-f01,10.1021_acs.chemmater.3c01952-p003-f01-s02,AA Stacking,COF-C2-80,AA Stacking,24.463000,-0.007100
10.1021_acs.chemmater.3c01952,10.1021_acs.chemmater.3c01952-p003-f01,10.1021_acs.chemmater.3c01952-p003-f01-s02,AA Stacking,COF-C2-80,AA Stacking,24.483000,0.023800
10.1021_acs.chemmater.3c01952,10.1021_acs.chemmater.3c01952-p003-f01,10.1021_acs.chemmater.3c01952-p003-f01-s02,AA Stacking,COF-C2-80,AA Stacking,24.503000,0.041400
10.1021_acs.chemmater.3c01952,10.1021_acs.chemmater.3c01952-p003-f01,10.1021_acs.chemmater.3c01952-p003-f01-s02,AA Stacking,COF-C2-80,AA Stacking,24.523000,0.041400
10.1021_acs.chemmater.3c01952,10.1021_acs.chemmater.3c01952-p003-f01,10.1021_acs.chemmater.3c01952-p003-f01-s02,AA Stacking,COF-C2-80,AA Stacking,24.543000,0.041400
10.1021_acs.chemmater.3c01952,10.1021_acs.chemmater.3c01952-p003-f01,10.1021_acs.chemmater.3c01952-p003-f01-s02,AA Stacking,COF-C2-80,AA Stacking,24.563000,0.041400
10.1021_acs.chemmater.3c01952,10.1021_acs.chemmater.3c01952-p003-f01,10.1021_acs.chemmater.3c01952-p003-f01-s02,AA Stacking,COF-C2-80,AA Stacking,24.583000,0.041500
10.1021_acs.chemmater.3c01952,10.1021_acs.chemmater.3c01952-p003-f01,10.1021_acs.chemmater.3c01952-p003-f01-s02,AA Stacking,COF-C2-80,AA Stacking,24.603000,0.041500
10.1021_acs.chemmater.3c01952,10.1021_acs.chemmater.3c01952-p003-f01,10.1021_acs.chemmater.3c01952-p003-f01-s02,AA Stacking,COF-C2-80,AA Stacking,24.623000,0.041500
10.1021_acs.chemmater.3c01952,10.1021_acs.chemmater.3c01952-p003-f01,10.1021_acs.chemmater.3c01952-p003-f01-s02,AA Stacking,COF-C2-80,AA Stacking,24.643000,0.041500
10.1021_acs.chemmater.3c01952,10.1021_acs.chemmater.3c01952-p003-f01,10.1021_acs.chemmater.3c01952-p003-f01-s02,AA Stacking,COF-C2-80,AA Stacking,24.663000,0.041500
10.1021_acs.chemmater.3c01952,10.1021_acs.chemmater.3c01952-p003-f01,10.1021_acs.chemmater.3c01952-p003-f01-s02,AA Stacking,COF-C2-80,AA Stacking,24.683000,0.041500
10.1021_acs.chemmater.3c01952,10.1021_acs.chemmater.3c01952-p003-f01,10.1021_acs.chemmater.3c01952-p003-f01-s02,AA Stacking,COF-C2-80,AA Stacking,24.703000,0.041500
10.1021_acs.chemmater.3c01952,10.1021_acs.chemmater.3c01952-p003-f01,10.1021_acs.chemmater.3c01952-p003-f01-s02,AA Stacking,COF-C2-80,AA Stacking,24.723000,0.041500
10.1021_acs.chemmater.3c01952,10.1021_acs.chemmater.3c01952-p003-f01,10.1021_acs.chemmater.3c01952-p003-f01-s02,AA Stacking,COF-C2-80,AA Stacking,24.743000,0.041600
10.1021_acs.chemmater.3c01952,10.1021_acs.chemmater.3c01952-p003-f01,10.1021_acs.chemmater.3c01952-p003-f01-s02,AA Stacking,COF-C2-80,AA Stacking,24.763000,0.041600
10.1021_acs.chemmater.3c01952,10.1021_acs.chemmater.3c01952-p003-f01,10.1021_acs.chemmater.3c01952-p003-f01-s02,AA Stacking,COF-C2-80,AA Stacking,24.783000,0.041600
10.1021_acs.chemmater.3c01952,10.1021_acs.chemmater.3c01952-p003-f01,10.1021_acs.chemmater.3c01952-p003-f01-s02,AA Stacking,COF-C2-80,AA Stacking,24.803000,0.041600
10.1021_acs.chemmater.3c01952,10.1021_acs.chemmater.3c01952-p003-f01,10.1021_acs.chemmater.3c01952-p003-f01-s02,AA Stacking,COF-C2-80,AA Stacking,24.823000,0.041600
10.1021_acs.chemmater.3c01952,10.1021_acs.chemmater.3c01952-p003-f01,10.1021_acs.chemmater.3c01952-p003-f01-s02,AA Stacking,COF-C2-80,AA Stacking,24.843000,0.041600
10.1021_acs.chemmater.3c01952,10.1021_acs.chemmater.3c01952-p003-f01,10.1021_acs.chemmater.3c01952-p003-f01-s02,AA Stacking,COF-C2-80,AA Stacking,24.863000,0.041700
10.1021_acs.chemmater.3c01952,10.1021_acs.chemmater.3c01952-p003-f01,10.1021_acs.chemmater.3c01952-p003-f01-s02,AA Stacking,COF-C2-80,AA Stacking,24.883000,0.041700
10.1021_acs.chemmater.3c01952,10.1021_acs.chemmater.3c01952-p003-f01,10.1021_acs.chemmater.3c01952-p003-f01-s02,AA Stacking,COF-C2-80,AA Stacking,24.903000,0.041700
10.1021_acs.chemmater.3c01952,10.1021_acs.chemmater.3c01952-p003-f01,10.1021_acs.chemmater.3c01952-p003-f01-s02,AA Stacking,COF-C2-80,AA Stacking,24.923000,0.041700
10.1021_acs.chemmater.3c01952,10.1021_acs.chemmater.3c01952-p003-f01,10.1021_acs.chemmater.3c01952-p003-f01-s02,AA Stacking,COF-C2-80,AA Stacking,24.943000,0.041700
10.1021_acs.chemmater.3c01952,10.1021_acs.chemmater.3c01952-p003-f01,10.1021_acs.chemmater.3c01952-p003-f01-s02,AA Stacking,COF-C2-80,AA Stacking,24.963000,0.041700
10.1021_acs.chemmater.3c01952,10.1021_acs.chemmater.3c01952-p003-f01,10.1021_acs.chemmater.3c01952-p003-f01-s02,AA Stacking,COF-C2-80,AA Stacking,24.983000,0.041700
10.1021_acs.chemmater.3c01952,10.1021_acs.chemmater.3c01952-p003-f01,10.1021_acs.chemmater.3c01952-p003-f01-s02,AA Stacking,COF-C2-80,AA Stacking,25.003000,0.041800
10.1021_acs.chemmater.3c01952,10.1021_acs.chemmater.3c01952-p003-f01,10.1021_acs.chemmater.3c01952-p003-f01-s02,AA Stacking,COF-C2-80,AA Stacking,25.023000,0.041800
10.1021_acs.chemmater.3c01952,10.1021_acs.chemmater.3c01952-p003-f01,10.1021_acs.chemmater.3c01952-p003-f01-s02,AA Stacking,COF-C2-80,AA Stacking,25.043000,0.041800
10.1021_acs.chemmater.3c01952,10.1021_acs.chemmater.3c01952-p003-f01,10.1021_acs.chemmater.3c01952-p003-f01-s02,AA Stacking,COF-C2-80,AA Stacking,25.063000,0.041800
10.1021_acs.chemmater.3c01952,10.1021_acs.chemmater.3c01952-p003-f01,10.1021_acs.chemmater.3c01952-p003-f01-s02,AA Stacking,COF-C2-80,AA Stacking,25.083000,0.041800
10.1021_acs.chemmater.3c01952,10.1021_acs.chemmater.3c01952-p003-f01,10.1021_acs.chemmater.3c01952-p003-f01-s02,AA Stacking,COF-C2-80,AA Stacking,25.103000,0.041800
10.1021_acs.chemmater.3c01952,10.1021_acs.chemmater.3c01952-p003-f01,10.1021_acs.chemmater.3c01952-p003-f01-s02,AA Stacking,COF-C2-80,AA Stacking,25.123000,0.041800
10.1021_acs.chemmater.3c01952,10.1021_acs.chemmater.3c01952-p003-f01,10.1021_acs.chemmater.3c01952-p003-f01-s02,AA Stacking,COF-C2-80,AA Stacking,25.143000,0.041900
10.1021_acs.chemmater.3c01952,10.1021_acs.chemmater.3c01952-p003-f01,10.1021_acs.chemmater.3c01952-p003-f01-s02,AA Stacking,COF-C2-80,AA Stacking,25.163000,0.041900
10.1021_acs.chemmater.3c01952,10.1021_acs.chemmater.3c01952-p003-f01,10.1021_acs.chemmater.3c01952-p003-f01-s02,AA Stacking,COF-C2-80,AA Stacking,25.183000,0.041900
10.1021_acs.chemmater.3c01952,10.1021_acs.chemmater.3c01952-p003-f01,10.1021_acs.chemmater.3c01952-p003-f01-s02,AA Stacking,COF-C2-80,AA Stacking,25.203000,0.041900
10.1021_acs.chemmater.3c01952,10.1021_acs.chemmater.3c01952-p003-f01,10.1021_acs.chemmater.3c01952-p003-f01-s02,AA Stacking,COF-C2-80,AA Stacking,25.223000,0.041900
10.1021_acs.chemmater.3c01952,10.1021_acs.chemmater.3c01952-p003-f01,10.1021_acs.chemmater.3c01952-p003-f01-s02,AA Stacking,COF-C2-80,AA Stacking,25.243000,0.041900
10.1021_acs.chemmater.3c01952,10.1021_acs.chemmater.3c01952-p003-f01,10.1021_acs.chemmater.3c01952-p003-f01-s02,AA Stacking,COF-C2-80,AA Stacking,25.263000,0.041900
10.1021_acs.chemmater.3c01952,10.1021_acs.chemmater.3c01952-p003-f01,10.1021_acs.chemmater.3c01952-p003-f01-s02,AA Stacking,COF-C2-80,AA Stacking,25.283000,0.042000
10.1021_acs.chemmater.3c01952,10.1021_acs.chemmater.3c01952-p003-f01,10.1021_acs.chemmater.3c01952-p003-f01-s02,AA Stacking,COF-C2-80,AA Stacking,25.303000,0.042000
10.1021_acs.chemmater.3c01952,10.1021_acs.chemmater.3c01952-p003-f01,10.1021_acs.chemmater.3c01952-p003-f01-s02,AA Stacking,COF-C2-80,AA Stacking,25.323000,0.042000
10.1021_acs.chemmater.3c01952,10.1021_acs.chemmater.3c01952-p003-f01,10.1021_acs.chemmater.3c01952-p003-f01-s02,AA Stacking,COF-C2-80,AA Stacking,25.343000,0.042000
10.1021_acs.chemmater.3c01952,10.1021_acs.chemmater.3c01952-p003-f01,10.1021_acs.chemmater.3c01952-p003-f01-s02,AA Stacking,COF-C2-80,AA Stacking,25.363000,0.042000
10.1021_acs.chemmater.3c01952,10.1021_acs.chemmater.3c01952-p003-f01,10.1021_acs.chemmater.3c01952-p003-f01-s02,AA Stacking,COF-C2-80,AA Stacking,25.383000,0.042000
10.1021_acs.chemmater.3c01952,10.1021_acs.chemmater.3c01952-p003-f01,10.1021_acs.chemmater.3c01952-p003-f01-s02,AA Stacking,COF-C2-80,AA Stacking,25.403000,0.042000
10.1021_acs.chemmater.3c01952,10.1021_acs.chemmater.3c01952-p003-f01,10.1021_acs.chemmater.3c01952-p003-f01-s02,AA Stacking,COF-C2-80,AA Stacking,25.423000,0.042100
10.1021_acs.chemmater.3c01952,10.1021_acs.chemmater.3c01952-p003-f01,10.1021_acs.chemmater.3c01952-p003-f01-s02,AA Stacking,COF-C2-80,AA Stacking,25.443000,0.042100
10.1021_acs.chemmater.3c01952,10.1021_acs.chemmater.3c01952-p003-f01,10.1021_acs.chemmater.3c01952-p003-f01-s02,AA Stacking,COF-C2-80,AA Stacking,25.463000,0.042100
10.1021_acs.chemmater.3c01952,10.1021_acs.chemmater.3c01952-p003-f01,10.1021_acs.chemmater.3c01952-p003-f01-s02,AA Stacking,COF-C2-80,AA Stacking,25.483000,0.042100
10.1021_acs.chemmater.3c01952,10.1021_acs.chemmater.3c01952-p003-f01,10.1021_acs.chemmater.3c01952-p003-f01-s02,AA Stacking,COF-C2-80,AA Stacking,25.503000,0.042100
10.1021_acs.chemmater.3c01952,10.1021_acs.chemmater.3c01952-p003-f01,10.1021_acs.chemmater.3c01952-p003-f01-s02,AA Stacking,COF-C2-80,AA Stacking,25.523000,0.042100
10.1021_acs.chemmater.3c01952,10.1021_acs.chemmater.3c01952-p003-f01,10.1021_acs.chemmater.3c01952-p003-f01-s02,AA Stacking,COF-C2-80,AA Stacking,25.543000,0.042100
10.1021_acs.chemmater.3c01952,10.1021_acs.chemmater.3c01952-p003-f01,10.1021_acs.chemmater.3c01952-p003-f01-s02,AA Stacking,COF-C2-80,AA Stacking,25.563000,0.042200
10.1021_acs.chemmater.3c01952,10.1021_acs.chemmater.3c01952-p003-f01,10.1021_acs.chemmater.3c01952-p003-f01-s02,AA Stacking,COF-C2-80,AA Stacking,25.583000,0.042200
10.1021_acs.chemmater.3c01952,10.1021_acs.chemmater.3c01952-p003-f01,10.1021_acs.chemmater.3c01952-p003-f01-s02,AA Stacking,COF-C2-80,AA Stacking,25.603000,0.042200
10.1021_acs.chemmater.3c01952,10.1021_acs.chemmater.3c01952-p003-f01,10.1021_acs.chemmater.3c01952-p003-f01-s02,AA Stacking,COF-C2-80,AA Stacking,25.623000,0.042200
10.1021_acs.chemmater.3c01952,10.1021_acs.chemmater.3c01952-p003-f01,10.1021_acs.chemmater.3c01952-p003-f01-s02,AA Stacking,COF-C2-80,AA Stacking,25.643000,0.042200
10.1021_acs.chemmater.3c01952,10.1021_acs.chemmater.3c01952-p003-f01,10.1021_acs.chemmater.3c01952-p003-f01-s02,AA Stacking,COF-C2-80,AA Stacking,25.663000,0.042200
10.1021_acs.chemmater.3c01952,10.1021_acs.chemmater.3c01952-p003-f01,10.1021_acs.chemmater.3c01952-p003-f01-s02,AA Stacking,COF-C2-80,AA Stacking,25.683000,0.042200
10.1021_acs.chemmater.3c01952,10.1021_acs.chemmater.3c01952-p003-f01,10.1021_acs.chemmater.3c01952-p003-f01-s02,AA Stacking,COF-C2-80,AA Stacking,25.703000,0.042300
10.1021_acs.chemmater.3c01952,10.1021_acs.chemmater.3c01952-p003-f01,10.1021_acs.chemmater.3c01952-p003-f01-s02,AA Stacking,COF-C2-80,AA Stacking,25.723000,0.042300
10.1021_acs.chemmater.3c01952,10.1021_acs.chemmater.3c01952-p003-f01,10.1021_acs.chemmater.3c01952-p003-f01-s02,AA Stacking,COF-C2-80,AA Stacking,25.743000,0.042300
10.1021_acs.chemmater.3c01952,10.1021_acs.chemmater.3c01952-p003-f01,10.1021_acs.chemmater.3c01952-p003-f01-s02,AA Stacking,COF-C2-80,AA Stacking,25.763000,0.042300
10.1021_acs.chemmater.3c01952,10.1021_acs.chemmater.3c01952-p003-f01,10.1021_acs.chemmater.3c01952-p003-f01-s02,AA Stacking,COF-C2-80,AA Stacking,25.783000,0.042300
10.1021_acs.chemmater.3c01952,10.1021_acs.chemmater.3c01952-p003-f01,10.1021_acs.chemmater.3c01952-p003-f01-s02,AA Stacking,COF-C2-80,AA Stacking,25.803000,0.042300
10.1021_acs.chemmater.3c01952,10.1021_acs.chemmater.3c01952-p003-f01,10.1021_acs.chemmater.3c01952-p003-f01-s02,AA Stacking,COF-C2-80,AA Stacking,25.823000,0.042300
10.1021_acs.chemmater.3c01952,10.1021_acs.chemmater.3c01952-p003-f01,10.1021_acs.chemmater.3c01952-p003-f01-s02,AA Stacking,COF-C2-80,AA Stacking,25.843000,0.042400
10.1021_acs.chemmater.3c01952,10.1021_acs.chemmater.3c01952-p003-f01,10.1021_acs.chemmater.3c01952-p003-f01-s02,AA Stacking,COF-C2-80,AA Stacking,25.863000,0.042400
10.1021_acs.chemmater.3c01952,10.1021_acs.chemmater.3c01952-p003-f01,10.1021_acs.chemmater.3c01952-p003-f01-s02,AA Stacking,COF-C2-80,AA Stacking,25.883000,0.042400
10.1021_acs.chemmater.3c01952,10.1021_acs.chemmater.3c01952-p003-f01,10.1021_acs.chemmater.3c01952-p003-f01-s02,AA Stacking,COF-C2-80,AA Stacking,25.903000,0.042400
10.1021_acs.chemmater.3c01952,10.1021_acs.chemmater.3c01952-p003-f01,10.1021_acs.chemmater.3c01952-p003-f01-s02,AA Stacking,COF-C2-80,AA Stacking,25.923000,0.042400
10.1021_acs.chemmater.3c01952,10.1021_acs.chemmater.3c01952-p003-f01,10.1021_acs.chemmater.3c01952-p003-f01-s02,AA Stacking,COF-C2-80,AA Stacking,25.943000,0.042400
10.1021_acs.chemmater.3c01952,10.1021_acs.chemmater.3c01952-p003-f01,10.1021_acs.chemmater.3c01952-p003-f01-s02,AA Stacking,COF-C2-80,AA Stacking,25.963000,0.042400
10.1021_acs.chemmater.3c01952,10.1021_acs.chemmater.3c01952-p003-f01,10.1021_acs.chemmater.3c01952-p003-f01-s02,AA Stacking,COF-C2-80,AA Stacking,25.983000,0.042500
10.1021_acs.chemmater.3c01952,10.1021_acs.chemmater.3c01952-p003-f01,10.1021_acs.chemmater.3c01952-p003-f01-s02,AA Stacking,COF-C2-80,AA Stacking,26.003000,0.042500
10.1021_acs.chemmater.3c01952,10.1021_acs.chemmater.3c01952-p003-f01,10.1021_acs.chemmater.3c01952-p003-f01-s02,AA Stacking,COF-C2-80,AA Stacking,26.023000,0.042500
10.1021_acs.chemmater.3c01952,10.1021_acs.chemmater.3c01952-p003-f01,10.1021_acs.chemmater.3c01952-p003-f01-s02,AA Stacking,COF-C2-80,AA Stacking,26.043000,0.042500
10.1021_acs.chemmater.3c01952,10.1021_acs.chemmater.3c01952-p003-f01,10.1021_acs.chemmater.3c01952-p003-f01-s02,AA Stacking,COF-C2-80,AA Stacking,26.063000,0.042500
10.1021_acs.chemmater.3c01952,10.1021_acs.chemmater.3c01952-p003-f01,10.1021_acs.chemmater.3c01952-p003-f01-s02,AA Stacking,COF-C2-80,AA Stacking,26.083000,0.042500
10.1021_acs.chemmater.3c01952,10.1021_acs.chemmater.3c01952-p003-f01,10.1021_acs.chemmater.3c01952-p003-f01-s02,AA Stacking,COF-C2-80,AA Stacking,26.103000,0.042500
10.1021_acs.chemmater.3c01952,10.1021_acs.chemmater.3c01952-p003-f01,10.1021_acs.chemmater.3c01952-p003-f01-s02,AA Stacking,COF-C2-80,AA Stacking,26.123000,0.042600
10.1021_acs.chemmater.3c01952,10.1021_acs.chemmater.3c01952-p003-f01,10.1021_acs.chemmater.3c01952-p003-f01-s02,AA Stacking,COF-C2-80,AA Stacking,26.143000,0.042600
10.1021_acs.chemmater.3c01952,10.1021_acs.chemmater.3c01952-p003-f01,10.1021_acs.chemmater.3c01952-p003-f01-s02,AA Stacking,COF-C2-80,AA Stacking,26.163000,0.042600
10.1021_acs.chemmater.3c01952,10.1021_acs.chemmater.3c01952-p003-f01,10.1021_acs.chemmater.3c01952-p003-f01-s02,AA Stacking,COF-C2-80,AA Stacking,26.183000,0.042600
10.1021_acs.chemmater.3c01952,10.1021_acs.chemmater.3c01952-p003-f01,10.1021_acs.chemmater.3c01952-p003-f01-s02,AA Stacking,COF-C2-80,AA Stacking,26.203000,0.042600
10.1021_acs.chemmater.3c01952,10.1021_acs.chemmater.3c01952-p003-f01,10.1021_acs.chemmater.3c01952-p003-f01-s02,AA Stacking,COF-C2-80,AA Stacking,26.223000,0.042600
10.1021_acs.chemmater.3c01952,10.1021_acs.chemmater.3c01952-p003-f01,10.1021_acs.chemmater.3c01952-p003-f01-s02,AA Stacking,COF-C2-80,AA Stacking,26.243000,0.042600
10.1021_acs.chemmater.3c01952,10.1021_acs.chemmater.3c01952-p003-f01,10.1021_acs.chemmater.3c01952-p003-f01-s02,AA Stacking,COF-C2-80,AA Stacking,26.263000,0.042600
10.1021_acs.chemmater.3c01952,10.1021_acs.chemmater.3c01952-p003-f01,10.1021_acs.chemmater.3c01952-p003-f01-s02,AA Stacking,COF-C2-80,AA Stacking,26.283000,0.042700
10.1021_acs.chemmater.3c01952,10.1021_acs.chemmater.3c01952-p003-f01,10.1021_acs.chemmater.3c01952-p003-f01-s02,AA Stacking,COF-C2-80,AA Stacking,26.303000,0.042700
10.1021_acs.chemmater.3c01952,10.1021_acs.chemmater.3c01952-p003-f01,10.1021_acs.chemmater.3c01952-p003-f01-s02,AA Stacking,COF-C2-80,AA Stacking,26.323000,0.042700
10.1021_acs.chemmater.3c01952,10.1021_acs.chemmater.3c01952-p003-f01,10.1021_acs.chemmater.3c01952-p003-f01-s02,AA Stacking,COF-C2-80,AA Stacking,26.343000,0.042700
10.1021_acs.chemmater.3c01952,10.1021_acs.chemmater.3c01952-p003-f01,10.1021_acs.chemmater.3c01952-p003-f01-s02,AA Stacking,COF-C2-80,AA Stacking,26.363000,0.042700
10.1021_acs.chemmater.3c01952,10.1021_acs.chemmater.3c01952-p003-f01,10.1021_acs.chemmater.3c01952-p003-f01-s02,AA Stacking,COF-C2-80,AA Stacking,26.383000,0.042700
10.1021_acs.chemmater.3c01952,10.1021_acs.chemmater.3c01952-p003-f01,10.1021_acs.chemmater.3c01952-p003-f01-s02,AA Stacking,COF-C2-80,AA Stacking,26.403000,0.042700
10.1021_acs.chemmater.3c01952,10.1021_acs.chemmater.3c01952-p003-f01,10.1021_acs.chemmater.3c01952-p003-f01-s02,AA Stacking,COF-C2-80,AA Stacking,26.423000,0.042800
10.1021_acs.chemmater.3c01952,10.1021_acs.chemmater.3c01952-p003-f01,10.1021_acs.chemmater.3c01952-p003-f01-s02,AA Stacking,COF-C2-80,AA Stacking,26.443000,0.042800
10.1021_acs.chemmater.3c01952,10.1021_acs.chemmater.3c01952-p003-f01,10.1021_acs.chemmater.3c01952-p003-f01-s02,AA Stacking,COF-C2-80,AA Stacking,26.463000,0.042800
10.1021_acs.chemmater.3c01952,10.1021_acs.chemmater.3c01952-p003-f01,10.1021_acs.chemmater.3c01952-p003-f01-s02,AA Stacking,COF-C2-80,AA Stacking,26.483000,0.042800
10.1021_acs.chemmater.3c01952,10.1021_acs.chemmater.3c01952-p003-f01,10.1021_acs.chemmater.3c01952-p003-f01-s02,AA Stacking,COF-C2-80,AA Stacking,26.503000,0.042800
10.1021_acs.chemmater.3c01952,10.1021_acs.chemmater.3c01952-p003-f01,10.1021_acs.chemmater.3c01952-p003-f01-s02,AA Stacking,COF-C2-80,AA Stacking,26.523000,0.042800
10.1021_acs.chemmater.3c01952,10.1021_acs.chemmater.3c01952-p003-f01,10.1021_acs.chemmater.3c01952-p003-f01-s02,AA Stacking,COF-C2-80,AA Stacking,26.543000,0.042800
10.1021_acs.chemmater.3c01952,10.1021_acs.chemmater.3c01952-p003-f01,10.1021_acs.chemmater.3c01952-p003-f01-s02,AA Stacking,COF-C2-80,AA Stacking,26.563000,0.042800
10.1021_acs.chemmater.3c01952,10.1021_acs.chemmater.3c01952-p003-f01,10.1021_acs.chemmater.3c01952-p003-f01-s02,AA Stacking,COF-C2-80,AA Stacking,26.583000,0.042900
10.1021_acs.chemmater.3c01952,10.1021_acs.chemmater.3c01952-p003-f01,10.1021_acs.chemmater.3c01952-p003-f01-s02,AA Stacking,COF-C2-80,AA Stacking,26.603000,0.042900
10.1021_acs.chemmater.3c01952,10.1021_acs.chemmater.3c01952-p003-f01,10.1021_acs.chemmater.3c01952-p003-f01-s02,AA Stacking,COF-C2-80,AA Stacking,26.623000,0.042900
10.1021_acs.chemmater.3c01952,10.1021_acs.chemmater.3c01952-p003-f01,10.1021_acs.chemmater.3c01952-p003-f01-s02,AA Stacking,COF-C2-80,AA Stacking,26.643000,0.042900
10.1021_acs.chemmater.3c01952,10.1021_acs.chemmater.3c01952-p003-f01,10.1021_acs.chemmater.3c01952-p003-f01-s02,AA Stacking,COF-C2-80,AA Stacking,26.663000,0.042900
10.1021_acs.chemmater.3c01952,10.1021_acs.chemmater.3c01952-p003-f01,10.1021_acs.chemmater.3c01952-p003-f01-s02,AA Stacking,COF-C2-80,AA Stacking,26.683000,0.042900
10.1021_acs.chemmater.3c01952,10.1021_acs.chemmater.3c01952-p003-f01,10.1021_acs.chemmater.3c01952-p003-f01-s02,AA Stacking,COF-C2-80,AA Stacking,26.703000,0.042900
10.1021_acs.chemmater.3c01952,10.1021_acs.chemmater.3c01952-p003-f01,10.1021_acs.chemmater.3c01952-p003-f01-s02,AA Stacking,COF-C2-80,AA Stacking,26.723000,0.042900
10.1021_acs.chemmater.3c01952,10.1021_acs.chemmater.3c01952-p003-f01,10.1021_acs.chemmater.3c01952-p003-f01-s02,AA Stacking,COF-C2-80,AA Stacking,26.743000,0.043000
10.1021_acs.chemmater.3c01952,10.1021_acs.chemmater.3c01952-p003-f01,10.1021_acs.chemmater.3c01952-p003-f01-s02,AA Stacking,COF-C2-80,AA Stacking,26.763000,0.043000
10.1021_acs.chemmater.3c01952,10.1021_acs.chemmater.3c01952-p003-f01,10.1021_acs.chemmater.3c01952-p003-f01-s02,AA Stacking,COF-C2-80,AA Stacking,26.783000,0.043000
10.1021_acs.chemmater.3c01952,10.1021_acs.chemmater.3c01952-p003-f01,10.1021_acs.chemmater.3c01952-p003-f01-s02,AA Stacking,COF-C2-80,AA Stacking,26.803000,0.043000
10.1021_acs.chemmater.3c01952,10.1021_acs.chemmater.3c01952-p003-f01,10.1021_acs.chemmater.3c01952-p003-f01-s02,AA Stacking,COF-C2-80,AA Stacking,26.823000,0.043000
10.1021_acs.chemmater.3c01952,10.1021_acs.chemmater.3c01952-p003-f01,10.1021_acs.chemmater.3c01952-p003-f01-s02,AA Stacking,COF-C2-80,AA Stacking,26.843000,0.043000
10.1021_acs.chemmater.3c01952,10.1021_acs.chemmater.3c01952-p003-f01,10.1021_acs.chemmater.3c01952-p003-f01-s02,AA Stacking,COF-C2-80,AA Stacking,26.863000,0.043000
10.1021_acs.chemmater.3c01952,10.1021_acs.chemmater.3c01952-p003-f01,10.1021_acs.chemmater.3c01952-p003-f01-s02,AA Stacking,COF-C2-80,AA Stacking,26.883000,0.043000
10.1021_acs.chemmater.3c01952,10.1021_acs.chemmater.3c01952-p003-f01,10.1021_acs.chemmater.3c01952-p003-f01-s02,AA Stacking,COF-C2-80,AA Stacking,26.903000,0.043100
10.1021_acs.chemmater.3c01952,10.1021_acs.chemmater.3c01952-p003-f01,10.1021_acs.chemmater.3c01952-p003-f01-s02,AA Stacking,COF-C2-80,AA Stacking,26.923000,0.043100
10.1021_acs.chemmater.3c01952,10.1021_acs.chemmater.3c01952-p003-f01,10.1021_acs.chemmater.3c01952-p003-f01-s02,AA Stacking,COF-C2-80,AA Stacking,26.943000,0.043100
10.1021_acs.chemmater.3c01952,10.1021_acs.chemmater.3c01952-p003-f01,10.1021_acs.chemmater.3c01952-p003-f01-s02,AA Stacking,COF-C2-80,AA Stacking,26.963000,0.043100
10.1021_acs.chemmater.3c01952,10.1021_acs.chemmater.3c01952-p003-f01,10.1021_acs.chemmater.3c01952-p003-f01-s02,AA Stacking,COF-C2-80,AA Stacking,26.983000,0.043100
10.1021_acs.chemmater.3c01952,10.1021_acs.chemmater.3c01952-p003-f01,10.1021_acs.chemmater.3c01952-p003-f01-s02,AA Stacking,COF-C2-80,AA Stacking,27.003000,0.043100
10.1021_acs.chemmater.3c01952,10.1021_acs.chemmater.3c01952-p003-f01,10.1021_acs.chemmater.3c01952-p003-f01-s02,AA Stacking,COF-C2-80,AA Stacking,27.023000,0.043100
10.1021_acs.chemmater.3c01952,10.1021_acs.chemmater.3c01952-p003-f01,10.1021_acs.chemmater.3c01952-p003-f01-s02,AA Stacking,COF-C2-80,AA Stacking,27.043000,0.043100
10.1021_acs.chemmater.3c01952,10.1021_acs.chemmater.3c01952-p003-f01,10.1021_acs.chemmater.3c01952-p003-f01-s02,AA Stacking,COF-C2-80,AA Stacking,27.063000,0.043100
10.1021_acs.chemmater.3c01952,10.1021_acs.chemmater.3c01952-p003-f01,10.1021_acs.chemmater.3c01952-p003-f01-s02,AA Stacking,COF-C2-80,AA Stacking,27.083000,0.043200
10.1021_acs.chemmater.3c01952,10.1021_acs.chemmater.3c01952-p003-f01,10.1021_acs.chemmater.3c01952-p003-f01-s02,AA Stacking,COF-C2-80,AA Stacking,27.103000,0.043200
10.1021_acs.chemmater.3c01952,10.1021_acs.chemmater.3c01952-p003-f01,10.1021_acs.chemmater.3c01952-p003-f01-s02,AA Stacking,COF-C2-80,AA Stacking,27.123000,0.043200
10.1021_acs.chemmater.3c01952,10.1021_acs.chemmater.3c01952-p003-f01,10.1021_acs.chemmater.3c01952-p003-f01-s02,AA Stacking,COF-C2-80,AA Stacking,27.143000,0.043200
10.1021_acs.chemmater.3c01952,10.1021_acs.chemmater.3c01952-p003-f01,10.1021_acs.chemmater.3c01952-p003-f01-s02,AA Stacking,COF-C2-80,AA Stacking,27.163000,0.043200
10.1021_acs.chemmater.3c01952,10.1021_acs.chemmater.3c01952-p003-f01,10.1021_acs.chemmater.3c01952-p003-f01-s02,AA Stacking,COF-C2-80,AA Stacking,27.183000,0.043200
10.1021_acs.chemmater.3c01952,10.1021_acs.chemmater.3c01952-p003-f01,10.1021_acs.chemmater.3c01952-p003-f01-s02,AA Stacking,COF-C2-80,AA Stacking,27.203000,0.043200
10.1021_acs.chemmater.3c01952,10.1021_acs.chemmater.3c01952-p003-f01,10.1021_acs.chemmater.3c01952-p003-f01-s02,AA Stacking,COF-C2-80,AA Stacking,27.223000,0.043200
10.1021_acs.chemmater.3c01952,10.1021_acs.chemmater.3c01952-p003-f01,10.1021_acs.chemmater.3c01952-p003-f01-s02,AA Stacking,COF-C2-80,AA Stacking,27.243000,0.043300
10.1021_acs.chemmater.3c01952,10.1021_acs.chemmater.3c01952-p003-f01,10.1021_acs.chemmater.3c01952-p003-f01-s02,AA Stacking,COF-C2-80,AA Stacking,27.263000,0.043300
10.1021_acs.chemmater.3c01952,10.1021_acs.chemmater.3c01952-p003-f01,10.1021_acs.chemmater.3c01952-p003-f01-s02,AA Stacking,COF-C2-80,AA Stacking,27.283000,0.043300
10.1021_acs.chemmater.3c01952,10.1021_acs.chemmater.3c01952-p003-f01,10.1021_acs.chemmater.3c01952-p003-f01-s02,AA Stacking,COF-C2-80,AA Stacking,27.303000,0.043300
10.1021_acs.chemmater.3c01952,10.1021_acs.chemmater.3c01952-p003-f01,10.1021_acs.chemmater.3c01952-p003-f01-s02,AA Stacking,COF-C2-80,AA Stacking,27.323000,0.043300
10.1021_acs.chemmater.3c01952,10.1021_acs.chemmater.3c01952-p003-f01,10.1021_acs.chemmater.3c01952-p003-f01-s02,AA Stacking,COF-C2-80,AA Stacking,27.343000,0.043300
10.1021_acs.chemmater.3c01952,10.1021_acs.chemmater.3c01952-p003-f01,10.1021_acs.chemmater.3c01952-p003-f01-s02,AA Stacking,COF-C2-80,AA Stacking,27.363000,0.043300
10.1021_acs.chemmater.3c01952,10.1021_acs.chemmater.3c01952-p003-f01,10.1021_acs.chemmater.3c01952-p003-f01-s02,AA Stacking,COF-C2-80,AA Stacking,27.383000,0.043300
10.1021_acs.chemmater.3c01952,10.1021_acs.chemmater.3c01952-p003-f01,10.1021_acs.chemmater.3c01952-p003-f01-s02,AA Stacking,COF-C2-80,AA Stacking,27.403000,0.043300
10.1021_acs.chemmater.3c01952,10.1021_acs.chemmater.3c01952-p003-f01,10.1021_acs.chemmater.3c01952-p003-f01-s02,AA Stacking,COF-C2-80,AA Stacking,27.423000,0.043400
10.1021_acs.chemmater.3c01952,10.1021_acs.chemmater.3c01952-p003-f01,10.1021_acs.chemmater.3c01952-p003-f01-s02,AA Stacking,COF-C2-80,AA Stacking,27.443000,0.043400
10.1021_acs.chemmater.3c01952,10.1021_acs.chemmater.3c01952-p003-f01,10.1021_acs.chemmater.3c01952-p003-f01-s02,AA Stacking,COF-C2-80,AA Stacking,27.463000,0.043400
10.1021_acs.chemmater.3c01952,10.1021_acs.chemmater.3c01952-p003-f01,10.1021_acs.chemmater.3c01952-p003-f01-s02,AA Stacking,COF-C2-80,AA Stacking,27.483000,0.043400
10.1021_acs.chemmater.3c01952,10.1021_acs.chemmater.3c01952-p003-f01,10.1021_acs.chemmater.3c01952-p003-f01-s02,AA Stacking,COF-C2-80,AA Stacking,27.503000,0.043400
10.1021_acs.chemmater.3c01952,10.1021_acs.chemmater.3c01952-p003-f01,10.1021_acs.chemmater.3c01952-p003-f01-s02,AA Stacking,COF-C2-80,AA Stacking,27.523000,0.043400
10.1021_acs.chemmater.3c01952,10.1021_acs.chemmater.3c01952-p003-f01,10.1021_acs.chemmater.3c01952-p003-f01-s02,AA Stacking,COF-C2-80,AA Stacking,27.543000,0.043400
10.1021_acs.chemmater.3c01952,10.1021_acs.chemmater.3c01952-p003-f01,10.1021_acs.chemmater.3c01952-p003-f01-s02,AA Stacking,COF-C2-80,AA Stacking,27.563000,0.043400
10.1021_acs.chemmater.3c01952,10.1021_acs.chemmater.3c01952-p003-f01,10.1021_acs.chemmater.3c01952-p003-f01-s02,AA Stacking,COF-C2-80,AA Stacking,27.583000,0.043400
10.1021_acs.chemmater.3c01952,10.1021_acs.chemmater.3c01952-p003-f01,10.1021_acs.chemmater.3c01952-p003-f01-s02,AA Stacking,COF-C2-80,AA Stacking,27.603000,0.043500
10.1021_acs.chemmater.3c01952,10.1021_acs.chemmater.3c01952-p003-f01,10.1021_acs.chemmater.3c01952-p003-f01-s02,AA Stacking,COF-C2-80,AA Stacking,27.623000,0.043500
10.1021_acs.chemmater.3c01952,10.1021_acs.chemmater.3c01952-p003-f01,10.1021_acs.chemmater.3c01952-p003-f01-s02,AA Stacking,COF-C2-80,AA Stacking,27.643000,0.043500
10.1021_acs.chemmater.3c01952,10.1021_acs.chemmater.3c01952-p003-f01,10.1021_acs.chemmater.3c01952-p003-f01-s02,AA Stacking,COF-C2-80,AA Stacking,27.663000,0.043500
10.1021_acs.chemmater.3c01952,10.1021_acs.chemmater.3c01952-p003-f01,10.1021_acs.chemmater.3c01952-p003-f01-s02,AA Stacking,COF-C2-80,AA Stacking,27.683000,0.043500
10.1021_acs.chemmater.3c01952,10.1021_acs.chemmater.3c01952-p003-f01,10.1021_acs.chemmater.3c01952-p003-f01-s02,AA Stacking,COF-C2-80,AA Stacking,27.703000,0.043500
10.1021_acs.chemmater.3c01952,10.1021_acs.chemmater.3c01952-p003-f01,10.1021_acs.chemmater.3c01952-p003-f01-s02,AA Stacking,COF-C2-80,AA Stacking,27.723000,0.043500
10.1021_acs.chemmater.3c01952,10.1021_acs.chemmater.3c01952-p003-f01,10.1021_acs.chemmater.3c01952-p003-f01-s02,AA Stacking,COF-C2-80,AA Stacking,27.743000,0.043500
10.1021_acs.chemmater.3c01952,10.1021_acs.chemmater.3c01952-p003-f01,10.1021_acs.chemmater.3c01952-p003-f01-s02,AA Stacking,COF-C2-80,AA Stacking,27.763000,0.043500
10.1021_acs.chemmater.3c01952,10.1021_acs.chemmater.3c01952-p003-f01,10.1021_acs.chemmater.3c01952-p003-f01-s02,AA Stacking,COF-C2-80,AA Stacking,27.783000,0.043600
10.1021_acs.chemmater.3c01952,10.1021_acs.chemmater.3c01952-p003-f01,10.1021_acs.chemmater.3c01952-p003-f01-s02,AA Stacking,COF-C2-80,AA Stacking,27.803000,0.043600
10.1021_acs.chemmater.3c01952,10.1021_acs.chemmater.3c01952-p003-f01,10.1021_acs.chemmater.3c01952-p003-f01-s02,AA Stacking,COF-C2-80,AA Stacking,27.823000,0.043600
10.1021_acs.chemmater.3c01952,10.1021_acs.chemmater.3c01952-p003-f01,10.1021_acs.chemmater.3c01952-p003-f01-s02,AA Stacking,COF-C2-80,AA Stacking,27.843000,0.043600
10.1021_acs.chemmater.3c01952,10.1021_acs.chemmater.3c01952-p003-f01,10.1021_acs.chemmater.3c01952-p003-f01-s02,AA Stacking,COF-C2-80,AA Stacking,27.863000,0.043600
10.1021_acs.chemmater.3c01952,10.1021_acs.chemmater.3c01952-p003-f01,10.1021_acs.chemmater.3c01952-p003-f01-s02,AA Stacking,COF-C2-80,AA Stacking,27.883000,0.043600
10.1021_acs.chemmater.3c01952,10.1021_acs.chemmater.3c01952-p003-f01,10.1021_acs.chemmater.3c01952-p003-f01-s02,AA Stacking,COF-C2-80,AA Stacking,27.903000,0.043600
10.1021_acs.chemmater.3c01952,10.1021_acs.chemmater.3c01952-p003-f01,10.1021_acs.chemmater.3c01952-p003-f01-s02,AA Stacking,COF-C2-80,AA Stacking,27.923000,0.043600
10.1021_acs.chemmater.3c01952,10.1021_acs.chemmater.3c01952-p003-f01,10.1021_acs.chemmater.3c01952-p003-f01-s02,AA Stacking,COF-C2-80,AA Stacking,27.943000,0.043600
10.1021_acs.chemmater.3c01952,10.1021_acs.chemmater.3c01952-p003-f01,10.1021_acs.chemmater.3c01952-p003-f01-s02,AA Stacking,COF-C2-80,AA Stacking,27.963000,0.043700
10.1021_acs.chemmater.3c01952,10.1021_acs.chemmater.3c01952-p003-f01,10.1021_acs.chemmater.3c01952-p003-f01-s02,AA Stacking,COF-C2-80,AA Stacking,27.983000,0.043700
10.1021_acs.chemmater.3c01952,10.1021_acs.chemmater.3c01952-p003-f01,10.1021_acs.chemmater.3c01952-p003-f01-s02,AA Stacking,COF-C2-80,AA Stacking,28.003000,0.043700
10.1021_acs.chemmater.3c01952,10.1021_acs.chemmater.3c01952-p003-f01,10.1021_acs.chemmater.3c01952-p003-f01-s02,AA Stacking,COF-C2-80,AA Stacking,28.023000,0.043700
10.1021_acs.chemmater.3c01952,10.1021_acs.chemmater.3c01952-p003-f01,10.1021_acs.chemmater.3c01952-p003-f01-s02,AA Stacking,COF-C2-80,AA Stacking,28.043000,0.043700
10.1021_acs.chemmater.3c01952,10.1021_acs.chemmater.3c01952-p003-f01,10.1021_acs.chemmater.3c01952-p003-f01-s02,AA Stacking,COF-C2-80,AA Stacking,28.063000,0.043700
10.1021_acs.chemmater.3c01952,10.1021_acs.chemmater.3c01952-p003-f01,10.1021_acs.chemmater.3c01952-p003-f01-s02,AA Stacking,COF-C2-80,AA Stacking,28.083000,0.043700
10.1021_acs.chemmater.3c01952,10.1021_acs.chemmater.3c01952-p003-f01,10.1021_acs.chemmater.3c01952-p003-f01-s02,AA Stacking,COF-C2-80,AA Stacking,28.103000,0.043700
10.1021_acs.chemmater.3c01952,10.1021_acs.chemmater.3c01952-p003-f01,10.1021_acs.chemmater.3c01952-p003-f01-s02,AA Stacking,COF-C2-80,AA Stacking,28.123000,0.043700
10.1021_acs.chemmater.3c01952,10.1021_acs.chemmater.3c01952-p003-f01,10.1021_acs.chemmater.3c01952-p003-f01-s02,AA Stacking,COF-C2-80,AA Stacking,28.143000,0.043700
10.1021_acs.chemmater.3c01952,10.1021_acs.chemmater.3c01952-p003-f01,10.1021_acs.chemmater.3c01952-p003-f01-s02,AA Stacking,COF-C2-80,AA Stacking,28.163000,0.043800
10.1021_acs.chemmater.3c01952,10.1021_acs.chemmater.3c01952-p003-f01,10.1021_acs.chemmater.3c01952-p003-f01-s02,AA Stacking,COF-C2-80,AA Stacking,28.183000,0.043800
10.1021_acs.chemmater.3c01952,10.1021_acs.chemmater.3c01952-p003-f01,10.1021_acs.chemmater.3c01952-p003-f01-s02,AA Stacking,COF-C2-80,AA Stacking,28.203000,0.043800
10.1021_acs.chemmater.3c01952,10.1021_acs.chemmater.3c01952-p003-f01,10.1021_acs.chemmater.3c01952-p003-f01-s02,AA Stacking,COF-C2-80,AA Stacking,28.223000,0.043800
10.1021_acs.chemmater.3c01952,10.1021_acs.chemmater.3c01952-p003-f01,10.1021_acs.chemmater.3c01952-p003-f01-s02,AA Stacking,COF-C2-80,AA Stacking,28.243000,0.043800
10.1021_acs.chemmater.3c01952,10.1021_acs.chemmater.3c01952-p003-f01,10.1021_acs.chemmater.3c01952-p003-f01-s02,AA Stacking,COF-C2-80,AA Stacking,28.263000,0.043800
10.1021_acs.chemmater.3c01952,10.1021_acs.chemmater.3c01952-p003-f01,10.1021_acs.chemmater.3c01952-p003-f01-s02,AA Stacking,COF-C2-80,AA Stacking,28.283000,0.043800
10.1021_acs.chemmater.3c01952,10.1021_acs.chemmater.3c01952-p003-f01,10.1021_acs.chemmater.3c01952-p003-f01-s02,AA Stacking,COF-C2-80,AA Stacking,28.303000,0.043800
10.1021_acs.chemmater.3c01952,10.1021_acs.chemmater.3c01952-p003-f01,10.1021_acs.chemmater.3c01952-p003-f01-s02,AA Stacking,COF-C2-80,AA Stacking,28.323000,0.043800
10.1021_acs.chemmater.3c01952,10.1021_acs.chemmater.3c01952-p003-f01,10.1021_acs.chemmater.3c01952-p003-f01-s02,AA Stacking,COF-C2-80,AA Stacking,28.343000,0.043800
10.1021_acs.chemmater.3c01952,10.1021_acs.chemmater.3c01952-p003-f01,10.1021_acs.chemmater.3c01952-p003-f01-s02,AA Stacking,COF-C2-80,AA Stacking,28.363000,0.043900
10.1021_acs.chemmater.3c01952,10.1021_acs.chemmater.3c01952-p003-f01,10.1021_acs.chemmater.3c01952-p003-f01-s02,AA Stacking,COF-C2-80,AA Stacking,28.383000,0.043900
10.1021_acs.chemmater.3c01952,10.1021_acs.chemmater.3c01952-p003-f01,10.1021_acs.chemmater.3c01952-p003-f01-s02,AA Stacking,COF-C2-80,AA Stacking,28.403000,0.043900
10.1021_acs.chemmater.3c01952,10.1021_acs.chemmater.3c01952-p003-f01,10.1021_acs.chemmater.3c01952-p003-f01-s02,AA Stacking,COF-C2-80,AA Stacking,28.423000,0.043900
10.1021_acs.chemmater.3c01952,10.1021_acs.chemmater.3c01952-p003-f01,10.1021_acs.chemmater.3c01952-p003-f01-s02,AA Stacking,COF-C2-80,AA Stacking,28.443000,0.043900
10.1021_acs.chemmater.3c01952,10.1021_acs.chemmater.3c01952-p003-f01,10.1021_acs.chemmater.3c01952-p003-f01-s02,AA Stacking,COF-C2-80,AA Stacking,28.463000,0.043900
10.1021_acs.chemmater.3c01952,10.1021_acs.chemmater.3c01952-p003-f01,10.1021_acs.chemmater.3c01952-p003-f01-s02,AA Stacking,COF-C2-80,AA Stacking,28.483000,0.043900
10.1021_acs.chemmater.3c01952,10.1021_acs.chemmater.3c01952-p003-f01,10.1021_acs.chemmater.3c01952-p003-f01-s02,AA Stacking,COF-C2-80,AA Stacking,28.503000,0.043900
10.1021_acs.chemmater.3c01952,10.1021_acs.chemmater.3c01952-p003-f01,10.1021_acs.chemmater.3c01952-p003-f01-s02,AA Stacking,COF-C2-80,AA Stacking,28.523000,0.043900
10.1021_acs.chemmater.3c01952,10.1021_acs.chemmater.3c01952-p003-f01,10.1021_acs.chemmater.3c01952-p003-f01-s02,AA Stacking,COF-C2-80,AA Stacking,28.543000,0.043900
10.1021_acs.chemmater.3c01952,10.1021_acs.chemmater.3c01952-p003-f01,10.1021_acs.chemmater.3c01952-p003-f01-s02,AA Stacking,COF-C2-80,AA Stacking,28.563000,0.044000
10.1021_acs.chemmater.3c01952,10.1021_acs.chemmater.3c01952-p003-f01,10.1021_acs.chemmater.3c01952-p003-f01-s02,AA Stacking,COF-C2-80,AA Stacking,28.583000,0.044000
10.1021_acs.chemmater.3c01952,10.1021_acs.chemmater.3c01952-p003-f01,10.1021_acs.chemmater.3c01952-p003-f01-s02,AA Stacking,COF-C2-80,AA Stacking,28.603000,0.044000
10.1021_acs.chemmater.3c01952,10.1021_acs.chemmater.3c01952-p003-f01,10.1021_acs.chemmater.3c01952-p003-f01-s02,AA Stacking,COF-C2-80,AA Stacking,28.623000,0.044000
10.1021_acs.chemmater.3c01952,10.1021_acs.chemmater.3c01952-p003-f01,10.1021_acs.chemmater.3c01952-p003-f01-s02,AA Stacking,COF-C2-80,AA Stacking,28.643000,0.044000
10.1021_acs.chemmater.3c01952,10.1021_acs.chemmater.3c01952-p003-f01,10.1021_acs.chemmater.3c01952-p003-f01-s02,AA Stacking,COF-C2-80,AA Stacking,28.663000,0.044000
10.1021_acs.chemmater.3c01952,10.1021_acs.chemmater.3c01952-p003-f01,10.1021_acs.chemmater.3c01952-p003-f01-s02,AA Stacking,COF-C2-80,AA Stacking,28.683000,0.044000
10.1021_acs.chemmater.3c01952,10.1021_acs.chemmater.3c01952-p003-f01,10.1021_acs.chemmater.3c01952-p003-f01-s02,AA Stacking,COF-C2-80,AA Stacking,28.703000,0.044000
10.1021_acs.chemmater.3c01952,10.1021_acs.chemmater.3c01952-p003-f01,10.1021_acs.chemmater.3c01952-p003-f01-s02,AA Stacking,COF-C2-80,AA Stacking,28.723000,0.044000
10.1021_acs.chemmater.3c01952,10.1021_acs.chemmater.3c01952-p003-f01,10.1021_acs.chemmater.3c01952-p003-f01-s02,AA Stacking,COF-C2-80,AA Stacking,28.743000,0.044000
10.1021_acs.chemmater.3c01952,10.1021_acs.chemmater.3c01952-p003-f01,10.1021_acs.chemmater.3c01952-p003-f01-s02,AA Stacking,COF-C2-80,AA Stacking,28.763000,0.044100
10.1021_acs.chemmater.3c01952,10.1021_acs.chemmater.3c01952-p003-f01,10.1021_acs.chemmater.3c01952-p003-f01-s02,AA Stacking,COF-C2-80,AA Stacking,28.783000,0.044100
10.1021_acs.chemmater.3c01952,10.1021_acs.chemmater.3c01952-p003-f01,10.1021_acs.chemmater.3c01952-p003-f01-s02,AA Stacking,COF-C2-80,AA Stacking,28.803000,0.044100
10.1021_acs.chemmater.3c01952,10.1021_acs.chemmater.3c01952-p003-f01,10.1021_acs.chemmater.3c01952-p003-f01-s02,AA Stacking,COF-C2-80,AA Stacking,28.823000,0.044100
10.1021_acs.chemmater.3c01952,10.1021_acs.chemmater.3c01952-p003-f01,10.1021_acs.chemmater.3c01952-p003-f01-s02,AA Stacking,COF-C2-80,AA Stacking,28.843000,0.044100
10.1021_acs.chemmater.3c01952,10.1021_acs.chemmater.3c01952-p003-f01,10.1021_acs.chemmater.3c01952-p003-f01-s02,AA Stacking,COF-C2-80,AA Stacking,28.863000,0.044100
10.1021_acs.chemmater.3c01952,10.1021_acs.chemmater.3c01952-p003-f01,10.1021_acs.chemmater.3c01952-p003-f01-s02,AA Stacking,COF-C2-80,AA Stacking,28.883000,0.044100
10.1021_acs.chemmater.3c01952,10.1021_acs.chemmater.3c01952-p003-f01,10.1021_acs.chemmater.3c01952-p003-f01-s02,AA Stacking,COF-C2-80,AA Stacking,28.903000,0.044100
10.1021_acs.chemmater.3c01952,10.1021_acs.chemmater.3c01952-p003-f01,10.1021_acs.chemmater.3c01952-p003-f01-s02,AA Stacking,COF-C2-80,AA Stacking,28.923000,0.044100
10.1021_acs.chemmater.3c01952,10.1021_acs.chemmater.3c01952-p003-f01,10.1021_acs.chemmater.3c01952-p003-f01-s02,AA Stacking,COF-C2-80,AA Stacking,28.943000,0.044100
10.1021_acs.chemmater.3c01952,10.1021_acs.chemmater.3c01952-p003-f01,10.1021_acs.chemmater.3c01952-p003-f01-s02,AA Stacking,COF-C2-80,AA Stacking,28.963000,0.044200
10.1021_acs.chemmater.3c01952,10.1021_acs.chemmater.3c01952-p003-f01,10.1021_acs.chemmater.3c01952-p003-f01-s02,AA Stacking,COF-C2-80,AA Stacking,28.983000,0.044200
10.1021_acs.chemmater.3c01952,10.1021_acs.chemmater.3c01952-p003-f01,10.1021_acs.chemmater.3c01952-p003-f01-s02,AA Stacking,COF-C2-80,AA Stacking,29.003000,0.044200
10.1021_acs.chemmater.3c01952,10.1021_acs.chemmater.3c01952-p003-f01,10.1021_acs.chemmater.3c01952-p003-f01-s02,AA Stacking,COF-C2-80,AA Stacking,29.023000,0.044200
10.1021_acs.chemmater.3c01952,10.1021_acs.chemmater.3c01952-p003-f01,10.1021_acs.chemmater.3c01952-p003-f01-s02,AA Stacking,COF-C2-80,AA Stacking,29.043000,0.044200
10.1021_acs.chemmater.3c01952,10.1021_acs.chemmater.3c01952-p003-f01,10.1021_acs.chemmater.3c01952-p003-f01-s02,AA Stacking,COF-C2-80,AA Stacking,29.063000,0.044200
10.1021_acs.chemmater.3c01952,10.1021_acs.chemmater.3c01952-p003-f01,10.1021_acs.chemmater.3c01952-p003-f01-s02,AA Stacking,COF-C2-80,AA Stacking,29.083000,0.044200
10.1021_acs.chemmater.3c01952,10.1021_acs.chemmater.3c01952-p003-f01,10.1021_acs.chemmater.3c01952-p003-f01-s02,AA Stacking,COF-C2-80,AA Stacking,29.103000,0.044200
10.1021_acs.chemmater.3c01952,10.1021_acs.chemmater.3c01952-p003-f01,10.1021_acs.chemmater.3c01952-p003-f01-s02,AA Stacking,COF-C2-80,AA Stacking,29.123000,0.044200
10.1021_acs.chemmater.3c01952,10.1021_acs.chemmater.3c01952-p003-f01,10.1021_acs.chemmater.3c01952-p003-f01-s02,AA Stacking,COF-C2-80,AA Stacking,29.143000,0.044200
10.1021_acs.chemmater.3c01952,10.1021_acs.chemmater.3c01952-p003-f01,10.1021_acs.chemmater.3c01952-p003-f01-s02,AA Stacking,COF-C2-80,AA Stacking,29.163000,0.044300
10.1021_acs.chemmater.3c01952,10.1021_acs.chemmater.3c01952-p003-f01,10.1021_acs.chemmater.3c01952-p003-f01-s02,AA Stacking,COF-C2-80,AA Stacking,29.183000,0.044300
10.1021_acs.chemmater.3c01952,10.1021_acs.chemmater.3c01952-p003-f01,10.1021_acs.chemmater.3c01952-p003-f01-s02,AA Stacking,COF-C2-80,AA Stacking,29.203000,0.044300
10.1021_acs.chemmater.3c01952,10.1021_acs.chemmater.3c01952-p003-f01,10.1021_acs.chemmater.3c01952-p003-f01-s02,AA Stacking,COF-C2-80,AA Stacking,29.223000,0.044300
10.1021_acs.chemmater.3c01952,10.1021_acs.chemmater.3c01952-p003-f01,10.1021_acs.chemmater.3c01952-p003-f01-s02,AA Stacking,COF-C2-80,AA Stacking,29.243000,0.044300
10.1021_acs.chemmater.3c01952,10.1021_acs.chemmater.3c01952-p003-f01,10.1021_acs.chemmater.3c01952-p003-f01-s02,AA Stacking,COF-C2-80,AA Stacking,29.263000,0.044300
10.1021_acs.chemmater.3c01952,10.1021_acs.chemmater.3c01952-p003-f01,10.1021_acs.chemmater.3c01952-p003-f01-s02,AA Stacking,COF-C2-80,AA Stacking,29.283000,0.044300
10.1021_acs.chemmater.3c01952,10.1021_acs.chemmater.3c01952-p003-f01,10.1021_acs.chemmater.3c01952-p003-f01-s02,AA Stacking,COF-C2-80,AA Stacking,29.303000,0.044300
10.1021_acs.chemmater.3c01952,10.1021_acs.chemmater.3c01952-p003-f01,10.1021_acs.chemmater.3c01952-p003-f01-s02,AA Stacking,COF-C2-80,AA Stacking,29.323000,0.044300
10.1021_acs.chemmater.3c01952,10.1021_acs.chemmater.3c01952-p003-f01,10.1021_acs.chemmater.3c01952-p003-f01-s02,AA Stacking,COF-C2-80,AA Stacking,29.343000,0.044300
10.1021_acs.chemmater.3c01952,10.1021_acs.chemmater.3c01952-p003-f01,10.1021_acs.chemmater.3c01952-p003-f01-s02,AA Stacking,COF-C2-80,AA Stacking,29.363000,0.044300
10.1021_acs.chemmater.3c01952,10.1021_acs.chemmater.3c01952-p003-f01,10.1021_acs.chemmater.3c01952-p003-f01-s02,AA Stacking,COF-C2-80,AA Stacking,29.383000,0.044400
10.1021_acs.chemmater.3c01952,10.1021_acs.chemmater.3c01952-p003-f01,10.1021_acs.chemmater.3c01952-p003-f01-s02,AA Stacking,COF-C2-80,AA Stacking,29.403000,0.044400
10.1021_acs.chemmater.3c01952,10.1021_acs.chemmater.3c01952-p003-f01,10.1021_acs.chemmater.3c01952-p003-f01-s02,AA Stacking,COF-C2-80,AA Stacking,29.423000,0.044400
10.1021_acs.chemmater.3c01952,10.1021_acs.chemmater.3c01952-p003-f01,10.1021_acs.chemmater.3c01952-p003-f01-s02,AA Stacking,COF-C2-80,AA Stacking,29.443000,0.044400
10.1021_acs.chemmater.3c01952,10.1021_acs.chemmater.3c01952-p003-f01,10.1021_acs.chemmater.3c01952-p003-f01-s02,AA Stacking,COF-C2-80,AA Stacking,29.463000,0.044400
10.1021_acs.chemmater.3c01952,10.1021_acs.chemmater.3c01952-p003-f01,10.1021_acs.chemmater.3c01952-p003-f01-s02,AA Stacking,COF-C2-80,AA Stacking,29.483000,0.044400
10.1021_acs.chemmater.3c01952,10.1021_acs.chemmater.3c01952-p003-f01,10.1021_acs.chemmater.3c01952-p003-f01-s02,AA Stacking,COF-C2-80,AA Stacking,29.503000,0.044400
10.1021_acs.chemmater.3c01952,10.1021_acs.chemmater.3c01952-p003-f01,10.1021_acs.chemmater.3c01952-p003-f01-s02,AA Stacking,COF-C2-80,AA Stacking,29.523000,0.044400
10.1021_acs.chemmater.3c01952,10.1021_acs.chemmater.3c01952-p003-f01,10.1021_acs.chemmater.3c01952-p003-f01-s02,AA Stacking,COF-C2-80,AA Stacking,29.543000,0.044400
10.1021_acs.chemmater.3c01952,10.1021_acs.chemmater.3c01952-p003-f01,10.1021_acs.chemmater.3c01952-p003-f01-s02,AA Stacking,COF-C2-80,AA Stacking,29.563000,0.044400
10.1021_acs.chemmater.3c01952,10.1021_acs.chemmater.3c01952-p003-f01,10.1021_acs.chemmater.3c01952-p003-f01-s02,AA Stacking,COF-C2-80,AA Stacking,29.583000,0.044500
10.1021_acs.chemmater.3c01952,10.1021_acs.chemmater.3c01952-p003-f01,10.1021_acs.chemmater.3c01952-p003-f01-s02,AA Stacking,COF-C2-80,AA Stacking,29.603000,0.044500
10.1021_acs.chemmater.3c01952,10.1021_acs.chemmater.3c01952-p003-f01,10.1021_acs.chemmater.3c01952-p003-f01-s02,AA Stacking,COF-C2-80,AA Stacking,29.623000,0.044500
10.1021_acs.chemmater.3c01952,10.1021_acs.chemmater.3c01952-p003-f01,10.1021_acs.chemmater.3c01952-p003-f01-s02,AA Stacking,COF-C2-80,AA Stacking,29.643000,0.044500
10.1021_acs.chemmater.3c01952,10.1021_acs.chemmater.3c01952-p003-f01,10.1021_acs.chemmater.3c01952-p003-f01-s02,AA Stacking,COF-C2-80,AA Stacking,29.663000,0.044500
10.1021_acs.chemmater.3c01952,10.1021_acs.chemmater.3c01952-p003-f01,10.1021_acs.chemmater.3c01952-p003-f01-s02,AA Stacking,COF-C2-80,AA Stacking,29.683000,0.044500
10.1021_acs.chemmater.3c01952,10.1021_acs.chemmater.3c01952-p003-f01,10.1021_acs.chemmater.3c01952-p003-f01-s02,AA Stacking,COF-C2-80,AA Stacking,29.703000,0.044500
10.1021_acs.chemmater.3c01952,10.1021_acs.chemmater.3c01952-p003-f01,10.1021_acs.chemmater.3c01952-p003-f01-s02,AA Stacking,COF-C2-80,AA Stacking,29.723000,0.044500
10.1021_acs.chemmater.3c01952,10.1021_acs.chemmater.3c01952-p003-f01,10.1021_acs.chemmater.3c01952-p003-f01-s02,AA Stacking,COF-C2-80,AA Stacking,29.743000,0.044500
10.1021_acs.chemmater.3c01952,10.1021_acs.chemmater.3c01952-p003-f01,10.1021_acs.chemmater.3c01952-p003-f01-s02,AA Stacking,COF-C2-80,AA Stacking,29.763000,0.044500
10.1021_acs.chemmater.3c01952,10.1021_acs.chemmater.3c01952-p003-f01,10.1021_acs.chemmater.3c01952-p003-f01-s02,AA Stacking,COF-C2-80,AA Stacking,29.783000,0.044500
10.1021_acs.chemmater.3c01952,10.1021_acs.chemmater.3c01952-p003-f01,10.1021_acs.chemmater.3c01952-p003-f01-s02,AA Stacking,COF-C2-80,AA Stacking,29.803000,0.044600
10.1021_acs.chemmater.3c01952,10.1021_acs.chemmater.3c01952-p003-f01,10.1021_acs.chemmater.3c01952-p003-f01-s02,AA Stacking,COF-C2-80,AA Stacking,29.823000,0.044600
10.1021_acs.chemmater.3c01952,10.1021_acs.chemmater.3c01952-p003-f01,10.1021_acs.chemmater.3c01952-p003-f01-s02,AA Stacking,COF-C2-80,AA Stacking,29.843000,0.044600
10.1021_acs.chemmater.3c01952,10.1021_acs.chemmater.3c01952-p003-f01,10.1021_acs.chemmater.3c01952-p003-f01-s02,AA Stacking,COF-C2-80,AA Stacking,29.863000,0.044600
10.1021_acs.chemmater.3c01952,10.1021_acs.chemmater.3c01952-p003-f01,10.1021_acs.chemmater.3c01952-p003-f01-s02,AA Stacking,COF-C2-80,AA Stacking,29.883000,0.017800
10.1021_acs.chemmater.3c01952,10.1021_acs.chemmater.3c01952-p003-f01,10.1021_acs.chemmater.3c01952-p003-f01-s02,AA Stacking,COF-C2-80,AA Stacking,29.903000,-0.001600
10.1021_acs.chemmater.3c01952,10.1021_acs.chemmater.3c01952-p003-f01,10.1021_acs.chemmater.3c01952-p003-f01-s02,AA Stacking,COF-C2-80,AA Stacking,29.923000,-0.003500
10.1021_acs.chemmater.3c01952,10.1021_acs.chemmater.3c01952-p003-f01,10.1021_acs.chemmater.3c01952-p003-f01-s02,AA Stacking,COF-C2-80,AA Stacking,29.943000,0.040900
10.1021_acs.chemmater.3c01952,10.1021_acs.chemmater.3c01952-p003-f01,10.1021_acs.chemmater.3c01952-p003-f01-s02,AA Stacking,COF-C2-80,AA Stacking,29.963000,0.151400
10.1021_acs.chemmater.3c01952,10.1021_acs.chemmater.3c01952-p003-f01,10.1021_acs.chemmater.3c01952-p003-f01-s02,AA Stacking,COF-C2-80,AA Stacking,29.983000,0.347800
10.1021_acs.chemmater.3c01952,10.1021_acs.chemmater.3c01952-p003-f01,10.1021_acs.chemmater.3c01952-p003-f01-s02,AA Stacking,COF-C2-80,AA Stacking,30.003000,0.649800
10.1021_acs.chemmater.3c01952,10.1021_acs.chemmater.3c01952-p003-f01,10.1021_acs.chemmater.3c01952-p003-f01-s03,AB Stacking,COF-C2-80,AB Stacking,1.483000,-0.002900
10.1021_acs.chemmater.3c01952,10.1021_acs.chemmater.3c01952-p003-f01,10.1021_acs.chemmater.3c01952-p003-f01-s03,AB Stacking,COF-C2-80,AB Stacking,1.503000,0.004300
10.1021_acs.chemmater.3c01952,10.1021_acs.chemmater.3c01952-p003-f01,10.1021_acs.chemmater.3c01952-p003-f01-s03,AB Stacking,COF-C2-80,AB Stacking,1.523000,0.009800
10.1021_acs.chemmater.3c01952,10.1021_acs.chemmater.3c01952-p003-f01,10.1021_acs.chemmater.3c01952-p003-f01-s03,AB Stacking,COF-C2-80,AB Stacking,1.543000,0.013600
10.1021_acs.chemmater.3c01952,10.1021_acs.chemmater.3c01952-p003-f01,10.1021_acs.chemmater.3c01952-p003-f01-s03,AB Stacking,COF-C2-80,AB Stacking,1.563000,0.016200
10.1021_acs.chemmater.3c01952,10.1021_acs.chemmater.3c01952-p003-f01,10.1021_acs.chemmater.3c01952-p003-f01-s03,AB Stacking,COF-C2-80,AB Stacking,1.583000,0.017700
10.1021_acs.chemmater.3c01952,10.1021_acs.chemmater.3c01952-p003-f01,10.1021_acs.chemmater.3c01952-p003-f01-s03,AB Stacking,COF-C2-80,AB Stacking,1.603000,0.018800
10.1021_acs.chemmater.3c01952,10.1021_acs.chemmater.3c01952-p003-f01,10.1021_acs.chemmater.3c01952-p003-f01-s03,AB Stacking,COF-C2-80,AB Stacking,1.623000,0.018300
10.1021_acs.chemmater.3c01952,10.1021_acs.chemmater.3c01952-p003-f01,10.1021_acs.chemmater.3c01952-p003-f01-s03,AB Stacking,COF-C2-80,AB Stacking,1.643000,0.017200
10.1021_acs.chemmater.3c01952,10.1021_acs.chemmater.3c01952-p003-f01,10.1021_acs.chemmater.3c01952-p003-f01-s03,AB Stacking,COF-C2-80,AB Stacking,1.663000,0.017100
10.1021_acs.chemmater.3c01952,10.1021_acs.chemmater.3c01952-p003-f01,10.1021_acs.chemmater.3c01952-p003-f01-s03,AB Stacking,COF-C2-80,AB Stacking,1.683000,0.017000
10.1021_acs.chemmater.3c01952,10.1021_acs.chemmater.3c01952-p003-f01,10.1021_acs.chemmater.3c01952-p003-f01-s03,AB Stacking,COF-C2-80,AB Stacking,1.703000,0.016800
10.1021_acs.chemmater.3c01952,10.1021_acs.chemmater.3c01952-p003-f01,10.1021_acs.chemmater.3c01952-p003-f01-s03,AB Stacking,COF-C2-80,AB Stacking,1.723000,0.016700
10.1021_acs.chemmater.3c01952,10.1021_acs.chemmater.3c01952-p003-f01,10.1021_acs.chemmater.3c01952-p003-f01-s03,AB Stacking,COF-C2-80,AB Stacking,1.743000,0.016600
10.1021_acs.chemmater.3c01952,10.1021_acs.chemmater.3c01952-p003-f01,10.1021_acs.chemmater.3c01952-p003-f01-s03,AB Stacking,COF-C2-80,AB Stacking,1.763000,0.016400
10.1021_acs.chemmater.3c01952,10.1021_acs.chemmater.3c01952-p003-f01,10.1021_acs.chemmater.3c01952-p003-f01-s03,AB Stacking,COF-C2-80,AB Stacking,1.783000,0.016300
10.1021_acs.chemmater.3c01952,10.1021_acs.chemmater.3c01952-p003-f01,10.1021_acs.chemmater.3c01952-p003-f01-s03,AB Stacking,COF-C2-80,AB Stacking,1.803000,0.016200
10.1021_acs.chemmater.3c01952,10.1021_acs.chemmater.3c01952-p003-f01,10.1021_acs.chemmater.3c01952-p003-f01-s03,AB Stacking,COF-C2-80,AB Stacking,1.823000,0.016100
10.1021_acs.chemmater.3c01952,10.1021_acs.chemmater.3c01952-p003-f01,10.1021_acs.chemmater.3c01952-p003-f01-s03,AB Stacking,COF-C2-80,AB Stacking,1.843000,0.015900
10.1021_acs.chemmater.3c01952,10.1021_acs.chemmater.3c01952-p003-f01,10.1021_acs.chemmater.3c01952-p003-f01-s03,AB Stacking,COF-C2-80,AB Stacking,1.863000,0.015800
10.1021_acs.chemmater.3c01952,10.1021_acs.chemmater.3c01952-p003-f01,10.1021_acs.chemmater.3c01952-p003-f01-s03,AB Stacking,COF-C2-80,AB Stacking,1.883000,0.015700
10.1021_acs.chemmater.3c01952,10.1021_acs.chemmater.3c01952-p003-f01,10.1021_acs.chemmater.3c01952-p003-f01-s03,AB Stacking,COF-C2-80,AB Stacking,1.903000,0.015500
10.1021_acs.chemmater.3c01952,10.1021_acs.chemmater.3c01952-p003-f01,10.1021_acs.chemmater.3c01952-p003-f01-s03,AB Stacking,COF-C2-80,AB Stacking,1.923000,0.015400
10.1021_acs.chemmater.3c01952,10.1021_acs.chemmater.3c01952-p003-f01,10.1021_acs.chemmater.3c01952-p003-f01-s03,AB Stacking,COF-C2-80,AB Stacking,1.943000,0.015300
10.1021_acs.chemmater.3c01952,10.1021_acs.chemmater.3c01952-p003-f01,10.1021_acs.chemmater.3c01952-p003-f01-s03,AB Stacking,COF-C2-80,AB Stacking,1.963000,0.015200
10.1021_acs.chemmater.3c01952,10.1021_acs.chemmater.3c01952-p003-f01,10.1021_acs.chemmater.3c01952-p003-f01-s03,AB Stacking,COF-C2-80,AB Stacking,1.983000,0.015000
10.1021_acs.chemmater.3c01952,10.1021_acs.chemmater.3c01952-p003-f01,10.1021_acs.chemmater.3c01952-p003-f01-s03,AB Stacking,COF-C2-80,AB Stacking,2.003000,0.014900
10.1021_acs.chemmater.3c01952,10.1021_acs.chemmater.3c01952-p003-f01,10.1021_acs.chemmater.3c01952-p003-f01-s03,AB Stacking,COF-C2-80,AB Stacking,2.023000,0.014800
10.1021_acs.chemmater.3c01952,10.1021_acs.chemmater.3c01952-p003-f01,10.1021_acs.chemmater.3c01952-p003-f01-s03,AB Stacking,COF-C2-80,AB Stacking,2.043000,0.014700
10.1021_acs.chemmater.3c01952,10.1021_acs.chemmater.3c01952-p003-f01,10.1021_acs.chemmater.3c01952-p003-f01-s03,AB Stacking,COF-C2-80,AB Stacking,2.063000,0.014600
10.1021_acs.chemmater.3c01952,10.1021_acs.chemmater.3c01952-p003-f01,10.1021_acs.chemmater.3c01952-p003-f01-s03,AB Stacking,COF-C2-80,AB Stacking,2.083000,0.014500
10.1021_acs.chemmater.3c01952,10.1021_acs.chemmater.3c01952-p003-f01,10.1021_acs.chemmater.3c01952-p003-f01-s03,AB Stacking,COF-C2-80,AB Stacking,2.103000,0.014300
10.1021_acs.chemmater.3c01952,10.1021_acs.chemmater.3c01952-p003-f01,10.1021_acs.chemmater.3c01952-p003-f01-s03,AB Stacking,COF-C2-80,AB Stacking,2.123000,0.014200
10.1021_acs.chemmater.3c01952,10.1021_acs.chemmater.3c01952-p003-f01,10.1021_acs.chemmater.3c01952-p003-f01-s03,AB Stacking,COF-C2-80,AB Stacking,2.143000,0.014100
10.1021_acs.chemmater.3c01952,10.1021_acs.chemmater.3c01952-p003-f01,10.1021_acs.chemmater.3c01952-p003-f01-s03,AB Stacking,COF-C2-80,AB Stacking,2.163000,0.014000
10.1021_acs.chemmater.3c01952,10.1021_acs.chemmater.3c01952-p003-f01,10.1021_acs.chemmater.3c01952-p003-f01-s03,AB Stacking,COF-C2-80,AB Stacking,2.183000,0.013900
10.1021_acs.chemmater.3c01952,10.1021_acs.chemmater.3c01952-p003-f01,10.1021_acs.chemmater.3c01952-p003-f01-s03,AB Stacking,COF-C2-80,AB Stacking,2.203000,0.013800
10.1021_acs.chemmater.3c01952,10.1021_acs.chemmater.3c01952-p003-f01,10.1021_acs.chemmater.3c01952-p003-f01-s03,AB Stacking,COF-C2-80,AB Stacking,2.223000,0.013700
10.1021_acs.chemmater.3c01952,10.1021_acs.chemmater.3c01952-p003-f01,10.1021_acs.chemmater.3c01952-p003-f01-s03,AB Stacking,COF-C2-80,AB Stacking,2.243000,0.013600
10.1021_acs.chemmater.3c01952,10.1021_acs.chemmater.3c01952-p003-f01,10.1021_acs.chemmater.3c01952-p003-f01-s03,AB Stacking,COF-C2-80,AB Stacking,2.263000,0.013500
10.1021_acs.chemmater.3c01952,10.1021_acs.chemmater.3c01952-p003-f01,10.1021_acs.chemmater.3c01952-p003-f01-s03,AB Stacking,COF-C2-80,AB Stacking,2.283000,0.013400
10.1021_acs.chemmater.3c01952,10.1021_acs.chemmater.3c01952-p003-f01,10.1021_acs.chemmater.3c01952-p003-f01-s03,AB Stacking,COF-C2-80,AB Stacking,2.303000,0.013300
10.1021_acs.chemmater.3c01952,10.1021_acs.chemmater.3c01952-p003-f01,10.1021_acs.chemmater.3c01952-p003-f01-s03,AB Stacking,COF-C2-80,AB Stacking,2.323000,0.013200
10.1021_acs.chemmater.3c01952,10.1021_acs.chemmater.3c01952-p003-f01,10.1021_acs.chemmater.3c01952-p003-f01-s03,AB Stacking,COF-C2-80,AB Stacking,2.343000,0.013100
10.1021_acs.chemmater.3c01952,10.1021_acs.chemmater.3c01952-p003-f01,10.1021_acs.chemmater.3c01952-p003-f01-s03,AB Stacking,COF-C2-80,AB Stacking,2.363000,0.013000
10.1021_acs.chemmater.3c01952,10.1021_acs.chemmater.3c01952-p003-f01,10.1021_acs.chemmater.3c01952-p003-f01-s03,AB Stacking,COF-C2-80,AB Stacking,2.383000,0.012900
10.1021_acs.chemmater.3c01952,10.1021_acs.chemmater.3c01952-p003-f01,10.1021_acs.chemmater.3c01952-p003-f01-s03,AB Stacking,COF-C2-80,AB Stacking,2.403000,0.012800
10.1021_acs.chemmater.3c01952,10.1021_acs.chemmater.3c01952-p003-f01,10.1021_acs.chemmater.3c01952-p003-f01-s03,AB Stacking,COF-C2-80,AB Stacking,2.423000,0.012700
10.1021_acs.chemmater.3c01952,10.1021_acs.chemmater.3c01952-p003-f01,10.1021_acs.chemmater.3c01952-p003-f01-s03,AB Stacking,COF-C2-80,AB Stacking,2.443000,0.012600
10.1021_acs.chemmater.3c01952,10.1021_acs.chemmater.3c01952-p003-f01,10.1021_acs.chemmater.3c01952-p003-f01-s03,AB Stacking,COF-C2-80,AB Stacking,2.463000,0.012500
10.1021_acs.chemmater.3c01952,10.1021_acs.chemmater.3c01952-p003-f01,10.1021_acs.chemmater.3c01952-p003-f01-s03,AB Stacking,COF-C2-80,AB Stacking,2.483000,0.012500
10.1021_acs.chemmater.3c01952,10.1021_acs.chemmater.3c01952-p003-f01,10.1021_acs.chemmater.3c01952-p003-f01-s03,AB Stacking,COF-C2-80,AB Stacking,2.503000,0.012400
10.1021_acs.chemmater.3c01952,10.1021_acs.chemmater.3c01952-p003-f01,10.1021_acs.chemmater.3c01952-p003-f01-s03,AB Stacking,COF-C2-80,AB Stacking,2.523000,0.012300
10.1021_acs.chemmater.3c01952,10.1021_acs.chemmater.3c01952-p003-f01,10.1021_acs.chemmater.3c01952-p003-f01-s03,AB Stacking,COF-C2-80,AB Stacking,2.543000,0.012200
10.1021_acs.chemmater.3c01952,10.1021_acs.chemmater.3c01952-p003-f01,10.1021_acs.chemmater.3c01952-p003-f01-s03,AB Stacking,COF-C2-80,AB Stacking,2.563000,0.012200
10.1021_acs.chemmater.3c01952,10.1021_acs.chemmater.3c01952-p003-f01,10.1021_acs.chemmater.3c01952-p003-f01-s03,AB Stacking,COF-C2-80,AB Stacking,2.583000,0.012100
10.1021_acs.chemmater.3c01952,10.1021_acs.chemmater.3c01952-p003-f01,10.1021_acs.chemmater.3c01952-p003-f01-s03,AB Stacking,COF-C2-80,AB Stacking,2.603000,0.012000
10.1021_acs.chemmater.3c01952,10.1021_acs.chemmater.3c01952-p003-f01,10.1021_acs.chemmater.3c01952-p003-f01-s03,AB Stacking,COF-C2-80,AB Stacking,2.623000,0.012000
10.1021_acs.chemmater.3c01952,10.1021_acs.chemmater.3c01952-p003-f01,10.1021_acs.chemmater.3c01952-p003-f01-s03,AB Stacking,COF-C2-80,AB Stacking,2.643000,0.011900
10.1021_acs.chemmater.3c01952,10.1021_acs.chemmater.3c01952-p003-f01,10.1021_acs.chemmater.3c01952-p003-f01-s03,AB Stacking,COF-C2-80,AB Stacking,2.663000,0.011800
10.1021_acs.chemmater.3c01952,10.1021_acs.chemmater.3c01952-p003-f01,10.1021_acs.chemmater.3c01952-p003-f01-s03,AB Stacking,COF-C2-80,AB Stacking,2.683000,0.011800
10.1021_acs.chemmater.3c01952,10.1021_acs.chemmater.3c01952-p003-f01,10.1021_acs.chemmater.3c01952-p003-f01-s03,AB Stacking,COF-C2-80,AB Stacking,2.703000,0.011700
10.1021_acs.chemmater.3c01952,10.1021_acs.chemmater.3c01952-p003-f01,10.1021_acs.chemmater.3c01952-p003-f01-s03,AB Stacking,COF-C2-80,AB Stacking,2.723000,0.011700
10.1021_acs.chemmater.3c01952,10.1021_acs.chemmater.3c01952-p003-f01,10.1021_acs.chemmater.3c01952-p003-f01-s03,AB Stacking,COF-C2-80,AB Stacking,2.743000,0.011600
10.1021_acs.chemmater.3c01952,10.1021_acs.chemmater.3c01952-p003-f01,10.1021_acs.chemmater.3c01952-p003-f01-s03,AB Stacking,COF-C2-80,AB Stacking,2.763000,0.011600
10.1021_acs.chemmater.3c01952,10.1021_acs.chemmater.3c01952-p003-f01,10.1021_acs.chemmater.3c01952-p003-f01-s03,AB Stacking,COF-C2-80,AB Stacking,2.783000,0.011500
10.1021_acs.chemmater.3c01952,10.1021_acs.chemmater.3c01952-p003-f01,10.1021_acs.chemmater.3c01952-p003-f01-s03,AB Stacking,COF-C2-80,AB Stacking,2.803000,0.011500
10.1021_acs.chemmater.3c01952,10.1021_acs.chemmater.3c01952-p003-f01,10.1021_acs.chemmater.3c01952-p003-f01-s03,AB Stacking,COF-C2-80,AB Stacking,2.823000,0.011500
10.1021_acs.chemmater.3c01952,10.1021_acs.chemmater.3c01952-p003-f01,10.1021_acs.chemmater.3c01952-p003-f01-s03,AB Stacking,COF-C2-80,AB Stacking,2.843000,0.011400
10.1021_acs.chemmater.3c01952,10.1021_acs.chemmater.3c01952-p003-f01,10.1021_acs.chemmater.3c01952-p003-f01-s03,AB Stacking,COF-C2-80,AB Stacking,2.863000,0.011400
10.1021_acs.chemmater.3c01952,10.1021_acs.chemmater.3c01952-p003-f01,10.1021_acs.chemmater.3c01952-p003-f01-s03,AB Stacking,COF-C2-80,AB Stacking,2.883000,0.011400
10.1021_acs.chemmater.3c01952,10.1021_acs.chemmater.3c01952-p003-f01,10.1021_acs.chemmater.3c01952-p003-f01-s03,AB Stacking,COF-C2-80,AB Stacking,2.903000,0.011400
10.1021_acs.chemmater.3c01952,10.1021_acs.chemmater.3c01952-p003-f01,10.1021_acs.chemmater.3c01952-p003-f01-s03,AB Stacking,COF-C2-80,AB Stacking,2.923000,0.011400
10.1021_acs.chemmater.3c01952,10.1021_acs.chemmater.3c01952-p003-f01,10.1021_acs.chemmater.3c01952-p003-f01-s03,AB Stacking,COF-C2-80,AB Stacking,2.943000,0.011300
10.1021_acs.chemmater.3c01952,10.1021_acs.chemmater.3c01952-p003-f01,10.1021_acs.chemmater.3c01952-p003-f01-s03,AB Stacking,COF-C2-80,AB Stacking,2.963000,0.011300
10.1021_acs.chemmater.3c01952,10.1021_acs.chemmater.3c01952-p003-f01,10.1021_acs.chemmater.3c01952-p003-f01-s03,AB Stacking,COF-C2-80,AB Stacking,2.983000,0.011300
10.1021_acs.chemmater.3c01952,10.1021_acs.chemmater.3c01952-p003-f01,10.1021_acs.chemmater.3c01952-p003-f01-s03,AB Stacking,COF-C2-80,AB Stacking,3.003000,0.011300
10.1021_acs.chemmater.3c01952,10.1021_acs.chemmater.3c01952-p003-f01,10.1021_acs.chemmater.3c01952-p003-f01-s03,AB Stacking,COF-C2-80,AB Stacking,3.023000,0.011300
10.1021_acs.chemmater.3c01952,10.1021_acs.chemmater.3c01952-p003-f01,10.1021_acs.chemmater.3c01952-p003-f01-s03,AB Stacking,COF-C2-80,AB Stacking,3.043000,0.011300
10.1021_acs.chemmater.3c01952,10.1021_acs.chemmater.3c01952-p003-f01,10.1021_acs.chemmater.3c01952-p003-f01-s03,AB Stacking,COF-C2-80,AB Stacking,3.063000,0.011300
10.1021_acs.chemmater.3c01952,10.1021_acs.chemmater.3c01952-p003-f01,10.1021_acs.chemmater.3c01952-p003-f01-s03,AB Stacking,COF-C2-80,AB Stacking,3.083000,0.011300
10.1021_acs.chemmater.3c01952,10.1021_acs.chemmater.3c01952-p003-f01,10.1021_acs.chemmater.3c01952-p003-f01-s03,AB Stacking,COF-C2-80,AB Stacking,3.103000,0.011300
10.1021_acs.chemmater.3c01952,10.1021_acs.chemmater.3c01952-p003-f01,10.1021_acs.chemmater.3c01952-p003-f01-s03,AB Stacking,COF-C2-80,AB Stacking,3.123000,0.011100
10.1021_acs.chemmater.3c01952,10.1021_acs.chemmater.3c01952-p003-f01,10.1021_acs.chemmater.3c01952-p003-f01-s03,AB Stacking,COF-C2-80,AB Stacking,3.143000,0.011100
10.1021_acs.chemmater.3c01952,10.1021_acs.chemmater.3c01952-p003-f01,10.1021_acs.chemmater.3c01952-p003-f01-s03,AB Stacking,COF-C2-80,AB Stacking,3.163000,0.011300
10.1021_acs.chemmater.3c01952,10.1021_acs.chemmater.3c01952-p003-f01,10.1021_acs.chemmater.3c01952-p003-f01-s03,AB Stacking,COF-C2-80,AB Stacking,3.183000,-0.004200
10.1021_acs.chemmater.3c01952,10.1021_acs.chemmater.3c01952-p003-f01,10.1021_acs.chemmater.3c01952-p003-f01-s03,AB Stacking,COF-C2-80,AB Stacking,3.203000,-0.035500
10.1021_acs.chemmater.3c01952,10.1021_acs.chemmater.3c01952-p003-f01,10.1021_acs.chemmater.3c01952-p003-f01-s03,AB Stacking,COF-C2-80,AB Stacking,3.223000,-0.592600
10.1021_acs.chemmater.3c01952,10.1021_acs.chemmater.3c01952-p003-f01,10.1021_acs.chemmater.3c01952-p003-f01-s03,AB Stacking,COF-C2-80,AB Stacking,3.243000,-0.766200
10.1021_acs.chemmater.3c01952,10.1021_acs.chemmater.3c01952-p003-f01,10.1021_acs.chemmater.3c01952-p003-f01-s03,AB Stacking,COF-C2-80,AB Stacking,3.263000,-0.057000
10.1021_acs.chemmater.3c01952,10.1021_acs.chemmater.3c01952-p003-f01,10.1021_acs.chemmater.3c01952-p003-f01-s03,AB Stacking,COF-C2-80,AB Stacking,3.283000,1.723600
10.1021_acs.chemmater.3c01952,10.1021_acs.chemmater.3c01952-p003-f01,10.1021_acs.chemmater.3c01952-p003-f01-s03,AB Stacking,COF-C2-80,AB Stacking,3.303000,4.037800
10.1021_acs.chemmater.3c01952,10.1021_acs.chemmater.3c01952-p003-f01,10.1021_acs.chemmater.3c01952-p003-f01-s03,AB Stacking,COF-C2-80,AB Stacking,3.323000,6.416300
10.1021_acs.chemmater.3c01952,10.1021_acs.chemmater.3c01952-p003-f01,10.1021_acs.chemmater.3c01952-p003-f01-s03,AB Stacking,COF-C2-80,AB Stacking,3.343000,8.183400
10.1021_acs.chemmater.3c01952,10.1021_acs.chemmater.3c01952-p003-f01,10.1021_acs.chemmater.3c01952-p003-f01-s03,AB Stacking,COF-C2-80,AB Stacking,3.363000,10.542100
10.1021_acs.chemmater.3c01952,10.1021_acs.chemmater.3c01952-p003-f01,10.1021_acs.chemmater.3c01952-p003-f01-s03,AB Stacking,COF-C2-80,AB Stacking,3.383000,15.169600
10.1021_acs.chemmater.3c01952,10.1021_acs.chemmater.3c01952-p003-f01,10.1021_acs.chemmater.3c01952-p003-f01-s03,AB Stacking,COF-C2-80,AB Stacking,3.403000,23.345500
10.1021_acs.chemmater.3c01952,10.1021_acs.chemmater.3c01952-p003-f01,10.1021_acs.chemmater.3c01952-p003-f01-s03,AB Stacking,COF-C2-80,AB Stacking,3.423000,35.988600
10.1021_acs.chemmater.3c01952,10.1021_acs.chemmater.3c01952-p003-f01,10.1021_acs.chemmater.3c01952-p003-f01-s03,AB Stacking,COF-C2-80,AB Stacking,3.443000,51.574900
10.1021_acs.chemmater.3c01952,10.1021_acs.chemmater.3c01952-p003-f01,10.1021_acs.chemmater.3c01952-p003-f01-s03,AB Stacking,COF-C2-80,AB Stacking,3.463000,67.251400
10.1021_acs.chemmater.3c01952,10.1021_acs.chemmater.3c01952-p003-f01,10.1021_acs.chemmater.3c01952-p003-f01-s03,AB Stacking,COF-C2-80,AB Stacking,3.483000,79.681600
10.1021_acs.chemmater.3c01952,10.1021_acs.chemmater.3c01952-p003-f01,10.1021_acs.chemmater.3c01952-p003-f01-s03,AB Stacking,COF-C2-80,AB Stacking,3.503000,85.837200
10.1021_acs.chemmater.3c01952,10.1021_acs.chemmater.3c01952-p003-f01,10.1021_acs.chemmater.3c01952-p003-f01-s03,AB Stacking,COF-C2-80,AB Stacking,3.523000,83.984400
10.1021_acs.chemmater.3c01952,10.1021_acs.chemmater.3c01952-p003-f01,10.1021_acs.chemmater.3c01952-p003-f01-s03,AB Stacking,COF-C2-80,AB Stacking,3.543000,73.464200
10.1021_acs.chemmater.3c01952,10.1021_acs.chemmater.3c01952-p003-f01,10.1021_acs.chemmater.3c01952-p003-f01-s03,AB Stacking,COF-C2-80,AB Stacking,3.563000,57.373500
10.1021_acs.chemmater.3c01952,10.1021_acs.chemmater.3c01952-p003-f01,10.1021_acs.chemmater.3c01952-p003-f01-s03,AB Stacking,COF-C2-80,AB Stacking,3.583000,39.541200
10.1021_acs.chemmater.3c01952,10.1021_acs.chemmater.3c01952-p003-f01,10.1021_acs.chemmater.3c01952-p003-f01-s03,AB Stacking,COF-C2-80,AB Stacking,3.603000,23.654800
10.1021_acs.chemmater.3c01952,10.1021_acs.chemmater.3c01952-p003-f01,10.1021_acs.chemmater.3c01952-p003-f01-s03,AB Stacking,COF-C2-80,AB Stacking,3.623000,12.364000
10.1021_acs.chemmater.3c01952,10.1021_acs.chemmater.3c01952-p003-f01,10.1021_acs.chemmater.3c01952-p003-f01-s03,AB Stacking,COF-C2-80,AB Stacking,3.643000,4.830500
10.1021_acs.chemmater.3c01952,10.1021_acs.chemmater.3c01952-p003-f01,10.1021_acs.chemmater.3c01952-p003-f01-s03,AB Stacking,COF-C2-80,AB Stacking,3.663000,0.670300
10.1021_acs.chemmater.3c01952,10.1021_acs.chemmater.3c01952-p003-f01,10.1021_acs.chemmater.3c01952-p003-f01-s03,AB Stacking,COF-C2-80,AB Stacking,3.683000,-1.069700
10.1021_acs.chemmater.3c01952,10.1021_acs.chemmater.3c01952-p003-f01,10.1021_acs.chemmater.3c01952-p003-f01-s03,AB Stacking,COF-C2-80,AB Stacking,3.703000,-1.185800
10.1021_acs.chemmater.3c01952,10.1021_acs.chemmater.3c01952-p003-f01,10.1021_acs.chemmater.3c01952-p003-f01-s03,AB Stacking,COF-C2-80,AB Stacking,3.723000,-0.600900
10.1021_acs.chemmater.3c01952,10.1021_acs.chemmater.3c01952-p003-f01,10.1021_acs.chemmater.3c01952-p003-f01-s03,AB Stacking,COF-C2-80,AB Stacking,3.743000,-0.243400
10.1021_acs.chemmater.3c01952,10.1021_acs.chemmater.3c01952-p003-f01,10.1021_acs.chemmater.3c01952-p003-f01-s03,AB Stacking,COF-C2-80,AB Stacking,3.763000,-0.049200
10.1021_acs.chemmater.3c01952,10.1021_acs.chemmater.3c01952-p003-f01,10.1021_acs.chemmater.3c01952-p003-f01-s03,AB Stacking,COF-C2-80,AB Stacking,3.783000,0.006200
10.1021_acs.chemmater.3c01952,10.1021_acs.chemmater.3c01952-p003-f01,10.1021_acs.chemmater.3c01952-p003-f01-s03,AB Stacking,COF-C2-80,AB Stacking,3.803000,0.005400
10.1021_acs.chemmater.3c01952,10.1021_acs.chemmater.3c01952-p003-f01,10.1021_acs.chemmater.3c01952-p003-f01-s03,AB Stacking,COF-C2-80,AB Stacking,3.823000,0.004500
10.1021_acs.chemmater.3c01952,10.1021_acs.chemmater.3c01952-p003-f01,10.1021_acs.chemmater.3c01952-p003-f01-s03,AB Stacking,COF-C2-80,AB Stacking,3.843000,0.003700
10.1021_acs.chemmater.3c01952,10.1021_acs.chemmater.3c01952-p003-f01,10.1021_acs.chemmater.3c01952-p003-f01-s03,AB Stacking,COF-C2-80,AB Stacking,3.863000,0.002800
10.1021_acs.chemmater.3c01952,10.1021_acs.chemmater.3c01952-p003-f01,10.1021_acs.chemmater.3c01952-p003-f01-s03,AB Stacking,COF-C2-80,AB Stacking,3.883000,0.001900
10.1021_acs.chemmater.3c01952,10.1021_acs.chemmater.3c01952-p003-f01,10.1021_acs.chemmater.3c01952-p003-f01-s03,AB Stacking,COF-C2-80,AB Stacking,3.903000,0.001200
10.1021_acs.chemmater.3c01952,10.1021_acs.chemmater.3c01952-p003-f01,10.1021_acs.chemmater.3c01952-p003-f01-s03,AB Stacking,COF-C2-80,AB Stacking,3.923000,0.000700
10.1021_acs.chemmater.3c01952,10.1021_acs.chemmater.3c01952-p003-f01,10.1021_acs.chemmater.3c01952-p003-f01-s03,AB Stacking,COF-C2-80,AB Stacking,3.943000,0.000300
10.1021_acs.chemmater.3c01952,10.1021_acs.chemmater.3c01952-p003-f01,10.1021_acs.chemmater.3c01952-p003-f01-s03,AB Stacking,COF-C2-80,AB Stacking,3.963000,0.000000
10.1021_acs.chemmater.3c01952,10.1021_acs.chemmater.3c01952-p003-f01,10.1021_acs.chemmater.3c01952-p003-f01-s03,AB Stacking,COF-C2-80,AB Stacking,3.983000,-0.000100
10.1021_acs.chemmater.3c01952,10.1021_acs.chemmater.3c01952-p003-f01,10.1021_acs.chemmater.3c01952-p003-f01-s03,AB Stacking,COF-C2-80,AB Stacking,4.003000,-0.000100
10.1021_acs.chemmater.3c01952,10.1021_acs.chemmater.3c01952-p003-f01,10.1021_acs.chemmater.3c01952-p003-f01-s03,AB Stacking,COF-C2-80,AB Stacking,4.023000,0.000000
10.1021_acs.chemmater.3c01952,10.1021_acs.chemmater.3c01952-p003-f01,10.1021_acs.chemmater.3c01952-p003-f01-s03,AB Stacking,COF-C2-80,AB Stacking,4.043000,0.000000
10.1021_acs.chemmater.3c01952,10.1021_acs.chemmater.3c01952-p003-f01,10.1021_acs.chemmater.3c01952-p003-f01-s03,AB Stacking,COF-C2-80,AB Stacking,4.063000,0.000000
10.1021_acs.chemmater.3c01952,10.1021_acs.chemmater.3c01952-p003-f01,10.1021_acs.chemmater.3c01952-p003-f01-s03,AB Stacking,COF-C2-80,AB Stacking,4.083000,0.000000
10.1021_acs.chemmater.3c01952,10.1021_acs.chemmater.3c01952-p003-f01,10.1021_acs.chemmater.3c01952-p003-f01-s03,AB Stacking,COF-C2-80,AB Stacking,4.103000,0.000000
10.1021_acs.chemmater.3c01952,10.1021_acs.chemmater.3c01952-p003-f01,10.1021_acs.chemmater.3c01952-p003-f01-s03,AB Stacking,COF-C2-80,AB Stacking,4.123000,0.000000
10.1021_acs.chemmater.3c01952,10.1021_acs.chemmater.3c01952-p003-f01,10.1021_acs.chemmater.3c01952-p003-f01-s03,AB Stacking,COF-C2-80,AB Stacking,4.143000,0.000000
10.1021_acs.chemmater.3c01952,10.1021_acs.chemmater.3c01952-p003-f01,10.1021_acs.chemmater.3c01952-p003-f01-s03,AB Stacking,COF-C2-80,AB Stacking,4.163000,0.000000
10.1021_acs.chemmater.3c01952,10.1021_acs.chemmater.3c01952-p003-f01,10.1021_acs.chemmater.3c01952-p003-f01-s03,AB Stacking,COF-C2-80,AB Stacking,4.183000,0.000000
10.1021_acs.chemmater.3c01952,10.1021_acs.chemmater.3c01952-p003-f01,10.1021_acs.chemmater.3c01952-p003-f01-s03,AB Stacking,COF-C2-80,AB Stacking,4.203000,0.000000
10.1021_acs.chemmater.3c01952,10.1021_acs.chemmater.3c01952-p003-f01,10.1021_acs.chemmater.3c01952-p003-f01-s03,AB Stacking,COF-C2-80,AB Stacking,4.223000,0.000000
10.1021_acs.chemmater.3c01952,10.1021_acs.chemmater.3c01952-p003-f01,10.1021_acs.chemmater.3c01952-p003-f01-s03,AB Stacking,COF-C2-80,AB Stacking,4.243000,0.000000
10.1021_acs.chemmater.3c01952,10.1021_acs.chemmater.3c01952-p003-f01,10.1021_acs.chemmater.3c01952-p003-f01-s03,AB Stacking,COF-C2-80,AB Stacking,4.263000,0.000000
10.1021_acs.chemmater.3c01952,10.1021_acs.chemmater.3c01952-p003-f01,10.1021_acs.chemmater.3c01952-p003-f01-s03,AB Stacking,COF-C2-80,AB Stacking,4.283000,0.000000
10.1021_acs.chemmater.3c01952,10.1021_acs.chemmater.3c01952-p003-f01,10.1021_acs.chemmater.3c01952-p003-f01-s03,AB Stacking,COF-C2-80,AB Stacking,4.303000,0.000000
10.1021_acs.chemmater.3c01952,10.1021_acs.chemmater.3c01952-p003-f01,10.1021_acs.chemmater.3c01952-p003-f01-s03,AB Stacking,COF-C2-80,AB Stacking,4.323000,0.000000
10.1021_acs.chemmater.3c01952,10.1021_acs.chemmater.3c01952-p003-f01,10.1021_acs.chemmater.3c01952-p003-f01-s03,AB Stacking,COF-C2-80,AB Stacking,4.343000,0.000000
10.1021_acs.chemmater.3c01952,10.1021_acs.chemmater.3c01952-p003-f01,10.1021_acs.chemmater.3c01952-p003-f01-s03,AB Stacking,COF-C2-80,AB Stacking,4.363000,0.000000
10.1021_acs.chemmater.3c01952,10.1021_acs.chemmater.3c01952-p003-f01,10.1021_acs.chemmater.3c01952-p003-f01-s03,AB Stacking,COF-C2-80,AB Stacking,4.383000,0.000000
10.1021_acs.chemmater.3c01952,10.1021_acs.chemmater.3c01952-p003-f01,10.1021_acs.chemmater.3c01952-p003-f01-s03,AB Stacking,COF-C2-80,AB Stacking,4.403000,0.000000
10.1021_acs.chemmater.3c01952,10.1021_acs.chemmater.3c01952-p003-f01,10.1021_acs.chemmater.3c01952-p003-f01-s03,AB Stacking,COF-C2-80,AB Stacking,4.423000,0.000000
10.1021_acs.chemmater.3c01952,10.1021_acs.chemmater.3c01952-p003-f01,10.1021_acs.chemmater.3c01952-p003-f01-s03,AB Stacking,COF-C2-80,AB Stacking,4.443000,0.000000
10.1021_acs.chemmater.3c01952,10.1021_acs.chemmater.3c01952-p003-f01,10.1021_acs.chemmater.3c01952-p003-f01-s03,AB Stacking,COF-C2-80,AB Stacking,4.463000,0.000000
10.1021_acs.chemmater.3c01952,10.1021_acs.chemmater.3c01952-p003-f01,10.1021_acs.chemmater.3c01952-p003-f01-s03,AB Stacking,COF-C2-80,AB Stacking,4.483000,0.000000
10.1021_acs.chemmater.3c01952,10.1021_acs.chemmater.3c01952-p003-f01,10.1021_acs.chemmater.3c01952-p003-f01-s03,AB Stacking,COF-C2-80,AB Stacking,4.503000,0.000000
10.1021_acs.chemmater.3c01952,10.1021_acs.chemmater.3c01952-p003-f01,10.1021_acs.chemmater.3c01952-p003-f01-s03,AB Stacking,COF-C2-80,AB Stacking,4.523000,0.000000
10.1021_acs.chemmater.3c01952,10.1021_acs.chemmater.3c01952-p003-f01,10.1021_acs.chemmater.3c01952-p003-f01-s03,AB Stacking,COF-C2-80,AB Stacking,4.543000,0.000000
10.1021_acs.chemmater.3c01952,10.1021_acs.chemmater.3c01952-p003-f01,10.1021_acs.chemmater.3c01952-p003-f01-s03,AB Stacking,COF-C2-80,AB Stacking,4.563000,0.000000
10.1021_acs.chemmater.3c01952,10.1021_acs.chemmater.3c01952-p003-f01,10.1021_acs.chemmater.3c01952-p003-f01-s03,AB Stacking,COF-C2-80,AB Stacking,4.583000,0.000000
10.1021_acs.chemmater.3c01952,10.1021_acs.chemmater.3c01952-p003-f01,10.1021_acs.chemmater.3c01952-p003-f01-s03,AB Stacking,COF-C2-80,AB Stacking,4.603000,0.000000
10.1021_acs.chemmater.3c01952,10.1021_acs.chemmater.3c01952-p003-f01,10.1021_acs.chemmater.3c01952-p003-f01-s03,AB Stacking,COF-C2-80,AB Stacking,4.623000,0.000000
10.1021_acs.chemmater.3c01952,10.1021_acs.chemmater.3c01952-p003-f01,10.1021_acs.chemmater.3c01952-p003-f01-s03,AB Stacking,COF-C2-80,AB Stacking,4.643000,0.000000
10.1021_acs.chemmater.3c01952,10.1021_acs.chemmater.3c01952-p003-f01,10.1021_acs.chemmater.3c01952-p003-f01-s03,AB Stacking,COF-C2-80,AB Stacking,4.663000,0.000000
10.1021_acs.chemmater.3c01952,10.1021_acs.chemmater.3c01952-p003-f01,10.1021_acs.chemmater.3c01952-p003-f01-s03,AB Stacking,COF-C2-80,AB Stacking,4.683000,0.000000
10.1021_acs.chemmater.3c01952,10.1021_acs.chemmater.3c01952-p003-f01,10.1021_acs.chemmater.3c01952-p003-f01-s03,AB Stacking,COF-C2-80,AB Stacking,4.703000,0.000000
10.1021_acs.chemmater.3c01952,10.1021_acs.chemmater.3c01952-p003-f01,10.1021_acs.chemmater.3c01952-p003-f01-s03,AB Stacking,COF-C2-80,AB Stacking,4.723000,0.000000
10.1021_acs.chemmater.3c01952,10.1021_acs.chemmater.3c01952-p003-f01,10.1021_acs.chemmater.3c01952-p003-f01-s03,AB Stacking,COF-C2-80,AB Stacking,4.743000,0.000000
10.1021_acs.chemmater.3c01952,10.1021_acs.chemmater.3c01952-p003-f01,10.1021_acs.chemmater.3c01952-p003-f01-s03,AB Stacking,COF-C2-80,AB Stacking,4.763000,0.000000
10.1021_acs.chemmater.3c01952,10.1021_acs.chemmater.3c01952-p003-f01,10.1021_acs.chemmater.3c01952-p003-f01-s03,AB Stacking,COF-C2-80,AB Stacking,4.783000,0.000000
10.1021_acs.chemmater.3c01952,10.1021_acs.chemmater.3c01952-p003-f01,10.1021_acs.chemmater.3c01952-p003-f01-s03,AB Stacking,COF-C2-80,AB Stacking,4.803000,0.000000
10.1021_acs.chemmater.3c01952,10.1021_acs.chemmater.3c01952-p003-f01,10.1021_acs.chemmater.3c01952-p003-f01-s03,AB Stacking,COF-C2-80,AB Stacking,4.823000,0.000000
10.1021_acs.chemmater.3c01952,10.1021_acs.chemmater.3c01952-p003-f01,10.1021_acs.chemmater.3c01952-p003-f01-s03,AB Stacking,COF-C2-80,AB Stacking,4.843000,0.000000
10.1021_acs.chemmater.3c01952,10.1021_acs.chemmater.3c01952-p003-f01,10.1021_acs.chemmater.3c01952-p003-f01-s03,AB Stacking,COF-C2-80,AB Stacking,4.863000,0.000000
10.1021_acs.chemmater.3c01952,10.1021_acs.chemmater.3c01952-p003-f01,10.1021_acs.chemmater.3c01952-p003-f01-s03,AB Stacking,COF-C2-80,AB Stacking,4.883000,0.000000
10.1021_acs.chemmater.3c01952,10.1021_acs.chemmater.3c01952-p003-f01,10.1021_acs.chemmater.3c01952-p003-f01-s03,AB Stacking,COF-C2-80,AB Stacking,4.903000,0.000000
10.1021_acs.chemmater.3c01952,10.1021_acs.chemmater.3c01952-p003-f01,10.1021_acs.chemmater.3c01952-p003-f01-s03,AB Stacking,COF-C2-80,AB Stacking,4.923000,0.000000
10.1021_acs.chemmater.3c01952,10.1021_acs.chemmater.3c01952-p003-f01,10.1021_acs.chemmater.3c01952-p003-f01-s03,AB Stacking,COF-C2-80,AB Stacking,4.943000,0.000000
10.1021_acs.chemmater.3c01952,10.1021_acs.chemmater.3c01952-p003-f01,10.1021_acs.chemmater.3c01952-p003-f01-s03,AB Stacking,COF-C2-80,AB Stacking,4.963000,0.000000
10.1021_acs.chemmater.3c01952,10.1021_acs.chemmater.3c01952-p003-f01,10.1021_acs.chemmater.3c01952-p003-f01-s03,AB Stacking,COF-C2-80,AB Stacking,4.983000,0.000000
10.1021_acs.chemmater.3c01952,10.1021_acs.chemmater.3c01952-p003-f01,10.1021_acs.chemmater.3c01952-p003-f01-s03,AB Stacking,COF-C2-80,AB Stacking,5.003000,0.000000
10.1021_acs.chemmater.3c01952,10.1021_acs.chemmater.3c01952-p003-f01,10.1021_acs.chemmater.3c01952-p003-f01-s03,AB Stacking,COF-C2-80,AB Stacking,5.023000,0.000000
10.1021_acs.chemmater.3c01952,10.1021_acs.chemmater.3c01952-p003-f01,10.1021_acs.chemmater.3c01952-p003-f01-s03,AB Stacking,COF-C2-80,AB Stacking,5.043000,0.000000
10.1021_acs.chemmater.3c01952,10.1021_acs.chemmater.3c01952-p003-f01,10.1021_acs.chemmater.3c01952-p003-f01-s03,AB Stacking,COF-C2-80,AB Stacking,5.063000,0.000000
10.1021_acs.chemmater.3c01952,10.1021_acs.chemmater.3c01952-p003-f01,10.1021_acs.chemmater.3c01952-p003-f01-s03,AB Stacking,COF-C2-80,AB Stacking,5.083000,0.000000
10.1021_acs.chemmater.3c01952,10.1021_acs.chemmater.3c01952-p003-f01,10.1021_acs.chemmater.3c01952-p003-f01-s03,AB Stacking,COF-C2-80,AB Stacking,5.103000,0.000000
10.1021_acs.chemmater.3c01952,10.1021_acs.chemmater.3c01952-p003-f01,10.1021_acs.chemmater.3c01952-p003-f01-s03,AB Stacking,COF-C2-80,AB Stacking,5.123000,0.000000
10.1021_acs.chemmater.3c01952,10.1021_acs.chemmater.3c01952-p003-f01,10.1021_acs.chemmater.3c01952-p003-f01-s03,AB Stacking,COF-C2-80,AB Stacking,5.143000,0.000000
10.1021_acs.chemmater.3c01952,10.1021_acs.chemmater.3c01952-p003-f01,10.1021_acs.chemmater.3c01952-p003-f01-s03,AB Stacking,COF-C2-80,AB Stacking,5.163000,0.000000
10.1021_acs.chemmater.3c01952,10.1021_acs.chemmater.3c01952-p003-f01,10.1021_acs.chemmater.3c01952-p003-f01-s03,AB Stacking,COF-C2-80,AB Stacking,5.183000,0.000000
10.1021_acs.chemmater.3c01952,10.1021_acs.chemmater.3c01952-p003-f01,10.1021_acs.chemmater.3c01952-p003-f01-s03,AB Stacking,COF-C2-80,AB Stacking,5.203000,0.000100
10.1021_acs.chemmater.3c01952,10.1021_acs.chemmater.3c01952-p003-f01,10.1021_acs.chemmater.3c01952-p003-f01-s03,AB Stacking,COF-C2-80,AB Stacking,5.223000,0.000200
10.1021_acs.chemmater.3c01952,10.1021_acs.chemmater.3c01952-p003-f01,10.1021_acs.chemmater.3c01952-p003-f01-s03,AB Stacking,COF-C2-80,AB Stacking,5.243000,0.000400
10.1021_acs.chemmater.3c01952,10.1021_acs.chemmater.3c01952-p003-f01,10.1021_acs.chemmater.3c01952-p003-f01-s03,AB Stacking,COF-C2-80,AB Stacking,5.263000,0.000600
10.1021_acs.chemmater.3c01952,10.1021_acs.chemmater.3c01952-p003-f01,10.1021_acs.chemmater.3c01952-p003-f01-s03,AB Stacking,COF-C2-80,AB Stacking,5.283000,0.000800
10.1021_acs.chemmater.3c01952,10.1021_acs.chemmater.3c01952-p003-f01,10.1021_acs.chemmater.3c01952-p003-f01-s03,AB Stacking,COF-C2-80,AB Stacking,5.303000,0.001100
10.1021_acs.chemmater.3c01952,10.1021_acs.chemmater.3c01952-p003-f01,10.1021_acs.chemmater.3c01952-p003-f01-s03,AB Stacking,COF-C2-80,AB Stacking,5.323000,0.001400
10.1021_acs.chemmater.3c01952,10.1021_acs.chemmater.3c01952-p003-f01,10.1021_acs.chemmater.3c01952-p003-f01-s03,AB Stacking,COF-C2-80,AB Stacking,5.343000,0.001700
10.1021_acs.chemmater.3c01952,10.1021_acs.chemmater.3c01952-p003-f01,10.1021_acs.chemmater.3c01952-p003-f01-s03,AB Stacking,COF-C2-80,AB Stacking,5.363000,0.002000
10.1021_acs.chemmater.3c01952,10.1021_acs.chemmater.3c01952-p003-f01,10.1021_acs.chemmater.3c01952-p003-f01-s03,AB Stacking,COF-C2-80,AB Stacking,5.383000,0.002300
10.1021_acs.chemmater.3c01952,10.1021_acs.chemmater.3c01952-p003-f01,10.1021_acs.chemmater.3c01952-p003-f01-s03,AB Stacking,COF-C2-80,AB Stacking,5.403000,0.002500
10.1021_acs.chemmater.3c01952,10.1021_acs.chemmater.3c01952-p003-f01,10.1021_acs.chemmater.3c01952-p003-f01-s03,AB Stacking,COF-C2-80,AB Stacking,5.423000,0.002800
10.1021_acs.chemmater.3c01952,10.1021_acs.chemmater.3c01952-p003-f01,10.1021_acs.chemmater.3c01952-p003-f01-s03,AB Stacking,COF-C2-80,AB Stacking,5.443000,0.003100
10.1021_acs.chemmater.3c01952,10.1021_acs.chemmater.3c01952-p003-f01,10.1021_acs.chemmater.3c01952-p003-f01-s03,AB Stacking,COF-C2-80,AB Stacking,5.463000,0.003300
10.1021_acs.chemmater.3c01952,10.1021_acs.chemmater.3c01952-p003-f01,10.1021_acs.chemmater.3c01952-p003-f01-s03,AB Stacking,COF-C2-80,AB Stacking,5.483000,0.003600
10.1021_acs.chemmater.3c01952,10.1021_acs.chemmater.3c01952-p003-f01,10.1021_acs.chemmater.3c01952-p003-f01-s03,AB Stacking,COF-C2-80,AB Stacking,5.503000,0.003900
10.1021_acs.chemmater.3c01952,10.1021_acs.chemmater.3c01952-p003-f01,10.1021_acs.chemmater.3c01952-p003-f01-s03,AB Stacking,COF-C2-80,AB Stacking,5.523000,0.004100
10.1021_acs.chemmater.3c01952,10.1021_acs.chemmater.3c01952-p003-f01,10.1021_acs.chemmater.3c01952-p003-f01-s03,AB Stacking,COF-C2-80,AB Stacking,5.543000,0.004400
10.1021_acs.chemmater.3c01952,10.1021_acs.chemmater.3c01952-p003-f01,10.1021_acs.chemmater.3c01952-p003-f01-s03,AB Stacking,COF-C2-80,AB Stacking,5.563000,0.004700
10.1021_acs.chemmater.3c01952,10.1021_acs.chemmater.3c01952-p003-f01,10.1021_acs.chemmater.3c01952-p003-f01-s03,AB Stacking,COF-C2-80,AB Stacking,5.583000,0.004900
10.1021_acs.chemmater.3c01952,10.1021_acs.chemmater.3c01952-p003-f01,10.1021_acs.chemmater.3c01952-p003-f01-s03,AB Stacking,COF-C2-80,AB Stacking,5.603000,0.005200
10.1021_acs.chemmater.3c01952,10.1021_acs.chemmater.3c01952-p003-f01,10.1021_acs.chemmater.3c01952-p003-f01-s03,AB Stacking,COF-C2-80,AB Stacking,5.623000,0.005400
10.1021_acs.chemmater.3c01952,10.1021_acs.chemmater.3c01952-p003-f01,10.1021_acs.chemmater.3c01952-p003-f01-s03,AB Stacking,COF-C2-80,AB Stacking,5.643000,0.005700
10.1021_acs.chemmater.3c01952,10.1021_acs.chemmater.3c01952-p003-f01,10.1021_acs.chemmater.3c01952-p003-f01-s03,AB Stacking,COF-C2-80,AB Stacking,5.663000,0.006000
10.1021_acs.chemmater.3c01952,10.1021_acs.chemmater.3c01952-p003-f01,10.1021_acs.chemmater.3c01952-p003-f01-s03,AB Stacking,COF-C2-80,AB Stacking,5.683000,0.006200
10.1021_acs.chemmater.3c01952,10.1021_acs.chemmater.3c01952-p003-f01,10.1021_acs.chemmater.3c01952-p003-f01-s03,AB Stacking,COF-C2-80,AB Stacking,5.703000,0.006500
10.1021_acs.chemmater.3c01952,10.1021_acs.chemmater.3c01952-p003-f01,10.1021_acs.chemmater.3c01952-p003-f01-s03,AB Stacking,COF-C2-80,AB Stacking,5.723000,0.006900
10.1021_acs.chemmater.3c01952,10.1021_acs.chemmater.3c01952-p003-f01,10.1021_acs.chemmater.3c01952-p003-f01-s03,AB Stacking,COF-C2-80,AB Stacking,5.743000,0.007600
10.1021_acs.chemmater.3c01952,10.1021_acs.chemmater.3c01952-p003-f01,10.1021_acs.chemmater.3c01952-p003-f01-s03,AB Stacking,COF-C2-80,AB Stacking,5.763000,0.007200
10.1021_acs.chemmater.3c01952,10.1021_acs.chemmater.3c01952-p003-f01,10.1021_acs.chemmater.3c01952-p003-f01-s03,AB Stacking,COF-C2-80,AB Stacking,5.783000,-0.009400
10.1021_acs.chemmater.3c01952,10.1021_acs.chemmater.3c01952-p003-f01,10.1021_acs.chemmater.3c01952-p003-f01-s03,AB Stacking,COF-C2-80,AB Stacking,5.803000,-0.041800
10.1021_acs.chemmater.3c01952,10.1021_acs.chemmater.3c01952-p003-f01,10.1021_acs.chemmater.3c01952-p003-f01-s03,AB Stacking,COF-C2-80,AB Stacking,5.823000,-0.051900
10.1021_acs.chemmater.3c01952,10.1021_acs.chemmater.3c01952-p003-f01,10.1021_acs.chemmater.3c01952-p003-f01-s03,AB Stacking,COF-C2-80,AB Stacking,5.843000,-0.008500
10.1021_acs.chemmater.3c01952,10.1021_acs.chemmater.3c01952-p003-f01,10.1021_acs.chemmater.3c01952-p003-f01-s03,AB Stacking,COF-C2-80,AB Stacking,5.863000,0.111700
10.1021_acs.chemmater.3c01952,10.1021_acs.chemmater.3c01952-p003-f01,10.1021_acs.chemmater.3c01952-p003-f01-s03,AB Stacking,COF-C2-80,AB Stacking,5.883000,0.323600
10.1021_acs.chemmater.3c01952,10.1021_acs.chemmater.3c01952-p003-f01,10.1021_acs.chemmater.3c01952-p003-f01-s03,AB Stacking,COF-C2-80,AB Stacking,5.903000,0.657400
10.1021_acs.chemmater.3c01952,10.1021_acs.chemmater.3c01952-p003-f01,10.1021_acs.chemmater.3c01952-p003-f01-s03,AB Stacking,COF-C2-80,AB Stacking,5.923000,1.091800
10.1021_acs.chemmater.3c01952,10.1021_acs.chemmater.3c01952-p003-f01,10.1021_acs.chemmater.3c01952-p003-f01-s03,AB Stacking,COF-C2-80,AB Stacking,5.943000,1.574000
10.1021_acs.chemmater.3c01952,10.1021_acs.chemmater.3c01952-p003-f01,10.1021_acs.chemmater.3c01952-p003-f01-s03,AB Stacking,COF-C2-80,AB Stacking,5.963000,2.044600
10.1021_acs.chemmater.3c01952,10.1021_acs.chemmater.3c01952-p003-f01,10.1021_acs.chemmater.3c01952-p003-f01-s03,AB Stacking,COF-C2-80,AB Stacking,5.983000,2.445600
10.1021_acs.chemmater.3c01952,10.1021_acs.chemmater.3c01952-p003-f01,10.1021_acs.chemmater.3c01952-p003-f01-s03,AB Stacking,COF-C2-80,AB Stacking,6.003000,2.752100
10.1021_acs.chemmater.3c01952,10.1021_acs.chemmater.3c01952-p003-f01,10.1021_acs.chemmater.3c01952-p003-f01-s03,AB Stacking,COF-C2-80,AB Stacking,6.023000,2.927500
10.1021_acs.chemmater.3c01952,10.1021_acs.chemmater.3c01952-p003-f01,10.1021_acs.chemmater.3c01952-p003-f01-s03,AB Stacking,COF-C2-80,AB Stacking,6.043000,2.943900
10.1021_acs.chemmater.3c01952,10.1021_acs.chemmater.3c01952-p003-f01,10.1021_acs.chemmater.3c01952-p003-f01-s03,AB Stacking,COF-C2-80,AB Stacking,6.063000,2.799800
10.1021_acs.chemmater.3c01952,10.1021_acs.chemmater.3c01952-p003-f01,10.1021_acs.chemmater.3c01952-p003-f01-s03,AB Stacking,COF-C2-80,AB Stacking,6.083000,2.518000
10.1021_acs.chemmater.3c01952,10.1021_acs.chemmater.3c01952-p003-f01,10.1021_acs.chemmater.3c01952-p003-f01-s03,AB Stacking,COF-C2-80,AB Stacking,6.103000,2.129400
10.1021_acs.chemmater.3c01952,10.1021_acs.chemmater.3c01952-p003-f01,10.1021_acs.chemmater.3c01952-p003-f01-s03,AB Stacking,COF-C2-80,AB Stacking,6.123000,1.657000
10.1021_acs.chemmater.3c01952,10.1021_acs.chemmater.3c01952-p003-f01,10.1021_acs.chemmater.3c01952-p003-f01-s03,AB Stacking,COF-C2-80,AB Stacking,6.143000,1.162800
10.1021_acs.chemmater.3c01952,10.1021_acs.chemmater.3c01952-p003-f01,10.1021_acs.chemmater.3c01952-p003-f01-s03,AB Stacking,COF-C2-80,AB Stacking,6.163000,0.712600
10.1021_acs.chemmater.3c01952,10.1021_acs.chemmater.3c01952-p003-f01,10.1021_acs.chemmater.3c01952-p003-f01-s03,AB Stacking,COF-C2-80,AB Stacking,6.183000,0.361000
10.1021_acs.chemmater.3c01952,10.1021_acs.chemmater.3c01952-p003-f01,10.1021_acs.chemmater.3c01952-p003-f01-s03,AB Stacking,COF-C2-80,AB Stacking,6.203000,0.133200
10.1021_acs.chemmater.3c01952,10.1021_acs.chemmater.3c01952-p003-f01,10.1021_acs.chemmater.3c01952-p003-f01-s03,AB Stacking,COF-C2-80,AB Stacking,6.223000,0.001000
10.1021_acs.chemmater.3c01952,10.1021_acs.chemmater.3c01952-p003-f01,10.1021_acs.chemmater.3c01952-p003-f01-s03,AB Stacking,COF-C2-80,AB Stacking,6.243000,-0.048300
10.1021_acs.chemmater.3c01952,10.1021_acs.chemmater.3c01952-p003-f01,10.1021_acs.chemmater.3c01952-p003-f01-s03,AB Stacking,COF-C2-80,AB Stacking,6.263000,-0.038600
10.1021_acs.chemmater.3c01952,10.1021_acs.chemmater.3c01952-p003-f01,10.1021_acs.chemmater.3c01952-p003-f01-s03,AB Stacking,COF-C2-80,AB Stacking,6.283000,-0.004200
10.1021_acs.chemmater.3c01952,10.1021_acs.chemmater.3c01952-p003-f01,10.1021_acs.chemmater.3c01952-p003-f01-s03,AB Stacking,COF-C2-80,AB Stacking,6.303000,0.013400
10.1021_acs.chemmater.3c01952,10.1021_acs.chemmater.3c01952-p003-f01,10.1021_acs.chemmater.3c01952-p003-f01-s03,AB Stacking,COF-C2-80,AB Stacking,6.323000,0.013600
10.1021_acs.chemmater.3c01952,10.1021_acs.chemmater.3c01952-p003-f01,10.1021_acs.chemmater.3c01952-p003-f01-s03,AB Stacking,COF-C2-80,AB Stacking,6.343000,0.013800
10.1021_acs.chemmater.3c01952,10.1021_acs.chemmater.3c01952-p003-f01,10.1021_acs.chemmater.3c01952-p003-f01-s03,AB Stacking,COF-C2-80,AB Stacking,6.363000,0.014000
10.1021_acs.chemmater.3c01952,10.1021_acs.chemmater.3c01952-p003-f01,10.1021_acs.chemmater.3c01952-p003-f01-s03,AB Stacking,COF-C2-80,AB Stacking,6.383000,0.014200
10.1021_acs.chemmater.3c01952,10.1021_acs.chemmater.3c01952-p003-f01,10.1021_acs.chemmater.3c01952-p003-f01-s03,AB Stacking,COF-C2-80,AB Stacking,6.403000,0.014400
10.1021_acs.chemmater.3c01952,10.1021_acs.chemmater.3c01952-p003-f01,10.1021_acs.chemmater.3c01952-p003-f01-s03,AB Stacking,COF-C2-80,AB Stacking,6.423000,0.014600
10.1021_acs.chemmater.3c01952,10.1021_acs.chemmater.3c01952-p003-f01,10.1021_acs.chemmater.3c01952-p003-f01-s03,AB Stacking,COF-C2-80,AB Stacking,6.443000,0.014800
10.1021_acs.chemmater.3c01952,10.1021_acs.chemmater.3c01952-p003-f01,10.1021_acs.chemmater.3c01952-p003-f01-s03,AB Stacking,COF-C2-80,AB Stacking,6.463000,0.015000
10.1021_acs.chemmater.3c01952,10.1021_acs.chemmater.3c01952-p003-f01,10.1021_acs.chemmater.3c01952-p003-f01-s03,AB Stacking,COF-C2-80,AB Stacking,6.483000,0.015100
10.1021_acs.chemmater.3c01952,10.1021_acs.chemmater.3c01952-p003-f01,10.1021_acs.chemmater.3c01952-p003-f01-s03,AB Stacking,COF-C2-80,AB Stacking,6.503000,0.015300
10.1021_acs.chemmater.3c01952,10.1021_acs.chemmater.3c01952-p003-f01,10.1021_acs.chemmater.3c01952-p003-f01-s03,AB Stacking,COF-C2-80,AB Stacking,6.523000,0.015500
10.1021_acs.chemmater.3c01952,10.1021_acs.chemmater.3c01952-p003-f01,10.1021_acs.chemmater.3c01952-p003-f01-s03,AB Stacking,COF-C2-80,AB Stacking,6.543000,0.015700
10.1021_acs.chemmater.3c01952,10.1021_acs.chemmater.3c01952-p003-f01,10.1021_acs.chemmater.3c01952-p003-f01-s03,AB Stacking,COF-C2-80,AB Stacking,6.563000,0.015900
10.1021_acs.chemmater.3c01952,10.1021_acs.chemmater.3c01952-p003-f01,10.1021_acs.chemmater.3c01952-p003-f01-s03,AB Stacking,COF-C2-80,AB Stacking,6.583000,0.016100
10.1021_acs.chemmater.3c01952,10.1021_acs.chemmater.3c01952-p003-f01,10.1021_acs.chemmater.3c01952-p003-f01-s03,AB Stacking,COF-C2-80,AB Stacking,6.603000,0.016200
10.1021_acs.chemmater.3c01952,10.1021_acs.chemmater.3c01952-p003-f01,10.1021_acs.chemmater.3c01952-p003-f01-s03,AB Stacking,COF-C2-80,AB Stacking,6.623000,0.016400
10.1021_acs.chemmater.3c01952,10.1021_acs.chemmater.3c01952-p003-f01,10.1021_acs.chemmater.3c01952-p003-f01-s03,AB Stacking,COF-C2-80,AB Stacking,6.643000,0.016600
10.1021_acs.chemmater.3c01952,10.1021_acs.chemmater.3c01952-p003-f01,10.1021_acs.chemmater.3c01952-p003-f01-s03,AB Stacking,COF-C2-80,AB Stacking,6.663000,0.016800
10.1021_acs.chemmater.3c01952,10.1021_acs.chemmater.3c01952-p003-f01,10.1021_acs.chemmater.3c01952-p003-f01-s03,AB Stacking,COF-C2-80,AB Stacking,6.683000,0.016900
10.1021_acs.chemmater.3c01952,10.1021_acs.chemmater.3c01952-p003-f01,10.1021_acs.chemmater.3c01952-p003-f01-s03,AB Stacking,COF-C2-80,AB Stacking,6.703000,0.017100
10.1021_acs.chemmater.3c01952,10.1021_acs.chemmater.3c01952-p003-f01,10.1021_acs.chemmater.3c01952-p003-f01-s03,AB Stacking,COF-C2-80,AB Stacking,6.723000,0.017300
10.1021_acs.chemmater.3c01952,10.1021_acs.chemmater.3c01952-p003-f01,10.1021_acs.chemmater.3c01952-p003-f01-s03,AB Stacking,COF-C2-80,AB Stacking,6.743000,-0.012000
10.1021_acs.chemmater.3c01952,10.1021_acs.chemmater.3c01952-p003-f01,10.1021_acs.chemmater.3c01952-p003-f01-s03,AB Stacking,COF-C2-80,AB Stacking,6.763000,-0.054600
10.1021_acs.chemmater.3c01952,10.1021_acs.chemmater.3c01952-p003-f01,10.1021_acs.chemmater.3c01952-p003-f01-s03,AB Stacking,COF-C2-80,AB Stacking,6.783000,-0.080700
10.1021_acs.chemmater.3c01952,10.1021_acs.chemmater.3c01952-p003-f01,10.1021_acs.chemmater.3c01952-p003-f01-s03,AB Stacking,COF-C2-80,AB Stacking,6.803000,0.011900
10.1021_acs.chemmater.3c01952,10.1021_acs.chemmater.3c01952-p003-f01,10.1021_acs.chemmater.3c01952-p003-f01-s03,AB Stacking,COF-C2-80,AB Stacking,6.823000,0.239000
10.1021_acs.chemmater.3c01952,10.1021_acs.chemmater.3c01952-p003-f01,10.1021_acs.chemmater.3c01952-p003-f01-s03,AB Stacking,COF-C2-80,AB Stacking,6.843000,0.595300
10.1021_acs.chemmater.3c01952,10.1021_acs.chemmater.3c01952-p003-f01,10.1021_acs.chemmater.3c01952-p003-f01-s03,AB Stacking,COF-C2-80,AB Stacking,6.863000,1.099700
10.1021_acs.chemmater.3c01952,10.1021_acs.chemmater.3c01952-p003-f01,10.1021_acs.chemmater.3c01952-p003-f01-s03,AB Stacking,COF-C2-80,AB Stacking,6.883000,1.706200
10.1021_acs.chemmater.3c01952,10.1021_acs.chemmater.3c01952-p003-f01,10.1021_acs.chemmater.3c01952-p003-f01-s03,AB Stacking,COF-C2-80,AB Stacking,6.903000,2.329500
10.1021_acs.chemmater.3c01952,10.1021_acs.chemmater.3c01952-p003-f01,10.1021_acs.chemmater.3c01952-p003-f01-s03,AB Stacking,COF-C2-80,AB Stacking,6.923000,2.821800
10.1021_acs.chemmater.3c01952,10.1021_acs.chemmater.3c01952-p003-f01,10.1021_acs.chemmater.3c01952-p003-f01-s03,AB Stacking,COF-C2-80,AB Stacking,6.943000,3.161000
10.1021_acs.chemmater.3c01952,10.1021_acs.chemmater.3c01952-p003-f01,10.1021_acs.chemmater.3c01952-p003-f01-s03,AB Stacking,COF-C2-80,AB Stacking,6.963000,3.310600
10.1021_acs.chemmater.3c01952,10.1021_acs.chemmater.3c01952-p003-f01,10.1021_acs.chemmater.3c01952-p003-f01-s03,AB Stacking,COF-C2-80,AB Stacking,6.983000,3.213400
10.1021_acs.chemmater.3c01952,10.1021_acs.chemmater.3c01952-p003-f01,10.1021_acs.chemmater.3c01952-p003-f01-s03,AB Stacking,COF-C2-80,AB Stacking,7.003000,2.950500
10.1021_acs.chemmater.3c01952,10.1021_acs.chemmater.3c01952-p003-f01,10.1021_acs.chemmater.3c01952-p003-f01-s03,AB Stacking,COF-C2-80,AB Stacking,7.023000,2.521900
10.1021_acs.chemmater.3c01952,10.1021_acs.chemmater.3c01952-p003-f01,10.1021_acs.chemmater.3c01952-p003-f01-s03,AB Stacking,COF-C2-80,AB Stacking,7.043000,1.973300
10.1021_acs.chemmater.3c01952,10.1021_acs.chemmater.3c01952-p003-f01,10.1021_acs.chemmater.3c01952-p003-f01-s03,AB Stacking,COF-C2-80,AB Stacking,7.063000,1.423300
10.1021_acs.chemmater.3c01952,10.1021_acs.chemmater.3c01952-p003-f01,10.1021_acs.chemmater.3c01952-p003-f01-s03,AB Stacking,COF-C2-80,AB Stacking,7.083000,0.924800
10.1021_acs.chemmater.3c01952,10.1021_acs.chemmater.3c01952-p003-f01,10.1021_acs.chemmater.3c01952-p003-f01-s03,AB Stacking,COF-C2-80,AB Stacking,7.103000,0.506600
10.1021_acs.chemmater.3c01952,10.1021_acs.chemmater.3c01952-p003-f01,10.1021_acs.chemmater.3c01952-p003-f01-s03,AB Stacking,COF-C2-80,AB Stacking,7.123000,0.173600
10.1021_acs.chemmater.3c01952,10.1021_acs.chemmater.3c01952-p003-f01,10.1021_acs.chemmater.3c01952-p003-f01-s03,AB Stacking,COF-C2-80,AB Stacking,7.143000,0.014300
10.1021_acs.chemmater.3c01952,10.1021_acs.chemmater.3c01952-p003-f01,10.1021_acs.chemmater.3c01952-p003-f01-s03,AB Stacking,COF-C2-80,AB Stacking,7.163000,-0.033600
10.1021_acs.chemmater.3c01952,10.1021_acs.chemmater.3c01952-p003-f01,10.1021_acs.chemmater.3c01952-p003-f01-s03,AB Stacking,COF-C2-80,AB Stacking,7.183000,-0.041800
10.1021_acs.chemmater.3c01952,10.1021_acs.chemmater.3c01952-p003-f01,10.1021_acs.chemmater.3c01952-p003-f01-s03,AB Stacking,COF-C2-80,AB Stacking,7.203000,-0.011500
10.1021_acs.chemmater.3c01952,10.1021_acs.chemmater.3c01952-p003-f01,10.1021_acs.chemmater.3c01952-p003-f01-s03,AB Stacking,COF-C2-80,AB Stacking,7.223000,0.017200
10.1021_acs.chemmater.3c01952,10.1021_acs.chemmater.3c01952-p003-f01,10.1021_acs.chemmater.3c01952-p003-f01-s03,AB Stacking,COF-C2-80,AB Stacking,7.243000,0.022000
10.1021_acs.chemmater.3c01952,10.1021_acs.chemmater.3c01952-p003-f01,10.1021_acs.chemmater.3c01952-p003-f01-s03,AB Stacking,COF-C2-80,AB Stacking,7.263000,0.021700
10.1021_acs.chemmater.3c01952,10.1021_acs.chemmater.3c01952-p003-f01,10.1021_acs.chemmater.3c01952-p003-f01-s03,AB Stacking,COF-C2-80,AB Stacking,7.283000,0.021200
10.1021_acs.chemmater.3c01952,10.1021_acs.chemmater.3c01952-p003-f01,10.1021_acs.chemmater.3c01952-p003-f01-s03,AB Stacking,COF-C2-80,AB Stacking,7.303000,0.021300
10.1021_acs.chemmater.3c01952,10.1021_acs.chemmater.3c01952-p003-f01,10.1021_acs.chemmater.3c01952-p003-f01-s03,AB Stacking,COF-C2-80,AB Stacking,7.323000,0.021400
10.1021_acs.chemmater.3c01952,10.1021_acs.chemmater.3c01952-p003-f01,10.1021_acs.chemmater.3c01952-p003-f01-s03,AB Stacking,COF-C2-80,AB Stacking,7.343000,0.021500
10.1021_acs.chemmater.3c01952,10.1021_acs.chemmater.3c01952-p003-f01,10.1021_acs.chemmater.3c01952-p003-f01-s03,AB Stacking,COF-C2-80,AB Stacking,7.363000,0.021600
10.1021_acs.chemmater.3c01952,10.1021_acs.chemmater.3c01952-p003-f01,10.1021_acs.chemmater.3c01952-p003-f01-s03,AB Stacking,COF-C2-80,AB Stacking,7.383000,0.021700
10.1021_acs.chemmater.3c01952,10.1021_acs.chemmater.3c01952-p003-f01,10.1021_acs.chemmater.3c01952-p003-f01-s03,AB Stacking,COF-C2-80,AB Stacking,7.403000,0.021800
10.1021_acs.chemmater.3c01952,10.1021_acs.chemmater.3c01952-p003-f01,10.1021_acs.chemmater.3c01952-p003-f01-s03,AB Stacking,COF-C2-80,AB Stacking,7.423000,0.021900
10.1021_acs.chemmater.3c01952,10.1021_acs.chemmater.3c01952-p003-f01,10.1021_acs.chemmater.3c01952-p003-f01-s03,AB Stacking,COF-C2-80,AB Stacking,7.443000,0.022000
10.1021_acs.chemmater.3c01952,10.1021_acs.chemmater.3c01952-p003-f01,10.1021_acs.chemmater.3c01952-p003-f01-s03,AB Stacking,COF-C2-80,AB Stacking,7.463000,0.022100
10.1021_acs.chemmater.3c01952,10.1021_acs.chemmater.3c01952-p003-f01,10.1021_acs.chemmater.3c01952-p003-f01-s03,AB Stacking,COF-C2-80,AB Stacking,7.483000,0.022200
10.1021_acs.chemmater.3c01952,10.1021_acs.chemmater.3c01952-p003-f01,10.1021_acs.chemmater.3c01952-p003-f01-s03,AB Stacking,COF-C2-80,AB Stacking,7.503000,0.022300
10.1021_acs.chemmater.3c01952,10.1021_acs.chemmater.3c01952-p003-f01,10.1021_acs.chemmater.3c01952-p003-f01-s03,AB Stacking,COF-C2-80,AB Stacking,7.523000,0.022400
10.1021_acs.chemmater.3c01952,10.1021_acs.chemmater.3c01952-p003-f01,10.1021_acs.chemmater.3c01952-p003-f01-s03,AB Stacking,COF-C2-80,AB Stacking,7.543000,0.022500
10.1021_acs.chemmater.3c01952,10.1021_acs.chemmater.3c01952-p003-f01,10.1021_acs.chemmater.3c01952-p003-f01-s03,AB Stacking,COF-C2-80,AB Stacking,7.563000,0.022600
10.1021_acs.chemmater.3c01952,10.1021_acs.chemmater.3c01952-p003-f01,10.1021_acs.chemmater.3c01952-p003-f01-s03,AB Stacking,COF-C2-80,AB Stacking,7.583000,0.022600
10.1021_acs.chemmater.3c01952,10.1021_acs.chemmater.3c01952-p003-f01,10.1021_acs.chemmater.3c01952-p003-f01-s03,AB Stacking,COF-C2-80,AB Stacking,7.603000,0.022700
10.1021_acs.chemmater.3c01952,10.1021_acs.chemmater.3c01952-p003-f01,10.1021_acs.chemmater.3c01952-p003-f01-s03,AB Stacking,COF-C2-80,AB Stacking,7.623000,0.022800
10.1021_acs.chemmater.3c01952,10.1021_acs.chemmater.3c01952-p003-f01,10.1021_acs.chemmater.3c01952-p003-f01-s03,AB Stacking,COF-C2-80,AB Stacking,7.643000,0.022900
10.1021_acs.chemmater.3c01952,10.1021_acs.chemmater.3c01952-p003-f01,10.1021_acs.chemmater.3c01952-p003-f01-s03,AB Stacking,COF-C2-80,AB Stacking,7.663000,0.023000
10.1021_acs.chemmater.3c01952,10.1021_acs.chemmater.3c01952-p003-f01,10.1021_acs.chemmater.3c01952-p003-f01-s03,AB Stacking,COF-C2-80,AB Stacking,7.683000,0.023000
10.1021_acs.chemmater.3c01952,10.1021_acs.chemmater.3c01952-p003-f01,10.1021_acs.chemmater.3c01952-p003-f01-s03,AB Stacking,COF-C2-80,AB Stacking,7.703000,0.023100
10.1021_acs.chemmater.3c01952,10.1021_acs.chemmater.3c01952-p003-f01,10.1021_acs.chemmater.3c01952-p003-f01-s03,AB Stacking,COF-C2-80,AB Stacking,7.723000,0.023200
10.1021_acs.chemmater.3c01952,10.1021_acs.chemmater.3c01952-p003-f01,10.1021_acs.chemmater.3c01952-p003-f01-s03,AB Stacking,COF-C2-80,AB Stacking,7.743000,0.023300
10.1021_acs.chemmater.3c01952,10.1021_acs.chemmater.3c01952-p003-f01,10.1021_acs.chemmater.3c01952-p003-f01-s03,AB Stacking,COF-C2-80,AB Stacking,7.763000,0.023300
10.1021_acs.chemmater.3c01952,10.1021_acs.chemmater.3c01952-p003-f01,10.1021_acs.chemmater.3c01952-p003-f01-s03,AB Stacking,COF-C2-80,AB Stacking,7.783000,0.023400
10.1021_acs.chemmater.3c01952,10.1021_acs.chemmater.3c01952-p003-f01,10.1021_acs.chemmater.3c01952-p003-f01-s03,AB Stacking,COF-C2-80,AB Stacking,7.803000,0.023500
10.1021_acs.chemmater.3c01952,10.1021_acs.chemmater.3c01952-p003-f01,10.1021_acs.chemmater.3c01952-p003-f01-s03,AB Stacking,COF-C2-80,AB Stacking,7.823000,0.023500
10.1021_acs.chemmater.3c01952,10.1021_acs.chemmater.3c01952-p003-f01,10.1021_acs.chemmater.3c01952-p003-f01-s03,AB Stacking,COF-C2-80,AB Stacking,7.843000,0.023600
10.1021_acs.chemmater.3c01952,10.1021_acs.chemmater.3c01952-p003-f01,10.1021_acs.chemmater.3c01952-p003-f01-s03,AB Stacking,COF-C2-80,AB Stacking,7.863000,0.023600
10.1021_acs.chemmater.3c01952,10.1021_acs.chemmater.3c01952-p003-f01,10.1021_acs.chemmater.3c01952-p003-f01-s03,AB Stacking,COF-C2-80,AB Stacking,7.883000,0.023700
10.1021_acs.chemmater.3c01952,10.1021_acs.chemmater.3c01952-p003-f01,10.1021_acs.chemmater.3c01952-p003-f01-s03,AB Stacking,COF-C2-80,AB Stacking,7.903000,0.023800
10.1021_acs.chemmater.3c01952,10.1021_acs.chemmater.3c01952-p003-f01,10.1021_acs.chemmater.3c01952-p003-f01-s03,AB Stacking,COF-C2-80,AB Stacking,7.923000,0.023800
10.1021_acs.chemmater.3c01952,10.1021_acs.chemmater.3c01952-p003-f01,10.1021_acs.chemmater.3c01952-p003-f01-s03,AB Stacking,COF-C2-80,AB Stacking,7.943000,0.023900
10.1021_acs.chemmater.3c01952,10.1021_acs.chemmater.3c01952-p003-f01,10.1021_acs.chemmater.3c01952-p003-f01-s03,AB Stacking,COF-C2-80,AB Stacking,7.963000,0.023900
10.1021_acs.chemmater.3c01952,10.1021_acs.chemmater.3c01952-p003-f01,10.1021_acs.chemmater.3c01952-p003-f01-s03,AB Stacking,COF-C2-80,AB Stacking,7.983000,0.024000
10.1021_acs.chemmater.3c01952,10.1021_acs.chemmater.3c01952-p003-f01,10.1021_acs.chemmater.3c01952-p003-f01-s03,AB Stacking,COF-C2-80,AB Stacking,8.003000,0.024000
10.1021_acs.chemmater.3c01952,10.1021_acs.chemmater.3c01952-p003-f01,10.1021_acs.chemmater.3c01952-p003-f01-s03,AB Stacking,COF-C2-80,AB Stacking,8.023000,0.024100
10.1021_acs.chemmater.3c01952,10.1021_acs.chemmater.3c01952-p003-f01,10.1021_acs.chemmater.3c01952-p003-f01-s03,AB Stacking,COF-C2-80,AB Stacking,8.043000,0.024100
10.1021_acs.chemmater.3c01952,10.1021_acs.chemmater.3c01952-p003-f01,10.1021_acs.chemmater.3c01952-p003-f01-s03,AB Stacking,COF-C2-80,AB Stacking,8.063000,0.024200
10.1021_acs.chemmater.3c01952,10.1021_acs.chemmater.3c01952-p003-f01,10.1021_acs.chemmater.3c01952-p003-f01-s03,AB Stacking,COF-C2-80,AB Stacking,8.083000,0.024200
10.1021_acs.chemmater.3c01952,10.1021_acs.chemmater.3c01952-p003-f01,10.1021_acs.chemmater.3c01952-p003-f01-s03,AB Stacking,COF-C2-80,AB Stacking,8.103000,0.024300
10.1021_acs.chemmater.3c01952,10.1021_acs.chemmater.3c01952-p003-f01,10.1021_acs.chemmater.3c01952-p003-f01-s03,AB Stacking,COF-C2-80,AB Stacking,8.123000,0.024300
10.1021_acs.chemmater.3c01952,10.1021_acs.chemmater.3c01952-p003-f01,10.1021_acs.chemmater.3c01952-p003-f01-s03,AB Stacking,COF-C2-80,AB Stacking,8.143000,0.024400
10.1021_acs.chemmater.3c01952,10.1021_acs.chemmater.3c01952-p003-f01,10.1021_acs.chemmater.3c01952-p003-f01-s03,AB Stacking,COF-C2-80,AB Stacking,8.163000,0.024400
10.1021_acs.chemmater.3c01952,10.1021_acs.chemmater.3c01952-p003-f01,10.1021_acs.chemmater.3c01952-p003-f01-s03,AB Stacking,COF-C2-80,AB Stacking,8.183000,0.024400
10.1021_acs.chemmater.3c01952,10.1021_acs.chemmater.3c01952-p003-f01,10.1021_acs.chemmater.3c01952-p003-f01-s03,AB Stacking,COF-C2-80,AB Stacking,8.203000,0.024500
10.1021_acs.chemmater.3c01952,10.1021_acs.chemmater.3c01952-p003-f01,10.1021_acs.chemmater.3c01952-p003-f01-s03,AB Stacking,COF-C2-80,AB Stacking,8.223000,0.024500
10.1021_acs.chemmater.3c01952,10.1021_acs.chemmater.3c01952-p003-f01,10.1021_acs.chemmater.3c01952-p003-f01-s03,AB Stacking,COF-C2-80,AB Stacking,8.243000,0.024500
10.1021_acs.chemmater.3c01952,10.1021_acs.chemmater.3c01952-p003-f01,10.1021_acs.chemmater.3c01952-p003-f01-s03,AB Stacking,COF-C2-80,AB Stacking,8.263000,0.024600
10.1021_acs.chemmater.3c01952,10.1021_acs.chemmater.3c01952-p003-f01,10.1021_acs.chemmater.3c01952-p003-f01-s03,AB Stacking,COF-C2-80,AB Stacking,8.283000,0.024600
10.1021_acs.chemmater.3c01952,10.1021_acs.chemmater.3c01952-p003-f01,10.1021_acs.chemmater.3c01952-p003-f01-s03,AB Stacking,COF-C2-80,AB Stacking,8.303000,0.024600
10.1021_acs.chemmater.3c01952,10.1021_acs.chemmater.3c01952-p003-f01,10.1021_acs.chemmater.3c01952-p003-f01-s03,AB Stacking,COF-C2-80,AB Stacking,8.323000,0.024700
10.1021_acs.chemmater.3c01952,10.1021_acs.chemmater.3c01952-p003-f01,10.1021_acs.chemmater.3c01952-p003-f01-s03,AB Stacking,COF-C2-80,AB Stacking,8.343000,0.024700
10.1021_acs.chemmater.3c01952,10.1021_acs.chemmater.3c01952-p003-f01,10.1021_acs.chemmater.3c01952-p003-f01-s03,AB Stacking,COF-C2-80,AB Stacking,8.363000,0.024700
10.1021_acs.chemmater.3c01952,10.1021_acs.chemmater.3c01952-p003-f01,10.1021_acs.chemmater.3c01952-p003-f01-s03,AB Stacking,COF-C2-80,AB Stacking,8.383000,0.024700
10.1021_acs.chemmater.3c01952,10.1021_acs.chemmater.3c01952-p003-f01,10.1021_acs.chemmater.3c01952-p003-f01-s03,AB Stacking,COF-C2-80,AB Stacking,8.403000,0.024800
10.1021_acs.chemmater.3c01952,10.1021_acs.chemmater.3c01952-p003-f01,10.1021_acs.chemmater.3c01952-p003-f01-s03,AB Stacking,COF-C2-80,AB Stacking,8.423000,0.024800
10.1021_acs.chemmater.3c01952,10.1021_acs.chemmater.3c01952-p003-f01,10.1021_acs.chemmater.3c01952-p003-f01-s03,AB Stacking,COF-C2-80,AB Stacking,8.443000,0.024800
10.1021_acs.chemmater.3c01952,10.1021_acs.chemmater.3c01952-p003-f01,10.1021_acs.chemmater.3c01952-p003-f01-s03,AB Stacking,COF-C2-80,AB Stacking,8.463000,0.024800
10.1021_acs.chemmater.3c01952,10.1021_acs.chemmater.3c01952-p003-f01,10.1021_acs.chemmater.3c01952-p003-f01-s03,AB Stacking,COF-C2-80,AB Stacking,8.483000,0.024800
10.1021_acs.chemmater.3c01952,10.1021_acs.chemmater.3c01952-p003-f01,10.1021_acs.chemmater.3c01952-p003-f01-s03,AB Stacking,COF-C2-80,AB Stacking,8.503000,0.024900
10.1021_acs.chemmater.3c01952,10.1021_acs.chemmater.3c01952-p003-f01,10.1021_acs.chemmater.3c01952-p003-f01-s03,AB Stacking,COF-C2-80,AB Stacking,8.523000,0.024900
10.1021_acs.chemmater.3c01952,10.1021_acs.chemmater.3c01952-p003-f01,10.1021_acs.chemmater.3c01952-p003-f01-s03,AB Stacking,COF-C2-80,AB Stacking,8.543000,0.024900
10.1021_acs.chemmater.3c01952,10.1021_acs.chemmater.3c01952-p003-f01,10.1021_acs.chemmater.3c01952-p003-f01-s03,AB Stacking,COF-C2-80,AB Stacking,8.563000,0.024900
10.1021_acs.chemmater.3c01952,10.1021_acs.chemmater.3c01952-p003-f01,10.1021_acs.chemmater.3c01952-p003-f01-s03,AB Stacking,COF-C2-80,AB Stacking,8.583000,0.024900
10.1021_acs.chemmater.3c01952,10.1021_acs.chemmater.3c01952-p003-f01,10.1021_acs.chemmater.3c01952-p003-f01-s03,AB Stacking,COF-C2-80,AB Stacking,8.603000,0.024900
10.1021_acs.chemmater.3c01952,10.1021_acs.chemmater.3c01952-p003-f01,10.1021_acs.chemmater.3c01952-p003-f01-s03,AB Stacking,COF-C2-80,AB Stacking,8.623000,0.025000
10.1021_acs.chemmater.3c01952,10.1021_acs.chemmater.3c01952-p003-f01,10.1021_acs.chemmater.3c01952-p003-f01-s03,AB Stacking,COF-C2-80,AB Stacking,8.643000,0.025000
10.1021_acs.chemmater.3c01952,10.1021_acs.chemmater.3c01952-p003-f01,10.1021_acs.chemmater.3c01952-p003-f01-s03,AB Stacking,COF-C2-80,AB Stacking,8.663000,0.025000
10.1021_acs.chemmater.3c01952,10.1021_acs.chemmater.3c01952-p003-f01,10.1021_acs.chemmater.3c01952-p003-f01-s03,AB Stacking,COF-C2-80,AB Stacking,8.683000,0.025000
10.1021_acs.chemmater.3c01952,10.1021_acs.chemmater.3c01952-p003-f01,10.1021_acs.chemmater.3c01952-p003-f01-s03,AB Stacking,COF-C2-80,AB Stacking,8.703000,0.025000
10.1021_acs.chemmater.3c01952,10.1021_acs.chemmater.3c01952-p003-f01,10.1021_acs.chemmater.3c01952-p003-f01-s03,AB Stacking,COF-C2-80,AB Stacking,8.723000,0.025000
10.1021_acs.chemmater.3c01952,10.1021_acs.chemmater.3c01952-p003-f01,10.1021_acs.chemmater.3c01952-p003-f01-s03,AB Stacking,COF-C2-80,AB Stacking,8.743000,0.025000
10.1021_acs.chemmater.3c01952,10.1021_acs.chemmater.3c01952-p003-f01,10.1021_acs.chemmater.3c01952-p003-f01-s03,AB Stacking,COF-C2-80,AB Stacking,8.763000,0.025000
10.1021_acs.chemmater.3c01952,10.1021_acs.chemmater.3c01952-p003-f01,10.1021_acs.chemmater.3c01952-p003-f01-s03,AB Stacking,COF-C2-80,AB Stacking,8.783000,0.025000
10.1021_acs.chemmater.3c01952,10.1021_acs.chemmater.3c01952-p003-f01,10.1021_acs.chemmater.3c01952-p003-f01-s03,AB Stacking,COF-C2-80,AB Stacking,8.803000,0.025000
10.1021_acs.chemmater.3c01952,10.1021_acs.chemmater.3c01952-p003-f01,10.1021_acs.chemmater.3c01952-p003-f01-s03,AB Stacking,COF-C2-80,AB Stacking,8.823000,0.025000
10.1021_acs.chemmater.3c01952,10.1021_acs.chemmater.3c01952-p003-f01,10.1021_acs.chemmater.3c01952-p003-f01-s03,AB Stacking,COF-C2-80,AB Stacking,8.843000,0.025000
10.1021_acs.chemmater.3c01952,10.1021_acs.chemmater.3c01952-p003-f01,10.1021_acs.chemmater.3c01952-p003-f01-s03,AB Stacking,COF-C2-80,AB Stacking,8.863000,0.025000
10.1021_acs.chemmater.3c01952,10.1021_acs.chemmater.3c01952-p003-f01,10.1021_acs.chemmater.3c01952-p003-f01-s03,AB Stacking,COF-C2-80,AB Stacking,8.883000,0.025000
10.1021_acs.chemmater.3c01952,10.1021_acs.chemmater.3c01952-p003-f01,10.1021_acs.chemmater.3c01952-p003-f01-s03,AB Stacking,COF-C2-80,AB Stacking,8.903000,0.025000
10.1021_acs.chemmater.3c01952,10.1021_acs.chemmater.3c01952-p003-f01,10.1021_acs.chemmater.3c01952-p003-f01-s03,AB Stacking,COF-C2-80,AB Stacking,8.923000,0.025000
10.1021_acs.chemmater.3c01952,10.1021_acs.chemmater.3c01952-p003-f01,10.1021_acs.chemmater.3c01952-p003-f01-s03,AB Stacking,COF-C2-80,AB Stacking,8.943000,0.025000
10.1021_acs.chemmater.3c01952,10.1021_acs.chemmater.3c01952-p003-f01,10.1021_acs.chemmater.3c01952-p003-f01-s03,AB Stacking,COF-C2-80,AB Stacking,8.963000,0.025000
10.1021_acs.chemmater.3c01952,10.1021_acs.chemmater.3c01952-p003-f01,10.1021_acs.chemmater.3c01952-p003-f01-s03,AB Stacking,COF-C2-80,AB Stacking,8.983000,0.011000
10.1021_acs.chemmater.3c01952,10.1021_acs.chemmater.3c01952-p003-f01,10.1021_acs.chemmater.3c01952-p003-f01-s03,AB Stacking,COF-C2-80,AB Stacking,9.003000,-0.127000
10.1021_acs.chemmater.3c01952,10.1021_acs.chemmater.3c01952-p003-f01,10.1021_acs.chemmater.3c01952-p003-f01-s03,AB Stacking,COF-C2-80,AB Stacking,9.023000,-0.175600
10.1021_acs.chemmater.3c01952,10.1021_acs.chemmater.3c01952-p003-f01,10.1021_acs.chemmater.3c01952-p003-f01-s03,AB Stacking,COF-C2-80,AB Stacking,9.043000,-0.023800
10.1021_acs.chemmater.3c01952,10.1021_acs.chemmater.3c01952-p003-f01,10.1021_acs.chemmater.3c01952-p003-f01-s03,AB Stacking,COF-C2-80,AB Stacking,9.063000,0.372200
10.1021_acs.chemmater.3c01952,10.1021_acs.chemmater.3c01952-p003-f01,10.1021_acs.chemmater.3c01952-p003-f01-s03,AB Stacking,COF-C2-80,AB Stacking,9.083000,0.983800
10.1021_acs.chemmater.3c01952,10.1021_acs.chemmater.3c01952-p003-f01,10.1021_acs.chemmater.3c01952-p003-f01-s03,AB Stacking,COF-C2-80,AB Stacking,9.103000,1.767200
10.1021_acs.chemmater.3c01952,10.1021_acs.chemmater.3c01952-p003-f01,10.1021_acs.chemmater.3c01952-p003-f01-s03,AB Stacking,COF-C2-80,AB Stacking,9.123000,2.664700
10.1021_acs.chemmater.3c01952,10.1021_acs.chemmater.3c01952-p003-f01,10.1021_acs.chemmater.3c01952-p003-f01-s03,AB Stacking,COF-C2-80,AB Stacking,9.143000,3.688700
10.1021_acs.chemmater.3c01952,10.1021_acs.chemmater.3c01952-p003-f01,10.1021_acs.chemmater.3c01952-p003-f01-s03,AB Stacking,COF-C2-80,AB Stacking,9.163000,4.657700
10.1021_acs.chemmater.3c01952,10.1021_acs.chemmater.3c01952-p003-f01,10.1021_acs.chemmater.3c01952-p003-f01-s03,AB Stacking,COF-C2-80,AB Stacking,9.183000,5.374900
10.1021_acs.chemmater.3c01952,10.1021_acs.chemmater.3c01952-p003-f01,10.1021_acs.chemmater.3c01952-p003-f01-s03,AB Stacking,COF-C2-80,AB Stacking,9.203000,5.697400
10.1021_acs.chemmater.3c01952,10.1021_acs.chemmater.3c01952-p003-f01,10.1021_acs.chemmater.3c01952-p003-f01-s03,AB Stacking,COF-C2-80,AB Stacking,9.223000,5.840500
10.1021_acs.chemmater.3c01952,10.1021_acs.chemmater.3c01952-p003-f01,10.1021_acs.chemmater.3c01952-p003-f01-s03,AB Stacking,COF-C2-80,AB Stacking,9.243000,5.790600
10.1021_acs.chemmater.3c01952,10.1021_acs.chemmater.3c01952-p003-f01,10.1021_acs.chemmater.3c01952-p003-f01-s03,AB Stacking,COF-C2-80,AB Stacking,9.263000,5.487000
10.1021_acs.chemmater.3c01952,10.1021_acs.chemmater.3c01952-p003-f01,10.1021_acs.chemmater.3c01952-p003-f01-s03,AB Stacking,COF-C2-80,AB Stacking,9.283000,4.817200
10.1021_acs.chemmater.3c01952,10.1021_acs.chemmater.3c01952-p003-f01,10.1021_acs.chemmater.3c01952-p003-f01-s03,AB Stacking,COF-C2-80,AB Stacking,9.303000,3.862400
10.1021_acs.chemmater.3c01952,10.1021_acs.chemmater.3c01952-p003-f01,10.1021_acs.chemmater.3c01952-p003-f01-s03,AB Stacking,COF-C2-80,AB Stacking,9.323000,2.815500
10.1021_acs.chemmater.3c01952,10.1021_acs.chemmater.3c01952-p003-f01,10.1021_acs.chemmater.3c01952-p003-f01-s03,AB Stacking,COF-C2-80,AB Stacking,9.343000,1.882000
10.1021_acs.chemmater.3c01952,10.1021_acs.chemmater.3c01952-p003-f01,10.1021_acs.chemmater.3c01952-p003-f01-s03,AB Stacking,COF-C2-80,AB Stacking,9.363000,1.066700
10.1021_acs.chemmater.3c01952,10.1021_acs.chemmater.3c01952-p003-f01,10.1021_acs.chemmater.3c01952-p003-f01-s03,AB Stacking,COF-C2-80,AB Stacking,9.383000,0.422100
10.1021_acs.chemmater.3c01952,10.1021_acs.chemmater.3c01952-p003-f01,10.1021_acs.chemmater.3c01952-p003-f01-s03,AB Stacking,COF-C2-80,AB Stacking,9.403000,0.002600
10.1021_acs.chemmater.3c01952,10.1021_acs.chemmater.3c01952-p003-f01,10.1021_acs.chemmater.3c01952-p003-f01-s03,AB Stacking,COF-C2-80,AB Stacking,9.423000,-0.154900
10.1021_acs.chemmater.3c01952,10.1021_acs.chemmater.3c01952-p003-f01,10.1021_acs.chemmater.3c01952-p003-f01-s03,AB Stacking,COF-C2-80,AB Stacking,9.443000,-0.117200
10.1021_acs.chemmater.3c01952,10.1021_acs.chemmater.3c01952-p003-f01,10.1021_acs.chemmater.3c01952-p003-f01-s03,AB Stacking,COF-C2-80,AB Stacking,9.463000,-0.014300
10.1021_acs.chemmater.3c01952,10.1021_acs.chemmater.3c01952-p003-f01,10.1021_acs.chemmater.3c01952-p003-f01-s03,AB Stacking,COF-C2-80,AB Stacking,9.483000,0.024600
10.1021_acs.chemmater.3c01952,10.1021_acs.chemmater.3c01952-p003-f01,10.1021_acs.chemmater.3c01952-p003-f01-s03,AB Stacking,COF-C2-80,AB Stacking,9.503000,0.024600
10.1021_acs.chemmater.3c01952,10.1021_acs.chemmater.3c01952-p003-f01,10.1021_acs.chemmater.3c01952-p003-f01-s03,AB Stacking,COF-C2-80,AB Stacking,9.523000,0.024600
10.1021_acs.chemmater.3c01952,10.1021_acs.chemmater.3c01952-p003-f01,10.1021_acs.chemmater.3c01952-p003-f01-s03,AB Stacking,COF-C2-80,AB Stacking,9.543000,0.024600
10.1021_acs.chemmater.3c01952,10.1021_acs.chemmater.3c01952-p003-f01,10.1021_acs.chemmater.3c01952-p003-f01-s03,AB Stacking,COF-C2-80,AB Stacking,9.563000,0.024500
10.1021_acs.chemmater.3c01952,10.1021_acs.chemmater.3c01952-p003-f01,10.1021_acs.chemmater.3c01952-p003-f01-s03,AB Stacking,COF-C2-80,AB Stacking,9.583000,0.024500
10.1021_acs.chemmater.3c01952,10.1021_acs.chemmater.3c01952-p003-f01,10.1021_acs.chemmater.3c01952-p003-f01-s03,AB Stacking,COF-C2-80,AB Stacking,9.603000,0.024500
10.1021_acs.chemmater.3c01952,10.1021_acs.chemmater.3c01952-p003-f01,10.1021_acs.chemmater.3c01952-p003-f01-s03,AB Stacking,COF-C2-80,AB Stacking,9.623000,0.024500
10.1021_acs.chemmater.3c01952,10.1021_acs.chemmater.3c01952-p003-f01,10.1021_acs.chemmater.3c01952-p003-f01-s03,AB Stacking,COF-C2-80,AB Stacking,9.643000,0.024400
10.1021_acs.chemmater.3c01952,10.1021_acs.chemmater.3c01952-p003-f01,10.1021_acs.chemmater.3c01952-p003-f01-s03,AB Stacking,COF-C2-80,AB Stacking,9.663000,0.024400
10.1021_acs.chemmater.3c01952,10.1021_acs.chemmater.3c01952-p003-f01,10.1021_acs.chemmater.3c01952-p003-f01-s03,AB Stacking,COF-C2-80,AB Stacking,9.683000,0.024400
10.1021_acs.chemmater.3c01952,10.1021_acs.chemmater.3c01952-p003-f01,10.1021_acs.chemmater.3c01952-p003-f01-s03,AB Stacking,COF-C2-80,AB Stacking,9.703000,0.024400
10.1021_acs.chemmater.3c01952,10.1021_acs.chemmater.3c01952-p003-f01,10.1021_acs.chemmater.3c01952-p003-f01-s03,AB Stacking,COF-C2-80,AB Stacking,9.723000,0.024300
10.1021_acs.chemmater.3c01952,10.1021_acs.chemmater.3c01952-p003-f01,10.1021_acs.chemmater.3c01952-p003-f01-s03,AB Stacking,COF-C2-80,AB Stacking,9.743000,0.024300
10.1021_acs.chemmater.3c01952,10.1021_acs.chemmater.3c01952-p003-f01,10.1021_acs.chemmater.3c01952-p003-f01-s03,AB Stacking,COF-C2-80,AB Stacking,9.763000,0.024300
10.1021_acs.chemmater.3c01952,10.1021_acs.chemmater.3c01952-p003-f01,10.1021_acs.chemmater.3c01952-p003-f01-s03,AB Stacking,COF-C2-80,AB Stacking,9.783000,0.024200
10.1021_acs.chemmater.3c01952,10.1021_acs.chemmater.3c01952-p003-f01,10.1021_acs.chemmater.3c01952-p003-f01-s03,AB Stacking,COF-C2-80,AB Stacking,9.803000,0.024200
10.1021_acs.chemmater.3c01952,10.1021_acs.chemmater.3c01952-p003-f01,10.1021_acs.chemmater.3c01952-p003-f01-s03,AB Stacking,COF-C2-80,AB Stacking,9.823000,0.024200
10.1021_acs.chemmater.3c01952,10.1021_acs.chemmater.3c01952-p003-f01,10.1021_acs.chemmater.3c01952-p003-f01-s03,AB Stacking,COF-C2-80,AB Stacking,9.843000,0.024100
10.1021_acs.chemmater.3c01952,10.1021_acs.chemmater.3c01952-p003-f01,10.1021_acs.chemmater.3c01952-p003-f01-s03,AB Stacking,COF-C2-80,AB Stacking,9.863000,0.024100
10.1021_acs.chemmater.3c01952,10.1021_acs.chemmater.3c01952-p003-f01,10.1021_acs.chemmater.3c01952-p003-f01-s03,AB Stacking,COF-C2-80,AB Stacking,9.883000,0.024100
10.1021_acs.chemmater.3c01952,10.1021_acs.chemmater.3c01952-p003-f01,10.1021_acs.chemmater.3c01952-p003-f01-s03,AB Stacking,COF-C2-80,AB Stacking,9.903000,0.024000
10.1021_acs.chemmater.3c01952,10.1021_acs.chemmater.3c01952-p003-f01,10.1021_acs.chemmater.3c01952-p003-f01-s03,AB Stacking,COF-C2-80,AB Stacking,9.923000,0.024000
10.1021_acs.chemmater.3c01952,10.1021_acs.chemmater.3c01952-p003-f01,10.1021_acs.chemmater.3c01952-p003-f01-s03,AB Stacking,COF-C2-80,AB Stacking,9.943000,0.024000
10.1021_acs.chemmater.3c01952,10.1021_acs.chemmater.3c01952-p003-f01,10.1021_acs.chemmater.3c01952-p003-f01-s03,AB Stacking,COF-C2-80,AB Stacking,9.963000,0.023900
10.1021_acs.chemmater.3c01952,10.1021_acs.chemmater.3c01952-p003-f01,10.1021_acs.chemmater.3c01952-p003-f01-s03,AB Stacking,COF-C2-80,AB Stacking,9.983000,0.023900
10.1021_acs.chemmater.3c01952,10.1021_acs.chemmater.3c01952-p003-f01,10.1021_acs.chemmater.3c01952-p003-f01-s03,AB Stacking,COF-C2-80,AB Stacking,10.003000,0.023800
10.1021_acs.chemmater.3c01952,10.1021_acs.chemmater.3c01952-p003-f01,10.1021_acs.chemmater.3c01952-p003-f01-s03,AB Stacking,COF-C2-80,AB Stacking,10.023000,0.023800
10.1021_acs.chemmater.3c01952,10.1021_acs.chemmater.3c01952-p003-f01,10.1021_acs.chemmater.3c01952-p003-f01-s03,AB Stacking,COF-C2-80,AB Stacking,10.043000,0.023800
10.1021_acs.chemmater.3c01952,10.1021_acs.chemmater.3c01952-p003-f01,10.1021_acs.chemmater.3c01952-p003-f01-s03,AB Stacking,COF-C2-80,AB Stacking,10.063000,0.023700
10.1021_acs.chemmater.3c01952,10.1021_acs.chemmater.3c01952-p003-f01,10.1021_acs.chemmater.3c01952-p003-f01-s03,AB Stacking,COF-C2-80,AB Stacking,10.083000,0.023700
10.1021_acs.chemmater.3c01952,10.1021_acs.chemmater.3c01952-p003-f01,10.1021_acs.chemmater.3c01952-p003-f01-s03,AB Stacking,COF-C2-80,AB Stacking,10.103000,0.023600
10.1021_acs.chemmater.3c01952,10.1021_acs.chemmater.3c01952-p003-f01,10.1021_acs.chemmater.3c01952-p003-f01-s03,AB Stacking,COF-C2-80,AB Stacking,10.123000,0.023600
10.1021_acs.chemmater.3c01952,10.1021_acs.chemmater.3c01952-p003-f01,10.1021_acs.chemmater.3c01952-p003-f01-s03,AB Stacking,COF-C2-80,AB Stacking,10.143000,0.023600
10.1021_acs.chemmater.3c01952,10.1021_acs.chemmater.3c01952-p003-f01,10.1021_acs.chemmater.3c01952-p003-f01-s03,AB Stacking,COF-C2-80,AB Stacking,10.163000,0.023500
10.1021_acs.chemmater.3c01952,10.1021_acs.chemmater.3c01952-p003-f01,10.1021_acs.chemmater.3c01952-p003-f01-s03,AB Stacking,COF-C2-80,AB Stacking,10.183000,0.023500
10.1021_acs.chemmater.3c01952,10.1021_acs.chemmater.3c01952-p003-f01,10.1021_acs.chemmater.3c01952-p003-f01-s03,AB Stacking,COF-C2-80,AB Stacking,10.203000,0.023400
10.1021_acs.chemmater.3c01952,10.1021_acs.chemmater.3c01952-p003-f01,10.1021_acs.chemmater.3c01952-p003-f01-s03,AB Stacking,COF-C2-80,AB Stacking,10.223000,0.023400
10.1021_acs.chemmater.3c01952,10.1021_acs.chemmater.3c01952-p003-f01,10.1021_acs.chemmater.3c01952-p003-f01-s03,AB Stacking,COF-C2-80,AB Stacking,10.243000,0.023300
10.1021_acs.chemmater.3c01952,10.1021_acs.chemmater.3c01952-p003-f01,10.1021_acs.chemmater.3c01952-p003-f01-s03,AB Stacking,COF-C2-80,AB Stacking,10.263000,0.023300
10.1021_acs.chemmater.3c01952,10.1021_acs.chemmater.3c01952-p003-f01,10.1021_acs.chemmater.3c01952-p003-f01-s03,AB Stacking,COF-C2-80,AB Stacking,10.283000,0.019800
10.1021_acs.chemmater.3c01952,10.1021_acs.chemmater.3c01952-p003-f01,10.1021_acs.chemmater.3c01952-p003-f01-s03,AB Stacking,COF-C2-80,AB Stacking,10.303000,-0.015300
10.1021_acs.chemmater.3c01952,10.1021_acs.chemmater.3c01952-p003-f01,10.1021_acs.chemmater.3c01952-p003-f01-s03,AB Stacking,COF-C2-80,AB Stacking,10.323000,-0.014600
10.1021_acs.chemmater.3c01952,10.1021_acs.chemmater.3c01952-p003-f01,10.1021_acs.chemmater.3c01952-p003-f01-s03,AB Stacking,COF-C2-80,AB Stacking,10.343000,0.039000
10.1021_acs.chemmater.3c01952,10.1021_acs.chemmater.3c01952-p003-f01,10.1021_acs.chemmater.3c01952-p003-f01-s03,AB Stacking,COF-C2-80,AB Stacking,10.363000,0.131100
10.1021_acs.chemmater.3c01952,10.1021_acs.chemmater.3c01952-p003-f01,10.1021_acs.chemmater.3c01952-p003-f01-s03,AB Stacking,COF-C2-80,AB Stacking,10.383000,0.247200
10.1021_acs.chemmater.3c01952,10.1021_acs.chemmater.3c01952-p003-f01,10.1021_acs.chemmater.3c01952-p003-f01-s03,AB Stacking,COF-C2-80,AB Stacking,10.403000,0.384500
10.1021_acs.chemmater.3c01952,10.1021_acs.chemmater.3c01952-p003-f01,10.1021_acs.chemmater.3c01952-p003-f01-s03,AB Stacking,COF-C2-80,AB Stacking,10.423000,0.538600
10.1021_acs.chemmater.3c01952,10.1021_acs.chemmater.3c01952-p003-f01,10.1021_acs.chemmater.3c01952-p003-f01-s03,AB Stacking,COF-C2-80,AB Stacking,10.443000,0.622200
10.1021_acs.chemmater.3c01952,10.1021_acs.chemmater.3c01952-p003-f01,10.1021_acs.chemmater.3c01952-p003-f01-s03,AB Stacking,COF-C2-80,AB Stacking,10.463000,0.623800
10.1021_acs.chemmater.3c01952,10.1021_acs.chemmater.3c01952-p003-f01,10.1021_acs.chemmater.3c01952-p003-f01-s03,AB Stacking,COF-C2-80,AB Stacking,10.483000,0.543500
10.1021_acs.chemmater.3c01952,10.1021_acs.chemmater.3c01952-p003-f01,10.1021_acs.chemmater.3c01952-p003-f01-s03,AB Stacking,COF-C2-80,AB Stacking,10.503000,0.390100
10.1021_acs.chemmater.3c01952,10.1021_acs.chemmater.3c01952-p003-f01,10.1021_acs.chemmater.3c01952-p003-f01-s03,AB Stacking,COF-C2-80,AB Stacking,10.523000,0.251700
10.1021_acs.chemmater.3c01952,10.1021_acs.chemmater.3c01952-p003-f01,10.1021_acs.chemmater.3c01952-p003-f01-s03,AB Stacking,COF-C2-80,AB Stacking,10.543000,0.134900
10.1021_acs.chemmater.3c01952,10.1021_acs.chemmater.3c01952-p003-f01,10.1021_acs.chemmater.3c01952-p003-f01-s03,AB Stacking,COF-C2-80,AB Stacking,10.563000,0.041600
10.1021_acs.chemmater.3c01952,10.1021_acs.chemmater.3c01952-p003-f01,10.1021_acs.chemmater.3c01952-p003-f01-s03,AB Stacking,COF-C2-80,AB Stacking,10.583000,-0.013700
10.1021_acs.chemmater.3c01952,10.1021_acs.chemmater.3c01952-p003-f01,10.1021_acs.chemmater.3c01952-p003-f01-s03,AB Stacking,COF-C2-80,AB Stacking,10.603000,-0.016800
10.1021_acs.chemmater.3c01952,10.1021_acs.chemmater.3c01952-p003-f01,10.1021_acs.chemmater.3c01952-p003-f01-s03,AB Stacking,COF-C2-80,AB Stacking,10.623000,0.017900
10.1021_acs.chemmater.3c01952,10.1021_acs.chemmater.3c01952-p003-f01,10.1021_acs.chemmater.3c01952-p003-f01-s03,AB Stacking,COF-C2-80,AB Stacking,10.643000,0.022300
10.1021_acs.chemmater.3c01952,10.1021_acs.chemmater.3c01952-p003-f01,10.1021_acs.chemmater.3c01952-p003-f01-s03,AB Stacking,COF-C2-80,AB Stacking,10.663000,0.022300
10.1021_acs.chemmater.3c01952,10.1021_acs.chemmater.3c01952-p003-f01,10.1021_acs.chemmater.3c01952-p003-f01-s03,AB Stacking,COF-C2-80,AB Stacking,10.683000,0.022200
10.1021_acs.chemmater.3c01952,10.1021_acs.chemmater.3c01952-p003-f01,10.1021_acs.chemmater.3c01952-p003-f01-s03,AB Stacking,COF-C2-80,AB Stacking,10.703000,0.022200
10.1021_acs.chemmater.3c01952,10.1021_acs.chemmater.3c01952-p003-f01,10.1021_acs.chemmater.3c01952-p003-f01-s03,AB Stacking,COF-C2-80,AB Stacking,10.723000,0.022100
10.1021_acs.chemmater.3c01952,10.1021_acs.chemmater.3c01952-p003-f01,10.1021_acs.chemmater.3c01952-p003-f01-s03,AB Stacking,COF-C2-80,AB Stacking,10.743000,0.022000
10.1021_acs.chemmater.3c01952,10.1021_acs.chemmater.3c01952-p003-f01,10.1021_acs.chemmater.3c01952-p003-f01-s03,AB Stacking,COF-C2-80,AB Stacking,10.763000,0.022000
10.1021_acs.chemmater.3c01952,10.1021_acs.chemmater.3c01952-p003-f01,10.1021_acs.chemmater.3c01952-p003-f01-s03,AB Stacking,COF-C2-80,AB Stacking,10.783000,0.021900
10.1021_acs.chemmater.3c01952,10.1021_acs.chemmater.3c01952-p003-f01,10.1021_acs.chemmater.3c01952-p003-f01-s03,AB Stacking,COF-C2-80,AB Stacking,10.803000,0.021900
10.1021_acs.chemmater.3c01952,10.1021_acs.chemmater.3c01952-p003-f01,10.1021_acs.chemmater.3c01952-p003-f01-s03,AB Stacking,COF-C2-80,AB Stacking,10.823000,0.021800
10.1021_acs.chemmater.3c01952,10.1021_acs.chemmater.3c01952-p003-f01,10.1021_acs.chemmater.3c01952-p003-f01-s03,AB Stacking,COF-C2-80,AB Stacking,10.843000,0.021700
10.1021_acs.chemmater.3c01952,10.1021_acs.chemmater.3c01952-p003-f01,10.1021_acs.chemmater.3c01952-p003-f01-s03,AB Stacking,COF-C2-80,AB Stacking,10.863000,0.021700
10.1021_acs.chemmater.3c01952,10.1021_acs.chemmater.3c01952-p003-f01,10.1021_acs.chemmater.3c01952-p003-f01-s03,AB Stacking,COF-C2-80,AB Stacking,10.883000,0.021600
10.1021_acs.chemmater.3c01952,10.1021_acs.chemmater.3c01952-p003-f01,10.1021_acs.chemmater.3c01952-p003-f01-s03,AB Stacking,COF-C2-80,AB Stacking,10.903000,0.021500
10.1021_acs.chemmater.3c01952,10.1021_acs.chemmater.3c01952-p003-f01,10.1021_acs.chemmater.3c01952-p003-f01-s03,AB Stacking,COF-C2-80,AB Stacking,10.923000,0.021500
10.1021_acs.chemmater.3c01952,10.1021_acs.chemmater.3c01952-p003-f01,10.1021_acs.chemmater.3c01952-p003-f01-s03,AB Stacking,COF-C2-80,AB Stacking,10.943000,0.021400
10.1021_acs.chemmater.3c01952,10.1021_acs.chemmater.3c01952-p003-f01,10.1021_acs.chemmater.3c01952-p003-f01-s03,AB Stacking,COF-C2-80,AB Stacking,10.963000,0.021300
10.1021_acs.chemmater.3c01952,10.1021_acs.chemmater.3c01952-p003-f01,10.1021_acs.chemmater.3c01952-p003-f01-s03,AB Stacking,COF-C2-80,AB Stacking,10.983000,0.021300
10.1021_acs.chemmater.3c01952,10.1021_acs.chemmater.3c01952-p003-f01,10.1021_acs.chemmater.3c01952-p003-f01-s03,AB Stacking,COF-C2-80,AB Stacking,11.003000,0.021200
10.1021_acs.chemmater.3c01952,10.1021_acs.chemmater.3c01952-p003-f01,10.1021_acs.chemmater.3c01952-p003-f01-s03,AB Stacking,COF-C2-80,AB Stacking,11.023000,0.021200
10.1021_acs.chemmater.3c01952,10.1021_acs.chemmater.3c01952-p003-f01,10.1021_acs.chemmater.3c01952-p003-f01-s03,AB Stacking,COF-C2-80,AB Stacking,11.043000,0.021100
10.1021_acs.chemmater.3c01952,10.1021_acs.chemmater.3c01952-p003-f01,10.1021_acs.chemmater.3c01952-p003-f01-s03,AB Stacking,COF-C2-80,AB Stacking,11.063000,0.021000
10.1021_acs.chemmater.3c01952,10.1021_acs.chemmater.3c01952-p003-f01,10.1021_acs.chemmater.3c01952-p003-f01-s03,AB Stacking,COF-C2-80,AB Stacking,11.083000,0.020900
10.1021_acs.chemmater.3c01952,10.1021_acs.chemmater.3c01952-p003-f01,10.1021_acs.chemmater.3c01952-p003-f01-s03,AB Stacking,COF-C2-80,AB Stacking,11.103000,0.020900
10.1021_acs.chemmater.3c01952,10.1021_acs.chemmater.3c01952-p003-f01,10.1021_acs.chemmater.3c01952-p003-f01-s03,AB Stacking,COF-C2-80,AB Stacking,11.123000,0.020800
10.1021_acs.chemmater.3c01952,10.1021_acs.chemmater.3c01952-p003-f01,10.1021_acs.chemmater.3c01952-p003-f01-s03,AB Stacking,COF-C2-80,AB Stacking,11.143000,0.020700
10.1021_acs.chemmater.3c01952,10.1021_acs.chemmater.3c01952-p003-f01,10.1021_acs.chemmater.3c01952-p003-f01-s03,AB Stacking,COF-C2-80,AB Stacking,11.163000,0.020700
10.1021_acs.chemmater.3c01952,10.1021_acs.chemmater.3c01952-p003-f01,10.1021_acs.chemmater.3c01952-p003-f01-s03,AB Stacking,COF-C2-80,AB Stacking,11.183000,0.020600
10.1021_acs.chemmater.3c01952,10.1021_acs.chemmater.3c01952-p003-f01,10.1021_acs.chemmater.3c01952-p003-f01-s03,AB Stacking,COF-C2-80,AB Stacking,11.203000,0.020500
10.1021_acs.chemmater.3c01952,10.1021_acs.chemmater.3c01952-p003-f01,10.1021_acs.chemmater.3c01952-p003-f01-s03,AB Stacking,COF-C2-80,AB Stacking,11.223000,0.020500
10.1021_acs.chemmater.3c01952,10.1021_acs.chemmater.3c01952-p003-f01,10.1021_acs.chemmater.3c01952-p003-f01-s03,AB Stacking,COF-C2-80,AB Stacking,11.243000,0.020400
10.1021_acs.chemmater.3c01952,10.1021_acs.chemmater.3c01952-p003-f01,10.1021_acs.chemmater.3c01952-p003-f01-s03,AB Stacking,COF-C2-80,AB Stacking,11.263000,0.020300
10.1021_acs.chemmater.3c01952,10.1021_acs.chemmater.3c01952-p003-f01,10.1021_acs.chemmater.3c01952-p003-f01-s03,AB Stacking,COF-C2-80,AB Stacking,11.283000,0.020200
10.1021_acs.chemmater.3c01952,10.1021_acs.chemmater.3c01952-p003-f01,10.1021_acs.chemmater.3c01952-p003-f01-s03,AB Stacking,COF-C2-80,AB Stacking,11.303000,0.020200
10.1021_acs.chemmater.3c01952,10.1021_acs.chemmater.3c01952-p003-f01,10.1021_acs.chemmater.3c01952-p003-f01-s03,AB Stacking,COF-C2-80,AB Stacking,11.323000,0.020100
10.1021_acs.chemmater.3c01952,10.1021_acs.chemmater.3c01952-p003-f01,10.1021_acs.chemmater.3c01952-p003-f01-s03,AB Stacking,COF-C2-80,AB Stacking,11.343000,0.020000
10.1021_acs.chemmater.3c01952,10.1021_acs.chemmater.3c01952-p003-f01,10.1021_acs.chemmater.3c01952-p003-f01-s03,AB Stacking,COF-C2-80,AB Stacking,11.363000,0.019900
10.1021_acs.chemmater.3c01952,10.1021_acs.chemmater.3c01952-p003-f01,10.1021_acs.chemmater.3c01952-p003-f01-s03,AB Stacking,COF-C2-80,AB Stacking,11.383000,0.019900
10.1021_acs.chemmater.3c01952,10.1021_acs.chemmater.3c01952-p003-f01,10.1021_acs.chemmater.3c01952-p003-f01-s03,AB Stacking,COF-C2-80,AB Stacking,11.403000,0.019800
10.1021_acs.chemmater.3c01952,10.1021_acs.chemmater.3c01952-p003-f01,10.1021_acs.chemmater.3c01952-p003-f01-s03,AB Stacking,COF-C2-80,AB Stacking,11.423000,0.019700
10.1021_acs.chemmater.3c01952,10.1021_acs.chemmater.3c01952-p003-f01,10.1021_acs.chemmater.3c01952-p003-f01-s03,AB Stacking,COF-C2-80,AB Stacking,11.443000,0.019600
10.1021_acs.chemmater.3c01952,10.1021_acs.chemmater.3c01952-p003-f01,10.1021_acs.chemmater.3c01952-p003-f01-s03,AB Stacking,COF-C2-80,AB Stacking,11.463000,0.019600
10.1021_acs.chemmater.3c01952,10.1021_acs.chemmater.3c01952-p003-f01,10.1021_acs.chemmater.3c01952-p003-f01-s03,AB Stacking,COF-C2-80,AB Stacking,11.483000,0.019500
10.1021_acs.chemmater.3c01952,10.1021_acs.chemmater.3c01952-p003-f01,10.1021_acs.chemmater.3c01952-p003-f01-s03,AB Stacking,COF-C2-80,AB Stacking,11.503000,0.019400
10.1021_acs.chemmater.3c01952,10.1021_acs.chemmater.3c01952-p003-f01,10.1021_acs.chemmater.3c01952-p003-f01-s03,AB Stacking,COF-C2-80,AB Stacking,11.523000,0.019300
10.1021_acs.chemmater.3c01952,10.1021_acs.chemmater.3c01952-p003-f01,10.1021_acs.chemmater.3c01952-p003-f01-s03,AB Stacking,COF-C2-80,AB Stacking,11.543000,0.019300
10.1021_acs.chemmater.3c01952,10.1021_acs.chemmater.3c01952-p003-f01,10.1021_acs.chemmater.3c01952-p003-f01-s03,AB Stacking,COF-C2-80,AB Stacking,11.563000,0.019200
10.1021_acs.chemmater.3c01952,10.1021_acs.chemmater.3c01952-p003-f01,10.1021_acs.chemmater.3c01952-p003-f01-s03,AB Stacking,COF-C2-80,AB Stacking,11.583000,0.019100
10.1021_acs.chemmater.3c01952,10.1021_acs.chemmater.3c01952-p003-f01,10.1021_acs.chemmater.3c01952-p003-f01-s03,AB Stacking,COF-C2-80,AB Stacking,11.603000,0.019000
10.1021_acs.chemmater.3c01952,10.1021_acs.chemmater.3c01952-p003-f01,10.1021_acs.chemmater.3c01952-p003-f01-s03,AB Stacking,COF-C2-80,AB Stacking,11.623000,0.018900
10.1021_acs.chemmater.3c01952,10.1021_acs.chemmater.3c01952-p003-f01,10.1021_acs.chemmater.3c01952-p003-f01-s03,AB Stacking,COF-C2-80,AB Stacking,11.643000,0.018900
10.1021_acs.chemmater.3c01952,10.1021_acs.chemmater.3c01952-p003-f01,10.1021_acs.chemmater.3c01952-p003-f01-s03,AB Stacking,COF-C2-80,AB Stacking,11.663000,0.018800
10.1021_acs.chemmater.3c01952,10.1021_acs.chemmater.3c01952-p003-f01,10.1021_acs.chemmater.3c01952-p003-f01-s03,AB Stacking,COF-C2-80,AB Stacking,11.683000,0.018700
10.1021_acs.chemmater.3c01952,10.1021_acs.chemmater.3c01952-p003-f01,10.1021_acs.chemmater.3c01952-p003-f01-s03,AB Stacking,COF-C2-80,AB Stacking,11.703000,0.018600
10.1021_acs.chemmater.3c01952,10.1021_acs.chemmater.3c01952-p003-f01,10.1021_acs.chemmater.3c01952-p003-f01-s03,AB Stacking,COF-C2-80,AB Stacking,11.723000,0.018500
10.1021_acs.chemmater.3c01952,10.1021_acs.chemmater.3c01952-p003-f01,10.1021_acs.chemmater.3c01952-p003-f01-s03,AB Stacking,COF-C2-80,AB Stacking,11.743000,0.018400
10.1021_acs.chemmater.3c01952,10.1021_acs.chemmater.3c01952-p003-f01,10.1021_acs.chemmater.3c01952-p003-f01-s03,AB Stacking,COF-C2-80,AB Stacking,11.763000,0.018400
10.1021_acs.chemmater.3c01952,10.1021_acs.chemmater.3c01952-p003-f01,10.1021_acs.chemmater.3c01952-p003-f01-s03,AB Stacking,COF-C2-80,AB Stacking,11.783000,0.018300
10.1021_acs.chemmater.3c01952,10.1021_acs.chemmater.3c01952-p003-f01,10.1021_acs.chemmater.3c01952-p003-f01-s03,AB Stacking,COF-C2-80,AB Stacking,11.803000,0.018200
10.1021_acs.chemmater.3c01952,10.1021_acs.chemmater.3c01952-p003-f01,10.1021_acs.chemmater.3c01952-p003-f01-s03,AB Stacking,COF-C2-80,AB Stacking,11.823000,0.018100
10.1021_acs.chemmater.3c01952,10.1021_acs.chemmater.3c01952-p003-f01,10.1021_acs.chemmater.3c01952-p003-f01-s03,AB Stacking,COF-C2-80,AB Stacking,11.843000,0.018000
10.1021_acs.chemmater.3c01952,10.1021_acs.chemmater.3c01952-p003-f01,10.1021_acs.chemmater.3c01952-p003-f01-s03,AB Stacking,COF-C2-80,AB Stacking,11.863000,0.017900
10.1021_acs.chemmater.3c01952,10.1021_acs.chemmater.3c01952-p003-f01,10.1021_acs.chemmater.3c01952-p003-f01-s03,AB Stacking,COF-C2-80,AB Stacking,11.883000,0.017900
10.1021_acs.chemmater.3c01952,10.1021_acs.chemmater.3c01952-p003-f01,10.1021_acs.chemmater.3c01952-p003-f01-s03,AB Stacking,COF-C2-80,AB Stacking,11.903000,0.017800
10.1021_acs.chemmater.3c01952,10.1021_acs.chemmater.3c01952-p003-f01,10.1021_acs.chemmater.3c01952-p003-f01-s03,AB Stacking,COF-C2-80,AB Stacking,11.923000,0.017700
10.1021_acs.chemmater.3c01952,10.1021_acs.chemmater.3c01952-p003-f01,10.1021_acs.chemmater.3c01952-p003-f01-s03,AB Stacking,COF-C2-80,AB Stacking,11.943000,0.017600
10.1021_acs.chemmater.3c01952,10.1021_acs.chemmater.3c01952-p003-f01,10.1021_acs.chemmater.3c01952-p003-f01-s03,AB Stacking,COF-C2-80,AB Stacking,11.963000,0.017500
10.1021_acs.chemmater.3c01952,10.1021_acs.chemmater.3c01952-p003-f01,10.1021_acs.chemmater.3c01952-p003-f01-s03,AB Stacking,COF-C2-80,AB Stacking,11.983000,0.017400
10.1021_acs.chemmater.3c01952,10.1021_acs.chemmater.3c01952-p003-f01,10.1021_acs.chemmater.3c01952-p003-f01-s03,AB Stacking,COF-C2-80,AB Stacking,12.003000,0.017300
10.1021_acs.chemmater.3c01952,10.1021_acs.chemmater.3c01952-p003-f01,10.1021_acs.chemmater.3c01952-p003-f01-s03,AB Stacking,COF-C2-80,AB Stacking,12.023000,0.017300
10.1021_acs.chemmater.3c01952,10.1021_acs.chemmater.3c01952-p003-f01,10.1021_acs.chemmater.3c01952-p003-f01-s03,AB Stacking,COF-C2-80,AB Stacking,12.043000,0.017200
10.1021_acs.chemmater.3c01952,10.1021_acs.chemmater.3c01952-p003-f01,10.1021_acs.chemmater.3c01952-p003-f01-s03,AB Stacking,COF-C2-80,AB Stacking,12.063000,0.017100
10.1021_acs.chemmater.3c01952,10.1021_acs.chemmater.3c01952-p003-f01,10.1021_acs.chemmater.3c01952-p003-f01-s03,AB Stacking,COF-C2-80,AB Stacking,12.083000,0.017000
10.1021_acs.chemmater.3c01952,10.1021_acs.chemmater.3c01952-p003-f01,10.1021_acs.chemmater.3c01952-p003-f01-s03,AB Stacking,COF-C2-80,AB Stacking,12.103000,0.016900
10.1021_acs.chemmater.3c01952,10.1021_acs.chemmater.3c01952-p003-f01,10.1021_acs.chemmater.3c01952-p003-f01-s03,AB Stacking,COF-C2-80,AB Stacking,12.123000,0.016800
10.1021_acs.chemmater.3c01952,10.1021_acs.chemmater.3c01952-p003-f01,10.1021_acs.chemmater.3c01952-p003-f01-s03,AB Stacking,COF-C2-80,AB Stacking,12.143000,0.016700
10.1021_acs.chemmater.3c01952,10.1021_acs.chemmater.3c01952-p003-f01,10.1021_acs.chemmater.3c01952-p003-f01-s03,AB Stacking,COF-C2-80,AB Stacking,12.163000,0.016600
10.1021_acs.chemmater.3c01952,10.1021_acs.chemmater.3c01952-p003-f01,10.1021_acs.chemmater.3c01952-p003-f01-s03,AB Stacking,COF-C2-80,AB Stacking,12.183000,0.016600
10.1021_acs.chemmater.3c01952,10.1021_acs.chemmater.3c01952-p003-f01,10.1021_acs.chemmater.3c01952-p003-f01-s03,AB Stacking,COF-C2-80,AB Stacking,12.203000,0.016500
10.1021_acs.chemmater.3c01952,10.1021_acs.chemmater.3c01952-p003-f01,10.1021_acs.chemmater.3c01952-p003-f01-s03,AB Stacking,COF-C2-80,AB Stacking,12.223000,0.016400
10.1021_acs.chemmater.3c01952,10.1021_acs.chemmater.3c01952-p003-f01,10.1021_acs.chemmater.3c01952-p003-f01-s03,AB Stacking,COF-C2-80,AB Stacking,12.243000,0.016300
10.1021_acs.chemmater.3c01952,10.1021_acs.chemmater.3c01952-p003-f01,10.1021_acs.chemmater.3c01952-p003-f01-s03,AB Stacking,COF-C2-80,AB Stacking,12.263000,0.016200
10.1021_acs.chemmater.3c01952,10.1021_acs.chemmater.3c01952-p003-f01,10.1021_acs.chemmater.3c01952-p003-f01-s03,AB Stacking,COF-C2-80,AB Stacking,12.283000,0.016100
10.1021_acs.chemmater.3c01952,10.1021_acs.chemmater.3c01952-p003-f01,10.1021_acs.chemmater.3c01952-p003-f01-s03,AB Stacking,COF-C2-80,AB Stacking,12.303000,0.016000
10.1021_acs.chemmater.3c01952,10.1021_acs.chemmater.3c01952-p003-f01,10.1021_acs.chemmater.3c01952-p003-f01-s03,AB Stacking,COF-C2-80,AB Stacking,12.323000,0.015900
10.1021_acs.chemmater.3c01952,10.1021_acs.chemmater.3c01952-p003-f01,10.1021_acs.chemmater.3c01952-p003-f01-s03,AB Stacking,COF-C2-80,AB Stacking,12.343000,0.015800
10.1021_acs.chemmater.3c01952,10.1021_acs.chemmater.3c01952-p003-f01,10.1021_acs.chemmater.3c01952-p003-f01-s03,AB Stacking,COF-C2-80,AB Stacking,12.363000,0.015800
10.1021_acs.chemmater.3c01952,10.1021_acs.chemmater.3c01952-p003-f01,10.1021_acs.chemmater.3c01952-p003-f01-s03,AB Stacking,COF-C2-80,AB Stacking,12.383000,0.015700
10.1021_acs.chemmater.3c01952,10.1021_acs.chemmater.3c01952-p003-f01,10.1021_acs.chemmater.3c01952-p003-f01-s03,AB Stacking,COF-C2-80,AB Stacking,12.403000,0.015600
10.1021_acs.chemmater.3c01952,10.1021_acs.chemmater.3c01952-p003-f01,10.1021_acs.chemmater.3c01952-p003-f01-s03,AB Stacking,COF-C2-80,AB Stacking,12.423000,0.015500
10.1021_acs.chemmater.3c01952,10.1021_acs.chemmater.3c01952-p003-f01,10.1021_acs.chemmater.3c01952-p003-f01-s03,AB Stacking,COF-C2-80,AB Stacking,12.443000,0.015400
10.1021_acs.chemmater.3c01952,10.1021_acs.chemmater.3c01952-p003-f01,10.1021_acs.chemmater.3c01952-p003-f01-s03,AB Stacking,COF-C2-80,AB Stacking,12.463000,0.015300
10.1021_acs.chemmater.3c01952,10.1021_acs.chemmater.3c01952-p003-f01,10.1021_acs.chemmater.3c01952-p003-f01-s03,AB Stacking,COF-C2-80,AB Stacking,12.483000,0.015200
10.1021_acs.chemmater.3c01952,10.1021_acs.chemmater.3c01952-p003-f01,10.1021_acs.chemmater.3c01952-p003-f01-s03,AB Stacking,COF-C2-80,AB Stacking,12.503000,0.015100
10.1021_acs.chemmater.3c01952,10.1021_acs.chemmater.3c01952-p003-f01,10.1021_acs.chemmater.3c01952-p003-f01-s03,AB Stacking,COF-C2-80,AB Stacking,12.523000,0.015000
10.1021_acs.chemmater.3c01952,10.1021_acs.chemmater.3c01952-p003-f01,10.1021_acs.chemmater.3c01952-p003-f01-s03,AB Stacking,COF-C2-80,AB Stacking,12.543000,0.015000
10.1021_acs.chemmater.3c01952,10.1021_acs.chemmater.3c01952-p003-f01,10.1021_acs.chemmater.3c01952-p003-f01-s03,AB Stacking,COF-C2-80,AB Stacking,12.563000,0.014900
10.1021_acs.chemmater.3c01952,10.1021_acs.chemmater.3c01952-p003-f01,10.1021_acs.chemmater.3c01952-p003-f01-s03,AB Stacking,COF-C2-80,AB Stacking,12.583000,0.014800
10.1021_acs.chemmater.3c01952,10.1021_acs.chemmater.3c01952-p003-f01,10.1021_acs.chemmater.3c01952-p003-f01-s03,AB Stacking,COF-C2-80,AB Stacking,12.603000,0.014700
10.1021_acs.chemmater.3c01952,10.1021_acs.chemmater.3c01952-p003-f01,10.1021_acs.chemmater.3c01952-p003-f01-s03,AB Stacking,COF-C2-80,AB Stacking,12.623000,0.014600
10.1021_acs.chemmater.3c01952,10.1021_acs.chemmater.3c01952-p003-f01,10.1021_acs.chemmater.3c01952-p003-f01-s03,AB Stacking,COF-C2-80,AB Stacking,12.643000,0.014500
10.1021_acs.chemmater.3c01952,10.1021_acs.chemmater.3c01952-p003-f01,10.1021_acs.chemmater.3c01952-p003-f01-s03,AB Stacking,COF-C2-80,AB Stacking,12.663000,0.014400
10.1021_acs.chemmater.3c01952,10.1021_acs.chemmater.3c01952-p003-f01,10.1021_acs.chemmater.3c01952-p003-f01-s03,AB Stacking,COF-C2-80,AB Stacking,12.683000,0.014300
10.1021_acs.chemmater.3c01952,10.1021_acs.chemmater.3c01952-p003-f01,10.1021_acs.chemmater.3c01952-p003-f01-s03,AB Stacking,COF-C2-80,AB Stacking,12.703000,0.014300
10.1021_acs.chemmater.3c01952,10.1021_acs.chemmater.3c01952-p003-f01,10.1021_acs.chemmater.3c01952-p003-f01-s03,AB Stacking,COF-C2-80,AB Stacking,12.723000,0.014200
10.1021_acs.chemmater.3c01952,10.1021_acs.chemmater.3c01952-p003-f01,10.1021_acs.chemmater.3c01952-p003-f01-s03,AB Stacking,COF-C2-80,AB Stacking,12.743000,0.014100
10.1021_acs.chemmater.3c01952,10.1021_acs.chemmater.3c01952-p003-f01,10.1021_acs.chemmater.3c01952-p003-f01-s03,AB Stacking,COF-C2-80,AB Stacking,12.763000,0.014000
10.1021_acs.chemmater.3c01952,10.1021_acs.chemmater.3c01952-p003-f01,10.1021_acs.chemmater.3c01952-p003-f01-s03,AB Stacking,COF-C2-80,AB Stacking,12.783000,0.013900
10.1021_acs.chemmater.3c01952,10.1021_acs.chemmater.3c01952-p003-f01,10.1021_acs.chemmater.3c01952-p003-f01-s03,AB Stacking,COF-C2-80,AB Stacking,12.803000,0.013800
10.1021_acs.chemmater.3c01952,10.1021_acs.chemmater.3c01952-p003-f01,10.1021_acs.chemmater.3c01952-p003-f01-s03,AB Stacking,COF-C2-80,AB Stacking,12.823000,0.013700
10.1021_acs.chemmater.3c01952,10.1021_acs.chemmater.3c01952-p003-f01,10.1021_acs.chemmater.3c01952-p003-f01-s03,AB Stacking,COF-C2-80,AB Stacking,12.843000,0.013600
10.1021_acs.chemmater.3c01952,10.1021_acs.chemmater.3c01952-p003-f01,10.1021_acs.chemmater.3c01952-p003-f01-s03,AB Stacking,COF-C2-80,AB Stacking,12.863000,0.013600
10.1021_acs.chemmater.3c01952,10.1021_acs.chemmater.3c01952-p003-f01,10.1021_acs.chemmater.3c01952-p003-f01-s03,AB Stacking,COF-C2-80,AB Stacking,12.883000,0.013500
10.1021_acs.chemmater.3c01952,10.1021_acs.chemmater.3c01952-p003-f01,10.1021_acs.chemmater.3c01952-p003-f01-s03,AB Stacking,COF-C2-80,AB Stacking,12.903000,0.013400
10.1021_acs.chemmater.3c01952,10.1021_acs.chemmater.3c01952-p003-f01,10.1021_acs.chemmater.3c01952-p003-f01-s03,AB Stacking,COF-C2-80,AB Stacking,12.923000,0.013300
10.1021_acs.chemmater.3c01952,10.1021_acs.chemmater.3c01952-p003-f01,10.1021_acs.chemmater.3c01952-p003-f01-s03,AB Stacking,COF-C2-80,AB Stacking,12.943000,0.013200
10.1021_acs.chemmater.3c01952,10.1021_acs.chemmater.3c01952-p003-f01,10.1021_acs.chemmater.3c01952-p003-f01-s03,AB Stacking,COF-C2-80,AB Stacking,12.963000,0.013100
10.1021_acs.chemmater.3c01952,10.1021_acs.chemmater.3c01952-p003-f01,10.1021_acs.chemmater.3c01952-p003-f01-s03,AB Stacking,COF-C2-80,AB Stacking,12.983000,0.013000
10.1021_acs.chemmater.3c01952,10.1021_acs.chemmater.3c01952-p003-f01,10.1021_acs.chemmater.3c01952-p003-f01-s03,AB Stacking,COF-C2-80,AB Stacking,13.003000,0.013000
10.1021_acs.chemmater.3c01952,10.1021_acs.chemmater.3c01952-p003-f01,10.1021_acs.chemmater.3c01952-p003-f01-s03,AB Stacking,COF-C2-80,AB Stacking,13.023000,0.012900
10.1021_acs.chemmater.3c01952,10.1021_acs.chemmater.3c01952-p003-f01,10.1021_acs.chemmater.3c01952-p003-f01-s03,AB Stacking,COF-C2-80,AB Stacking,13.043000,0.012800
10.1021_acs.chemmater.3c01952,10.1021_acs.chemmater.3c01952-p003-f01,10.1021_acs.chemmater.3c01952-p003-f01-s03,AB Stacking,COF-C2-80,AB Stacking,13.063000,0.012700
10.1021_acs.chemmater.3c01952,10.1021_acs.chemmater.3c01952-p003-f01,10.1021_acs.chemmater.3c01952-p003-f01-s03,AB Stacking,COF-C2-80,AB Stacking,13.083000,0.012600
10.1021_acs.chemmater.3c01952,10.1021_acs.chemmater.3c01952-p003-f01,10.1021_acs.chemmater.3c01952-p003-f01-s03,AB Stacking,COF-C2-80,AB Stacking,13.103000,0.012600
10.1021_acs.chemmater.3c01952,10.1021_acs.chemmater.3c01952-p003-f01,10.1021_acs.chemmater.3c01952-p003-f01-s03,AB Stacking,COF-C2-80,AB Stacking,13.123000,0.012500
10.1021_acs.chemmater.3c01952,10.1021_acs.chemmater.3c01952-p003-f01,10.1021_acs.chemmater.3c01952-p003-f01-s03,AB Stacking,COF-C2-80,AB Stacking,13.143000,0.012400
10.1021_acs.chemmater.3c01952,10.1021_acs.chemmater.3c01952-p003-f01,10.1021_acs.chemmater.3c01952-p003-f01-s03,AB Stacking,COF-C2-80,AB Stacking,13.163000,0.012300
10.1021_acs.chemmater.3c01952,10.1021_acs.chemmater.3c01952-p003-f01,10.1021_acs.chemmater.3c01952-p003-f01-s03,AB Stacking,COF-C2-80,AB Stacking,13.183000,0.012200
10.1021_acs.chemmater.3c01952,10.1021_acs.chemmater.3c01952-p003-f01,10.1021_acs.chemmater.3c01952-p003-f01-s03,AB Stacking,COF-C2-80,AB Stacking,13.203000,0.012200
10.1021_acs.chemmater.3c01952,10.1021_acs.chemmater.3c01952-p003-f01,10.1021_acs.chemmater.3c01952-p003-f01-s03,AB Stacking,COF-C2-80,AB Stacking,13.223000,0.012100
10.1021_acs.chemmater.3c01952,10.1021_acs.chemmater.3c01952-p003-f01,10.1021_acs.chemmater.3c01952-p003-f01-s03,AB Stacking,COF-C2-80,AB Stacking,13.243000,0.012000
10.1021_acs.chemmater.3c01952,10.1021_acs.chemmater.3c01952-p003-f01,10.1021_acs.chemmater.3c01952-p003-f01-s03,AB Stacking,COF-C2-80,AB Stacking,13.263000,0.011900
10.1021_acs.chemmater.3c01952,10.1021_acs.chemmater.3c01952-p003-f01,10.1021_acs.chemmater.3c01952-p003-f01-s03,AB Stacking,COF-C2-80,AB Stacking,13.283000,0.011900
10.1021_acs.chemmater.3c01952,10.1021_acs.chemmater.3c01952-p003-f01,10.1021_acs.chemmater.3c01952-p003-f01-s03,AB Stacking,COF-C2-80,AB Stacking,13.303000,0.011800
10.1021_acs.chemmater.3c01952,10.1021_acs.chemmater.3c01952-p003-f01,10.1021_acs.chemmater.3c01952-p003-f01-s03,AB Stacking,COF-C2-80,AB Stacking,13.323000,0.011600
10.1021_acs.chemmater.3c01952,10.1021_acs.chemmater.3c01952-p003-f01,10.1021_acs.chemmater.3c01952-p003-f01-s03,AB Stacking,COF-C2-80,AB Stacking,13.343000,0.011400
10.1021_acs.chemmater.3c01952,10.1021_acs.chemmater.3c01952-p003-f01,10.1021_acs.chemmater.3c01952-p003-f01-s03,AB Stacking,COF-C2-80,AB Stacking,13.363000,0.011300
10.1021_acs.chemmater.3c01952,10.1021_acs.chemmater.3c01952-p003-f01,10.1021_acs.chemmater.3c01952-p003-f01-s03,AB Stacking,COF-C2-80,AB Stacking,13.383000,0.011600
10.1021_acs.chemmater.3c01952,10.1021_acs.chemmater.3c01952-p003-f01,10.1021_acs.chemmater.3c01952-p003-f01-s03,AB Stacking,COF-C2-80,AB Stacking,13.403000,0.012300
10.1021_acs.chemmater.3c01952,10.1021_acs.chemmater.3c01952-p003-f01,10.1021_acs.chemmater.3c01952-p003-f01-s03,AB Stacking,COF-C2-80,AB Stacking,13.423000,0.013400
10.1021_acs.chemmater.3c01952,10.1021_acs.chemmater.3c01952-p003-f01,10.1021_acs.chemmater.3c01952-p003-f01-s03,AB Stacking,COF-C2-80,AB Stacking,13.443000,0.015000
10.1021_acs.chemmater.3c01952,10.1021_acs.chemmater.3c01952-p003-f01,10.1021_acs.chemmater.3c01952-p003-f01-s03,AB Stacking,COF-C2-80,AB Stacking,13.463000,0.016900
10.1021_acs.chemmater.3c01952,10.1021_acs.chemmater.3c01952-p003-f01,10.1021_acs.chemmater.3c01952-p003-f01-s03,AB Stacking,COF-C2-80,AB Stacking,13.483000,0.019100
10.1021_acs.chemmater.3c01952,10.1021_acs.chemmater.3c01952-p003-f01,10.1021_acs.chemmater.3c01952-p003-f01-s03,AB Stacking,COF-C2-80,AB Stacking,13.503000,-0.006000
10.1021_acs.chemmater.3c01952,10.1021_acs.chemmater.3c01952-p003-f01,10.1021_acs.chemmater.3c01952-p003-f01-s03,AB Stacking,COF-C2-80,AB Stacking,13.523000,-0.122200
10.1021_acs.chemmater.3c01952,10.1021_acs.chemmater.3c01952-p003-f01,10.1021_acs.chemmater.3c01952-p003-f01-s03,AB Stacking,COF-C2-80,AB Stacking,13.543000,-0.374700
10.1021_acs.chemmater.3c01952,10.1021_acs.chemmater.3c01952-p003-f01,10.1021_acs.chemmater.3c01952-p003-f01-s03,AB Stacking,COF-C2-80,AB Stacking,13.563000,-0.262400
10.1021_acs.chemmater.3c01952,10.1021_acs.chemmater.3c01952-p003-f01,10.1021_acs.chemmater.3c01952-p003-f01-s03,AB Stacking,COF-C2-80,AB Stacking,13.583000,0.370300
10.1021_acs.chemmater.3c01952,10.1021_acs.chemmater.3c01952-p003-f01,10.1021_acs.chemmater.3c01952-p003-f01-s03,AB Stacking,COF-C2-80,AB Stacking,13.603000,1.540400
10.1021_acs.chemmater.3c01952,10.1021_acs.chemmater.3c01952-p003-f01,10.1021_acs.chemmater.3c01952-p003-f01-s03,AB Stacking,COF-C2-80,AB Stacking,13.623000,2.972400
10.1021_acs.chemmater.3c01952,10.1021_acs.chemmater.3c01952-p003-f01,10.1021_acs.chemmater.3c01952-p003-f01-s03,AB Stacking,COF-C2-80,AB Stacking,13.643000,4.653000
10.1021_acs.chemmater.3c01952,10.1021_acs.chemmater.3c01952-p003-f01,10.1021_acs.chemmater.3c01952-p003-f01-s03,AB Stacking,COF-C2-80,AB Stacking,13.663000,6.532800
10.1021_acs.chemmater.3c01952,10.1021_acs.chemmater.3c01952-p003-f01,10.1021_acs.chemmater.3c01952-p003-f01-s03,AB Stacking,COF-C2-80,AB Stacking,13.683000,8.550600
10.1021_acs.chemmater.3c01952,10.1021_acs.chemmater.3c01952-p003-f01,10.1021_acs.chemmater.3c01952-p003-f01-s03,AB Stacking,COF-C2-80,AB Stacking,13.703000,10.627500
10.1021_acs.chemmater.3c01952,10.1021_acs.chemmater.3c01952-p003-f01,10.1021_acs.chemmater.3c01952-p003-f01-s03,AB Stacking,COF-C2-80,AB Stacking,13.723000,12.490800
10.1021_acs.chemmater.3c01952,10.1021_acs.chemmater.3c01952-p003-f01,10.1021_acs.chemmater.3c01952-p003-f01-s03,AB Stacking,COF-C2-80,AB Stacking,13.743000,13.932300
10.1021_acs.chemmater.3c01952,10.1021_acs.chemmater.3c01952-p003-f01,10.1021_acs.chemmater.3c01952-p003-f01-s03,AB Stacking,COF-C2-80,AB Stacking,13.763000,15.258400
10.1021_acs.chemmater.3c01952,10.1021_acs.chemmater.3c01952-p003-f01,10.1021_acs.chemmater.3c01952-p003-f01-s03,AB Stacking,COF-C2-80,AB Stacking,13.783000,16.243000
10.1021_acs.chemmater.3c01952,10.1021_acs.chemmater.3c01952-p003-f01,10.1021_acs.chemmater.3c01952-p003-f01-s03,AB Stacking,COF-C2-80,AB Stacking,13.803000,16.681000
10.1021_acs.chemmater.3c01952,10.1021_acs.chemmater.3c01952-p003-f01,10.1021_acs.chemmater.3c01952-p003-f01-s03,AB Stacking,COF-C2-80,AB Stacking,13.823000,16.338100
10.1021_acs.chemmater.3c01952,10.1021_acs.chemmater.3c01952-p003-f01,10.1021_acs.chemmater.3c01952-p003-f01-s03,AB Stacking,COF-C2-80,AB Stacking,13.843000,15.295200
10.1021_acs.chemmater.3c01952,10.1021_acs.chemmater.3c01952-p003-f01,10.1021_acs.chemmater.3c01952-p003-f01-s03,AB Stacking,COF-C2-80,AB Stacking,13.863000,13.620100
10.1021_acs.chemmater.3c01952,10.1021_acs.chemmater.3c01952-p003-f01,10.1021_acs.chemmater.3c01952-p003-f01-s03,AB Stacking,COF-C2-80,AB Stacking,13.883000,11.309600
10.1021_acs.chemmater.3c01952,10.1021_acs.chemmater.3c01952-p003-f01,10.1021_acs.chemmater.3c01952-p003-f01-s03,AB Stacking,COF-C2-80,AB Stacking,13.903000,8.781100
10.1021_acs.chemmater.3c01952,10.1021_acs.chemmater.3c01952-p003-f01,10.1021_acs.chemmater.3c01952-p003-f01-s03,AB Stacking,COF-C2-80,AB Stacking,13.923000,6.240900
10.1021_acs.chemmater.3c01952,10.1021_acs.chemmater.3c01952-p003-f01,10.1021_acs.chemmater.3c01952-p003-f01-s03,AB Stacking,COF-C2-80,AB Stacking,13.943000,3.887400
10.1021_acs.chemmater.3c01952,10.1021_acs.chemmater.3c01952-p003-f01,10.1021_acs.chemmater.3c01952-p003-f01-s03,AB Stacking,COF-C2-80,AB Stacking,13.963000,1.980700
10.1021_acs.chemmater.3c01952,10.1021_acs.chemmater.3c01952-p003-f01,10.1021_acs.chemmater.3c01952-p003-f01-s03,AB Stacking,COF-C2-80,AB Stacking,13.983000,0.625200
10.1021_acs.chemmater.3c01952,10.1021_acs.chemmater.3c01952-p003-f01,10.1021_acs.chemmater.3c01952-p003-f01-s03,AB Stacking,COF-C2-80,AB Stacking,14.003000,-0.137000
10.1021_acs.chemmater.3c01952,10.1021_acs.chemmater.3c01952-p003-f01,10.1021_acs.chemmater.3c01952-p003-f01-s03,AB Stacking,COF-C2-80,AB Stacking,14.023000,-0.357100
10.1021_acs.chemmater.3c01952,10.1021_acs.chemmater.3c01952-p003-f01,10.1021_acs.chemmater.3c01952-p003-f01-s03,AB Stacking,COF-C2-80,AB Stacking,14.043000,-0.249400
10.1021_acs.chemmater.3c01952,10.1021_acs.chemmater.3c01952-p003-f01,10.1021_acs.chemmater.3c01952-p003-f01-s03,AB Stacking,COF-C2-80,AB Stacking,14.063000,-0.042500
10.1021_acs.chemmater.3c01952,10.1021_acs.chemmater.3c01952-p003-f01,10.1021_acs.chemmater.3c01952-p003-f01-s03,AB Stacking,COF-C2-80,AB Stacking,14.083000,-0.006900
10.1021_acs.chemmater.3c01952,10.1021_acs.chemmater.3c01952-p003-f01,10.1021_acs.chemmater.3c01952-p003-f01-s03,AB Stacking,COF-C2-80,AB Stacking,14.103000,0.009700
10.1021_acs.chemmater.3c01952,10.1021_acs.chemmater.3c01952-p003-f01,10.1021_acs.chemmater.3c01952-p003-f01-s03,AB Stacking,COF-C2-80,AB Stacking,14.123000,0.009700
10.1021_acs.chemmater.3c01952,10.1021_acs.chemmater.3c01952-p003-f01,10.1021_acs.chemmater.3c01952-p003-f01-s03,AB Stacking,COF-C2-80,AB Stacking,14.143000,0.009700
10.1021_acs.chemmater.3c01952,10.1021_acs.chemmater.3c01952-p003-f01,10.1021_acs.chemmater.3c01952-p003-f01-s03,AB Stacking,COF-C2-80,AB Stacking,14.163000,0.009700
10.1021_acs.chemmater.3c01952,10.1021_acs.chemmater.3c01952-p003-f01,10.1021_acs.chemmater.3c01952-p003-f01-s03,AB Stacking,COF-C2-80,AB Stacking,14.183000,0.009600
10.1021_acs.chemmater.3c01952,10.1021_acs.chemmater.3c01952-p003-f01,10.1021_acs.chemmater.3c01952-p003-f01-s03,AB Stacking,COF-C2-80,AB Stacking,14.203000,0.009600
10.1021_acs.chemmater.3c01952,10.1021_acs.chemmater.3c01952-p003-f01,10.1021_acs.chemmater.3c01952-p003-f01-s03,AB Stacking,COF-C2-80,AB Stacking,14.223000,0.009600
10.1021_acs.chemmater.3c01952,10.1021_acs.chemmater.3c01952-p003-f01,10.1021_acs.chemmater.3c01952-p003-f01-s03,AB Stacking,COF-C2-80,AB Stacking,14.243000,0.009600
10.1021_acs.chemmater.3c01952,10.1021_acs.chemmater.3c01952-p003-f01,10.1021_acs.chemmater.3c01952-p003-f01-s03,AB Stacking,COF-C2-80,AB Stacking,14.263000,0.009600
10.1021_acs.chemmater.3c01952,10.1021_acs.chemmater.3c01952-p003-f01,10.1021_acs.chemmater.3c01952-p003-f01-s03,AB Stacking,COF-C2-80,AB Stacking,14.283000,0.009600
10.1021_acs.chemmater.3c01952,10.1021_acs.chemmater.3c01952-p003-f01,10.1021_acs.chemmater.3c01952-p003-f01-s03,AB Stacking,COF-C2-80,AB Stacking,14.303000,0.009500
10.1021_acs.chemmater.3c01952,10.1021_acs.chemmater.3c01952-p003-f01,10.1021_acs.chemmater.3c01952-p003-f01-s03,AB Stacking,COF-C2-80,AB Stacking,14.323000,0.009500
10.1021_acs.chemmater.3c01952,10.1021_acs.chemmater.3c01952-p003-f01,10.1021_acs.chemmater.3c01952-p003-f01-s03,AB Stacking,COF-C2-80,AB Stacking,14.343000,0.009500
10.1021_acs.chemmater.3c01952,10.1021_acs.chemmater.3c01952-p003-f01,10.1021_acs.chemmater.3c01952-p003-f01-s03,AB Stacking,COF-C2-80,AB Stacking,14.363000,0.009500
10.1021_acs.chemmater.3c01952,10.1021_acs.chemmater.3c01952-p003-f01,10.1021_acs.chemmater.3c01952-p003-f01-s03,AB Stacking,COF-C2-80,AB Stacking,14.383000,0.009500
10.1021_acs.chemmater.3c01952,10.1021_acs.chemmater.3c01952-p003-f01,10.1021_acs.chemmater.3c01952-p003-f01-s03,AB Stacking,COF-C2-80,AB Stacking,14.403000,0.009500
10.1021_acs.chemmater.3c01952,10.1021_acs.chemmater.3c01952-p003-f01,10.1021_acs.chemmater.3c01952-p003-f01-s03,AB Stacking,COF-C2-80,AB Stacking,14.423000,0.009500
10.1021_acs.chemmater.3c01952,10.1021_acs.chemmater.3c01952-p003-f01,10.1021_acs.chemmater.3c01952-p003-f01-s03,AB Stacking,COF-C2-80,AB Stacking,14.443000,0.009500
10.1021_acs.chemmater.3c01952,10.1021_acs.chemmater.3c01952-p003-f01,10.1021_acs.chemmater.3c01952-p003-f01-s03,AB Stacking,COF-C2-80,AB Stacking,14.463000,0.009500
10.1021_acs.chemmater.3c01952,10.1021_acs.chemmater.3c01952-p003-f01,10.1021_acs.chemmater.3c01952-p003-f01-s03,AB Stacking,COF-C2-80,AB Stacking,14.483000,0.009500
10.1021_acs.chemmater.3c01952,10.1021_acs.chemmater.3c01952-p003-f01,10.1021_acs.chemmater.3c01952-p003-f01-s03,AB Stacking,COF-C2-80,AB Stacking,14.503000,0.009400
10.1021_acs.chemmater.3c01952,10.1021_acs.chemmater.3c01952-p003-f01,10.1021_acs.chemmater.3c01952-p003-f01-s03,AB Stacking,COF-C2-80,AB Stacking,14.523000,0.009200
10.1021_acs.chemmater.3c01952,10.1021_acs.chemmater.3c01952-p003-f01,10.1021_acs.chemmater.3c01952-p003-f01-s03,AB Stacking,COF-C2-80,AB Stacking,14.543000,0.008700
10.1021_acs.chemmater.3c01952,10.1021_acs.chemmater.3c01952-p003-f01,10.1021_acs.chemmater.3c01952-p003-f01-s03,AB Stacking,COF-C2-80,AB Stacking,14.563000,0.008400
10.1021_acs.chemmater.3c01952,10.1021_acs.chemmater.3c01952-p003-f01,10.1021_acs.chemmater.3c01952-p003-f01-s03,AB Stacking,COF-C2-80,AB Stacking,14.583000,0.009200
10.1021_acs.chemmater.3c01952,10.1021_acs.chemmater.3c01952-p003-f01,10.1021_acs.chemmater.3c01952-p003-f01-s03,AB Stacking,COF-C2-80,AB Stacking,14.603000,0.011300
10.1021_acs.chemmater.3c01952,10.1021_acs.chemmater.3c01952-p003-f01,10.1021_acs.chemmater.3c01952-p003-f01-s03,AB Stacking,COF-C2-80,AB Stacking,14.623000,0.015300
10.1021_acs.chemmater.3c01952,10.1021_acs.chemmater.3c01952-p003-f01,10.1021_acs.chemmater.3c01952-p003-f01-s03,AB Stacking,COF-C2-80,AB Stacking,14.643000,0.021000
10.1021_acs.chemmater.3c01952,10.1021_acs.chemmater.3c01952-p003-f01,10.1021_acs.chemmater.3c01952-p003-f01-s03,AB Stacking,COF-C2-80,AB Stacking,14.663000,0.028400
10.1021_acs.chemmater.3c01952,10.1021_acs.chemmater.3c01952-p003-f01,10.1021_acs.chemmater.3c01952-p003-f01-s03,AB Stacking,COF-C2-80,AB Stacking,14.683000,0.037000
10.1021_acs.chemmater.3c01952,10.1021_acs.chemmater.3c01952-p003-f01,10.1021_acs.chemmater.3c01952-p003-f01-s03,AB Stacking,COF-C2-80,AB Stacking,14.703000,0.046500
10.1021_acs.chemmater.3c01952,10.1021_acs.chemmater.3c01952-p003-f01,10.1021_acs.chemmater.3c01952-p003-f01-s03,AB Stacking,COF-C2-80,AB Stacking,14.723000,0.056000
10.1021_acs.chemmater.3c01952,10.1021_acs.chemmater.3c01952-p003-f01,10.1021_acs.chemmater.3c01952-p003-f01-s03,AB Stacking,COF-C2-80,AB Stacking,14.743000,0.065100
10.1021_acs.chemmater.3c01952,10.1021_acs.chemmater.3c01952-p003-f01,10.1021_acs.chemmater.3c01952-p003-f01-s03,AB Stacking,COF-C2-80,AB Stacking,14.763000,0.074100
10.1021_acs.chemmater.3c01952,10.1021_acs.chemmater.3c01952-p003-f01,10.1021_acs.chemmater.3c01952-p003-f01-s03,AB Stacking,COF-C2-80,AB Stacking,14.783000,0.083100
10.1021_acs.chemmater.3c01952,10.1021_acs.chemmater.3c01952-p003-f01,10.1021_acs.chemmater.3c01952-p003-f01-s03,AB Stacking,COF-C2-80,AB Stacking,14.803000,0.092000
10.1021_acs.chemmater.3c01952,10.1021_acs.chemmater.3c01952-p003-f01,10.1021_acs.chemmater.3c01952-p003-f01-s03,AB Stacking,COF-C2-80,AB Stacking,14.823000,0.089100
10.1021_acs.chemmater.3c01952,10.1021_acs.chemmater.3c01952-p003-f01,10.1021_acs.chemmater.3c01952-p003-f01-s03,AB Stacking,COF-C2-80,AB Stacking,14.843000,0.062900
10.1021_acs.chemmater.3c01952,10.1021_acs.chemmater.3c01952-p003-f01,10.1021_acs.chemmater.3c01952-p003-f01-s03,AB Stacking,COF-C2-80,AB Stacking,14.863000,0.025500
10.1021_acs.chemmater.3c01952,10.1021_acs.chemmater.3c01952-p003-f01,10.1021_acs.chemmater.3c01952-p003-f01-s03,AB Stacking,COF-C2-80,AB Stacking,14.883000,0.077500
10.1021_acs.chemmater.3c01952,10.1021_acs.chemmater.3c01952-p003-f01,10.1021_acs.chemmater.3c01952-p003-f01-s03,AB Stacking,COF-C2-80,AB Stacking,14.903000,0.283000
10.1021_acs.chemmater.3c01952,10.1021_acs.chemmater.3c01952-p003-f01,10.1021_acs.chemmater.3c01952-p003-f01-s03,AB Stacking,COF-C2-80,AB Stacking,14.923000,0.527300
10.1021_acs.chemmater.3c01952,10.1021_acs.chemmater.3c01952-p003-f01,10.1021_acs.chemmater.3c01952-p003-f01-s03,AB Stacking,COF-C2-80,AB Stacking,14.943000,0.889700
10.1021_acs.chemmater.3c01952,10.1021_acs.chemmater.3c01952-p003-f01,10.1021_acs.chemmater.3c01952-p003-f01-s03,AB Stacking,COF-C2-80,AB Stacking,14.963000,1.387700
10.1021_acs.chemmater.3c01952,10.1021_acs.chemmater.3c01952-p003-f01,10.1021_acs.chemmater.3c01952-p003-f01-s03,AB Stacking,COF-C2-80,AB Stacking,14.983000,2.007800
10.1021_acs.chemmater.3c01952,10.1021_acs.chemmater.3c01952-p003-f01,10.1021_acs.chemmater.3c01952-p003-f01-s03,AB Stacking,COF-C2-80,AB Stacking,15.003000,2.536800
10.1021_acs.chemmater.3c01952,10.1021_acs.chemmater.3c01952-p003-f01,10.1021_acs.chemmater.3c01952-p003-f01-s03,AB Stacking,COF-C2-80,AB Stacking,15.023000,2.868200
10.1021_acs.chemmater.3c01952,10.1021_acs.chemmater.3c01952-p003-f01,10.1021_acs.chemmater.3c01952-p003-f01-s03,AB Stacking,COF-C2-80,AB Stacking,15.043000,3.003300
10.1021_acs.chemmater.3c01952,10.1021_acs.chemmater.3c01952-p003-f01,10.1021_acs.chemmater.3c01952-p003-f01-s03,AB Stacking,COF-C2-80,AB Stacking,15.063000,2.938400
10.1021_acs.chemmater.3c01952,10.1021_acs.chemmater.3c01952-p003-f01,10.1021_acs.chemmater.3c01952-p003-f01-s03,AB Stacking,COF-C2-80,AB Stacking,15.083000,2.746900
10.1021_acs.chemmater.3c01952,10.1021_acs.chemmater.3c01952-p003-f01,10.1021_acs.chemmater.3c01952-p003-f01-s03,AB Stacking,COF-C2-80,AB Stacking,15.103000,2.433600
10.1021_acs.chemmater.3c01952,10.1021_acs.chemmater.3c01952-p003-f01,10.1021_acs.chemmater.3c01952-p003-f01-s03,AB Stacking,COF-C2-80,AB Stacking,15.123000,1.912600
10.1021_acs.chemmater.3c01952,10.1021_acs.chemmater.3c01952-p003-f01,10.1021_acs.chemmater.3c01952-p003-f01-s03,AB Stacking,COF-C2-80,AB Stacking,15.143000,1.396800
10.1021_acs.chemmater.3c01952,10.1021_acs.chemmater.3c01952-p003-f01,10.1021_acs.chemmater.3c01952-p003-f01-s03,AB Stacking,COF-C2-80,AB Stacking,15.163000,0.968800
10.1021_acs.chemmater.3c01952,10.1021_acs.chemmater.3c01952-p003-f01,10.1021_acs.chemmater.3c01952-p003-f01-s03,AB Stacking,COF-C2-80,AB Stacking,15.183000,0.655600
10.1021_acs.chemmater.3c01952,10.1021_acs.chemmater.3c01952-p003-f01,10.1021_acs.chemmater.3c01952-p003-f01-s03,AB Stacking,COF-C2-80,AB Stacking,15.203000,0.351200
10.1021_acs.chemmater.3c01952,10.1021_acs.chemmater.3c01952-p003-f01,10.1021_acs.chemmater.3c01952-p003-f01-s03,AB Stacking,COF-C2-80,AB Stacking,15.223000,0.115200
10.1021_acs.chemmater.3c01952,10.1021_acs.chemmater.3c01952-p003-f01,10.1021_acs.chemmater.3c01952-p003-f01-s03,AB Stacking,COF-C2-80,AB Stacking,15.243000,-0.001000
10.1021_acs.chemmater.3c01952,10.1021_acs.chemmater.3c01952-p003-f01,10.1021_acs.chemmater.3c01952-p003-f01-s03,AB Stacking,COF-C2-80,AB Stacking,15.263000,-0.040200
10.1021_acs.chemmater.3c01952,10.1021_acs.chemmater.3c01952-p003-f01,10.1021_acs.chemmater.3c01952-p003-f01-s03,AB Stacking,COF-C2-80,AB Stacking,15.283000,-0.026800
10.1021_acs.chemmater.3c01952,10.1021_acs.chemmater.3c01952-p003-f01,10.1021_acs.chemmater.3c01952-p003-f01-s03,AB Stacking,COF-C2-80,AB Stacking,15.303000,0.004300
10.1021_acs.chemmater.3c01952,10.1021_acs.chemmater.3c01952-p003-f01,10.1021_acs.chemmater.3c01952-p003-f01-s03,AB Stacking,COF-C2-80,AB Stacking,15.323000,0.007700
10.1021_acs.chemmater.3c01952,10.1021_acs.chemmater.3c01952-p003-f01,10.1021_acs.chemmater.3c01952-p003-f01-s03,AB Stacking,COF-C2-80,AB Stacking,15.343000,0.008300
10.1021_acs.chemmater.3c01952,10.1021_acs.chemmater.3c01952-p003-f01,10.1021_acs.chemmater.3c01952-p003-f01-s03,AB Stacking,COF-C2-80,AB Stacking,15.363000,0.009800
10.1021_acs.chemmater.3c01952,10.1021_acs.chemmater.3c01952-p003-f01,10.1021_acs.chemmater.3c01952-p003-f01-s03,AB Stacking,COF-C2-80,AB Stacking,15.383000,0.010100
10.1021_acs.chemmater.3c01952,10.1021_acs.chemmater.3c01952-p003-f01,10.1021_acs.chemmater.3c01952-p003-f01-s03,AB Stacking,COF-C2-80,AB Stacking,15.403000,0.010200
10.1021_acs.chemmater.3c01952,10.1021_acs.chemmater.3c01952-p003-f01,10.1021_acs.chemmater.3c01952-p003-f01-s03,AB Stacking,COF-C2-80,AB Stacking,15.423000,0.010300
10.1021_acs.chemmater.3c01952,10.1021_acs.chemmater.3c01952-p003-f01,10.1021_acs.chemmater.3c01952-p003-f01-s03,AB Stacking,COF-C2-80,AB Stacking,15.443000,0.010300
10.1021_acs.chemmater.3c01952,10.1021_acs.chemmater.3c01952-p003-f01,10.1021_acs.chemmater.3c01952-p003-f01-s03,AB Stacking,COF-C2-80,AB Stacking,15.463000,0.010300
10.1021_acs.chemmater.3c01952,10.1021_acs.chemmater.3c01952-p003-f01,10.1021_acs.chemmater.3c01952-p003-f01-s03,AB Stacking,COF-C2-80,AB Stacking,15.483000,0.010400
10.1021_acs.chemmater.3c01952,10.1021_acs.chemmater.3c01952-p003-f01,10.1021_acs.chemmater.3c01952-p003-f01-s03,AB Stacking,COF-C2-80,AB Stacking,15.503000,0.010400
10.1021_acs.chemmater.3c01952,10.1021_acs.chemmater.3c01952-p003-f01,10.1021_acs.chemmater.3c01952-p003-f01-s03,AB Stacking,COF-C2-80,AB Stacking,15.523000,0.010500
10.1021_acs.chemmater.3c01952,10.1021_acs.chemmater.3c01952-p003-f01,10.1021_acs.chemmater.3c01952-p003-f01-s03,AB Stacking,COF-C2-80,AB Stacking,15.543000,0.010500
10.1021_acs.chemmater.3c01952,10.1021_acs.chemmater.3c01952-p003-f01,10.1021_acs.chemmater.3c01952-p003-f01-s03,AB Stacking,COF-C2-80,AB Stacking,15.563000,0.010500
10.1021_acs.chemmater.3c01952,10.1021_acs.chemmater.3c01952-p003-f01,10.1021_acs.chemmater.3c01952-p003-f01-s03,AB Stacking,COF-C2-80,AB Stacking,15.583000,0.010600
10.1021_acs.chemmater.3c01952,10.1021_acs.chemmater.3c01952-p003-f01,10.1021_acs.chemmater.3c01952-p003-f01-s03,AB Stacking,COF-C2-80,AB Stacking,15.603000,0.010600
10.1021_acs.chemmater.3c01952,10.1021_acs.chemmater.3c01952-p003-f01,10.1021_acs.chemmater.3c01952-p003-f01-s03,AB Stacking,COF-C2-80,AB Stacking,15.623000,0.010700
10.1021_acs.chemmater.3c01952,10.1021_acs.chemmater.3c01952-p003-f01,10.1021_acs.chemmater.3c01952-p003-f01-s03,AB Stacking,COF-C2-80,AB Stacking,15.643000,0.010700
10.1021_acs.chemmater.3c01952,10.1021_acs.chemmater.3c01952-p003-f01,10.1021_acs.chemmater.3c01952-p003-f01-s03,AB Stacking,COF-C2-80,AB Stacking,15.663000,0.010700
10.1021_acs.chemmater.3c01952,10.1021_acs.chemmater.3c01952-p003-f01,10.1021_acs.chemmater.3c01952-p003-f01-s03,AB Stacking,COF-C2-80,AB Stacking,15.683000,0.010800
10.1021_acs.chemmater.3c01952,10.1021_acs.chemmater.3c01952-p003-f01,10.1021_acs.chemmater.3c01952-p003-f01-s03,AB Stacking,COF-C2-80,AB Stacking,15.703000,0.010800
10.1021_acs.chemmater.3c01952,10.1021_acs.chemmater.3c01952-p003-f01,10.1021_acs.chemmater.3c01952-p003-f01-s03,AB Stacking,COF-C2-80,AB Stacking,15.723000,0.010900
10.1021_acs.chemmater.3c01952,10.1021_acs.chemmater.3c01952-p003-f01,10.1021_acs.chemmater.3c01952-p003-f01-s03,AB Stacking,COF-C2-80,AB Stacking,15.743000,0.010900
10.1021_acs.chemmater.3c01952,10.1021_acs.chemmater.3c01952-p003-f01,10.1021_acs.chemmater.3c01952-p003-f01-s03,AB Stacking,COF-C2-80,AB Stacking,15.763000,0.011000
10.1021_acs.chemmater.3c01952,10.1021_acs.chemmater.3c01952-p003-f01,10.1021_acs.chemmater.3c01952-p003-f01-s03,AB Stacking,COF-C2-80,AB Stacking,15.783000,0.011000
10.1021_acs.chemmater.3c01952,10.1021_acs.chemmater.3c01952-p003-f01,10.1021_acs.chemmater.3c01952-p003-f01-s03,AB Stacking,COF-C2-80,AB Stacking,15.803000,0.011100
10.1021_acs.chemmater.3c01952,10.1021_acs.chemmater.3c01952-p003-f01,10.1021_acs.chemmater.3c01952-p003-f01-s03,AB Stacking,COF-C2-80,AB Stacking,15.823000,0.011100
10.1021_acs.chemmater.3c01952,10.1021_acs.chemmater.3c01952-p003-f01,10.1021_acs.chemmater.3c01952-p003-f01-s03,AB Stacking,COF-C2-80,AB Stacking,15.843000,0.011200
10.1021_acs.chemmater.3c01952,10.1021_acs.chemmater.3c01952-p003-f01,10.1021_acs.chemmater.3c01952-p003-f01-s03,AB Stacking,COF-C2-80,AB Stacking,15.863000,0.011200
10.1021_acs.chemmater.3c01952,10.1021_acs.chemmater.3c01952-p003-f01,10.1021_acs.chemmater.3c01952-p003-f01-s03,AB Stacking,COF-C2-80,AB Stacking,15.883000,0.011300
10.1021_acs.chemmater.3c01952,10.1021_acs.chemmater.3c01952-p003-f01,10.1021_acs.chemmater.3c01952-p003-f01-s03,AB Stacking,COF-C2-80,AB Stacking,15.903000,0.011300
10.1021_acs.chemmater.3c01952,10.1021_acs.chemmater.3c01952-p003-f01,10.1021_acs.chemmater.3c01952-p003-f01-s03,AB Stacking,COF-C2-80,AB Stacking,15.923000,0.011400
10.1021_acs.chemmater.3c01952,10.1021_acs.chemmater.3c01952-p003-f01,10.1021_acs.chemmater.3c01952-p003-f01-s03,AB Stacking,COF-C2-80,AB Stacking,15.943000,0.011400
10.1021_acs.chemmater.3c01952,10.1021_acs.chemmater.3c01952-p003-f01,10.1021_acs.chemmater.3c01952-p003-f01-s03,AB Stacking,COF-C2-80,AB Stacking,15.963000,0.010100
10.1021_acs.chemmater.3c01952,10.1021_acs.chemmater.3c01952-p003-f01,10.1021_acs.chemmater.3c01952-p003-f01-s03,AB Stacking,COF-C2-80,AB Stacking,15.983000,-0.071000
10.1021_acs.chemmater.3c01952,10.1021_acs.chemmater.3c01952-p003-f01,10.1021_acs.chemmater.3c01952-p003-f01-s03,AB Stacking,COF-C2-80,AB Stacking,16.003000,-0.200900
10.1021_acs.chemmater.3c01952,10.1021_acs.chemmater.3c01952-p003-f01,10.1021_acs.chemmater.3c01952-p003-f01-s03,AB Stacking,COF-C2-80,AB Stacking,16.023000,-0.213800
10.1021_acs.chemmater.3c01952,10.1021_acs.chemmater.3c01952-p003-f01,10.1021_acs.chemmater.3c01952-p003-f01-s03,AB Stacking,COF-C2-80,AB Stacking,16.043000,0.080300
10.1021_acs.chemmater.3c01952,10.1021_acs.chemmater.3c01952-p003-f01,10.1021_acs.chemmater.3c01952-p003-f01-s03,AB Stacking,COF-C2-80,AB Stacking,16.063000,0.721500
10.1021_acs.chemmater.3c01952,10.1021_acs.chemmater.3c01952-p003-f01,10.1021_acs.chemmater.3c01952-p003-f01-s03,AB Stacking,COF-C2-80,AB Stacking,16.083000,1.647300
10.1021_acs.chemmater.3c01952,10.1021_acs.chemmater.3c01952-p003-f01,10.1021_acs.chemmater.3c01952-p003-f01-s03,AB Stacking,COF-C2-80,AB Stacking,16.103000,2.773200
10.1021_acs.chemmater.3c01952,10.1021_acs.chemmater.3c01952-p003-f01,10.1021_acs.chemmater.3c01952-p003-f01-s03,AB Stacking,COF-C2-80,AB Stacking,16.123000,4.032200
10.1021_acs.chemmater.3c01952,10.1021_acs.chemmater.3c01952-p003-f01,10.1021_acs.chemmater.3c01952-p003-f01-s03,AB Stacking,COF-C2-80,AB Stacking,16.143000,5.342800
10.1021_acs.chemmater.3c01952,10.1021_acs.chemmater.3c01952-p003-f01,10.1021_acs.chemmater.3c01952-p003-f01-s03,AB Stacking,COF-C2-80,AB Stacking,16.163000,6.426300
10.1021_acs.chemmater.3c01952,10.1021_acs.chemmater.3c01952-p003-f01,10.1021_acs.chemmater.3c01952-p003-f01-s03,AB Stacking,COF-C2-80,AB Stacking,16.183000,7.118400
10.1021_acs.chemmater.3c01952,10.1021_acs.chemmater.3c01952-p003-f01,10.1021_acs.chemmater.3c01952-p003-f01-s03,AB Stacking,COF-C2-80,AB Stacking,16.203000,7.448000
10.1021_acs.chemmater.3c01952,10.1021_acs.chemmater.3c01952-p003-f01,10.1021_acs.chemmater.3c01952-p003-f01-s03,AB Stacking,COF-C2-80,AB Stacking,16.223000,7.455300
10.1021_acs.chemmater.3c01952,10.1021_acs.chemmater.3c01952-p003-f01,10.1021_acs.chemmater.3c01952-p003-f01-s03,AB Stacking,COF-C2-80,AB Stacking,16.243000,7.269200
10.1021_acs.chemmater.3c01952,10.1021_acs.chemmater.3c01952-p003-f01,10.1021_acs.chemmater.3c01952-p003-f01-s03,AB Stacking,COF-C2-80,AB Stacking,16.263000,6.898400
10.1021_acs.chemmater.3c01952,10.1021_acs.chemmater.3c01952-p003-f01,10.1021_acs.chemmater.3c01952-p003-f01-s03,AB Stacking,COF-C2-80,AB Stacking,16.283000,6.382100
10.1021_acs.chemmater.3c01952,10.1021_acs.chemmater.3c01952-p003-f01,10.1021_acs.chemmater.3c01952-p003-f01-s03,AB Stacking,COF-C2-80,AB Stacking,16.303000,5.618800
10.1021_acs.chemmater.3c01952,10.1021_acs.chemmater.3c01952-p003-f01,10.1021_acs.chemmater.3c01952-p003-f01-s03,AB Stacking,COF-C2-80,AB Stacking,16.323000,4.677200
10.1021_acs.chemmater.3c01952,10.1021_acs.chemmater.3c01952-p003-f01,10.1021_acs.chemmater.3c01952-p003-f01-s03,AB Stacking,COF-C2-80,AB Stacking,16.343000,3.656400
10.1021_acs.chemmater.3c01952,10.1021_acs.chemmater.3c01952-p003-f01,10.1021_acs.chemmater.3c01952-p003-f01-s03,AB Stacking,COF-C2-80,AB Stacking,16.363000,2.585700
10.1021_acs.chemmater.3c01952,10.1021_acs.chemmater.3c01952-p003-f01,10.1021_acs.chemmater.3c01952-p003-f01-s03,AB Stacking,COF-C2-80,AB Stacking,16.383000,1.632300
10.1021_acs.chemmater.3c01952,10.1021_acs.chemmater.3c01952-p003-f01,10.1021_acs.chemmater.3c01952-p003-f01-s03,AB Stacking,COF-C2-80,AB Stacking,16.403000,0.865800
10.1021_acs.chemmater.3c01952,10.1021_acs.chemmater.3c01952-p003-f01,10.1021_acs.chemmater.3c01952-p003-f01-s03,AB Stacking,COF-C2-80,AB Stacking,16.423000,0.268200
10.1021_acs.chemmater.3c01952,10.1021_acs.chemmater.3c01952-p003-f01,10.1021_acs.chemmater.3c01952-p003-f01-s03,AB Stacking,COF-C2-80,AB Stacking,16.443000,-0.077800
10.1021_acs.chemmater.3c01952,10.1021_acs.chemmater.3c01952-p003-f01,10.1021_acs.chemmater.3c01952-p003-f01-s03,AB Stacking,COF-C2-80,AB Stacking,16.463000,-0.176000
10.1021_acs.chemmater.3c01952,10.1021_acs.chemmater.3c01952-p003-f01,10.1021_acs.chemmater.3c01952-p003-f01-s03,AB Stacking,COF-C2-80,AB Stacking,16.483000,-0.083700
10.1021_acs.chemmater.3c01952,10.1021_acs.chemmater.3c01952-p003-f01,10.1021_acs.chemmater.3c01952-p003-f01-s03,AB Stacking,COF-C2-80,AB Stacking,16.503000,-0.015600
10.1021_acs.chemmater.3c01952,10.1021_acs.chemmater.3c01952-p003-f01,10.1021_acs.chemmater.3c01952-p003-f01-s03,AB Stacking,COF-C2-80,AB Stacking,16.523000,0.013200
10.1021_acs.chemmater.3c01952,10.1021_acs.chemmater.3c01952-p003-f01,10.1021_acs.chemmater.3c01952-p003-f01-s03,AB Stacking,COF-C2-80,AB Stacking,16.543000,0.013300
10.1021_acs.chemmater.3c01952,10.1021_acs.chemmater.3c01952-p003-f01,10.1021_acs.chemmater.3c01952-p003-f01-s03,AB Stacking,COF-C2-80,AB Stacking,16.563000,0.013400
10.1021_acs.chemmater.3c01952,10.1021_acs.chemmater.3c01952-p003-f01,10.1021_acs.chemmater.3c01952-p003-f01-s03,AB Stacking,COF-C2-80,AB Stacking,16.583000,0.013400
10.1021_acs.chemmater.3c01952,10.1021_acs.chemmater.3c01952-p003-f01,10.1021_acs.chemmater.3c01952-p003-f01-s03,AB Stacking,COF-C2-80,AB Stacking,16.603000,0.013500
10.1021_acs.chemmater.3c01952,10.1021_acs.chemmater.3c01952-p003-f01,10.1021_acs.chemmater.3c01952-p003-f01-s03,AB Stacking,COF-C2-80,AB Stacking,16.623000,0.013600
10.1021_acs.chemmater.3c01952,10.1021_acs.chemmater.3c01952-p003-f01,10.1021_acs.chemmater.3c01952-p003-f01-s03,AB Stacking,COF-C2-80,AB Stacking,16.643000,0.013700
10.1021_acs.chemmater.3c01952,10.1021_acs.chemmater.3c01952-p003-f01,10.1021_acs.chemmater.3c01952-p003-f01-s03,AB Stacking,COF-C2-80,AB Stacking,16.663000,0.013700
10.1021_acs.chemmater.3c01952,10.1021_acs.chemmater.3c01952-p003-f01,10.1021_acs.chemmater.3c01952-p003-f01-s03,AB Stacking,COF-C2-80,AB Stacking,16.683000,0.013800
10.1021_acs.chemmater.3c01952,10.1021_acs.chemmater.3c01952-p003-f01,10.1021_acs.chemmater.3c01952-p003-f01-s03,AB Stacking,COF-C2-80,AB Stacking,16.703000,0.013900
10.1021_acs.chemmater.3c01952,10.1021_acs.chemmater.3c01952-p003-f01,10.1021_acs.chemmater.3c01952-p003-f01-s03,AB Stacking,COF-C2-80,AB Stacking,16.723000,0.013900
10.1021_acs.chemmater.3c01952,10.1021_acs.chemmater.3c01952-p003-f01,10.1021_acs.chemmater.3c01952-p003-f01-s03,AB Stacking,COF-C2-80,AB Stacking,16.743000,0.014000
10.1021_acs.chemmater.3c01952,10.1021_acs.chemmater.3c01952-p003-f01,10.1021_acs.chemmater.3c01952-p003-f01-s03,AB Stacking,COF-C2-80,AB Stacking,16.763000,0.014100
10.1021_acs.chemmater.3c01952,10.1021_acs.chemmater.3c01952-p003-f01,10.1021_acs.chemmater.3c01952-p003-f01-s03,AB Stacking,COF-C2-80,AB Stacking,16.783000,0.014200
10.1021_acs.chemmater.3c01952,10.1021_acs.chemmater.3c01952-p003-f01,10.1021_acs.chemmater.3c01952-p003-f01-s03,AB Stacking,COF-C2-80,AB Stacking,16.803000,0.014200
10.1021_acs.chemmater.3c01952,10.1021_acs.chemmater.3c01952-p003-f01,10.1021_acs.chemmater.3c01952-p003-f01-s03,AB Stacking,COF-C2-80,AB Stacking,16.823000,0.014300
10.1021_acs.chemmater.3c01952,10.1021_acs.chemmater.3c01952-p003-f01,10.1021_acs.chemmater.3c01952-p003-f01-s03,AB Stacking,COF-C2-80,AB Stacking,16.843000,0.014400
10.1021_acs.chemmater.3c01952,10.1021_acs.chemmater.3c01952-p003-f01,10.1021_acs.chemmater.3c01952-p003-f01-s03,AB Stacking,COF-C2-80,AB Stacking,16.863000,0.014500
10.1021_acs.chemmater.3c01952,10.1021_acs.chemmater.3c01952-p003-f01,10.1021_acs.chemmater.3c01952-p003-f01-s03,AB Stacking,COF-C2-80,AB Stacking,16.883000,0.014500
10.1021_acs.chemmater.3c01952,10.1021_acs.chemmater.3c01952-p003-f01,10.1021_acs.chemmater.3c01952-p003-f01-s03,AB Stacking,COF-C2-80,AB Stacking,16.903000,0.014600
10.1021_acs.chemmater.3c01952,10.1021_acs.chemmater.3c01952-p003-f01,10.1021_acs.chemmater.3c01952-p003-f01-s03,AB Stacking,COF-C2-80,AB Stacking,16.923000,0.014700
10.1021_acs.chemmater.3c01952,10.1021_acs.chemmater.3c01952-p003-f01,10.1021_acs.chemmater.3c01952-p003-f01-s03,AB Stacking,COF-C2-80,AB Stacking,16.943000,0.014800
10.1021_acs.chemmater.3c01952,10.1021_acs.chemmater.3c01952-p003-f01,10.1021_acs.chemmater.3c01952-p003-f01-s03,AB Stacking,COF-C2-80,AB Stacking,16.963000,0.014800
10.1021_acs.chemmater.3c01952,10.1021_acs.chemmater.3c01952-p003-f01,10.1021_acs.chemmater.3c01952-p003-f01-s03,AB Stacking,COF-C2-80,AB Stacking,16.983000,0.014900
10.1021_acs.chemmater.3c01952,10.1021_acs.chemmater.3c01952-p003-f01,10.1021_acs.chemmater.3c01952-p003-f01-s03,AB Stacking,COF-C2-80,AB Stacking,17.003000,0.015000
10.1021_acs.chemmater.3c01952,10.1021_acs.chemmater.3c01952-p003-f01,10.1021_acs.chemmater.3c01952-p003-f01-s03,AB Stacking,COF-C2-80,AB Stacking,17.023000,0.015100
10.1021_acs.chemmater.3c01952,10.1021_acs.chemmater.3c01952-p003-f01,10.1021_acs.chemmater.3c01952-p003-f01-s03,AB Stacking,COF-C2-80,AB Stacking,17.043000,0.015100
10.1021_acs.chemmater.3c01952,10.1021_acs.chemmater.3c01952-p003-f01,10.1021_acs.chemmater.3c01952-p003-f01-s03,AB Stacking,COF-C2-80,AB Stacking,17.063000,0.015200
10.1021_acs.chemmater.3c01952,10.1021_acs.chemmater.3c01952-p003-f01,10.1021_acs.chemmater.3c01952-p003-f01-s03,AB Stacking,COF-C2-80,AB Stacking,17.083000,0.015300
10.1021_acs.chemmater.3c01952,10.1021_acs.chemmater.3c01952-p003-f01,10.1021_acs.chemmater.3c01952-p003-f01-s03,AB Stacking,COF-C2-80,AB Stacking,17.103000,0.015400
10.1021_acs.chemmater.3c01952,10.1021_acs.chemmater.3c01952-p003-f01,10.1021_acs.chemmater.3c01952-p003-f01-s03,AB Stacking,COF-C2-80,AB Stacking,17.123000,0.015400
10.1021_acs.chemmater.3c01952,10.1021_acs.chemmater.3c01952-p003-f01,10.1021_acs.chemmater.3c01952-p003-f01-s03,AB Stacking,COF-C2-80,AB Stacking,17.143000,0.015500
10.1021_acs.chemmater.3c01952,10.1021_acs.chemmater.3c01952-p003-f01,10.1021_acs.chemmater.3c01952-p003-f01-s03,AB Stacking,COF-C2-80,AB Stacking,17.163000,0.015600
10.1021_acs.chemmater.3c01952,10.1021_acs.chemmater.3c01952-p003-f01,10.1021_acs.chemmater.3c01952-p003-f01-s03,AB Stacking,COF-C2-80,AB Stacking,17.183000,0.015700
10.1021_acs.chemmater.3c01952,10.1021_acs.chemmater.3c01952-p003-f01,10.1021_acs.chemmater.3c01952-p003-f01-s03,AB Stacking,COF-C2-80,AB Stacking,17.203000,0.015700
10.1021_acs.chemmater.3c01952,10.1021_acs.chemmater.3c01952-p003-f01,10.1021_acs.chemmater.3c01952-p003-f01-s03,AB Stacking,COF-C2-80,AB Stacking,17.223000,0.015800
10.1021_acs.chemmater.3c01952,10.1021_acs.chemmater.3c01952-p003-f01,10.1021_acs.chemmater.3c01952-p003-f01-s03,AB Stacking,COF-C2-80,AB Stacking,17.243000,0.015900
10.1021_acs.chemmater.3c01952,10.1021_acs.chemmater.3c01952-p003-f01,10.1021_acs.chemmater.3c01952-p003-f01-s03,AB Stacking,COF-C2-80,AB Stacking,17.263000,0.016000
10.1021_acs.chemmater.3c01952,10.1021_acs.chemmater.3c01952-p003-f01,10.1021_acs.chemmater.3c01952-p003-f01-s03,AB Stacking,COF-C2-80,AB Stacking,17.283000,0.016000
10.1021_acs.chemmater.3c01952,10.1021_acs.chemmater.3c01952-p003-f01,10.1021_acs.chemmater.3c01952-p003-f01-s03,AB Stacking,COF-C2-80,AB Stacking,17.303000,0.016100
10.1021_acs.chemmater.3c01952,10.1021_acs.chemmater.3c01952-p003-f01,10.1021_acs.chemmater.3c01952-p003-f01-s03,AB Stacking,COF-C2-80,AB Stacking,17.323000,0.016200
10.1021_acs.chemmater.3c01952,10.1021_acs.chemmater.3c01952-p003-f01,10.1021_acs.chemmater.3c01952-p003-f01-s03,AB Stacking,COF-C2-80,AB Stacking,17.343000,0.016300
10.1021_acs.chemmater.3c01952,10.1021_acs.chemmater.3c01952-p003-f01,10.1021_acs.chemmater.3c01952-p003-f01-s03,AB Stacking,COF-C2-80,AB Stacking,17.363000,0.016400
10.1021_acs.chemmater.3c01952,10.1021_acs.chemmater.3c01952-p003-f01,10.1021_acs.chemmater.3c01952-p003-f01-s03,AB Stacking,COF-C2-80,AB Stacking,17.383000,0.016400
10.1021_acs.chemmater.3c01952,10.1021_acs.chemmater.3c01952-p003-f01,10.1021_acs.chemmater.3c01952-p003-f01-s03,AB Stacking,COF-C2-80,AB Stacking,17.403000,0.016500
10.1021_acs.chemmater.3c01952,10.1021_acs.chemmater.3c01952-p003-f01,10.1021_acs.chemmater.3c01952-p003-f01-s03,AB Stacking,COF-C2-80,AB Stacking,17.423000,0.016600
10.1021_acs.chemmater.3c01952,10.1021_acs.chemmater.3c01952-p003-f01,10.1021_acs.chemmater.3c01952-p003-f01-s03,AB Stacking,COF-C2-80,AB Stacking,17.443000,0.016700
10.1021_acs.chemmater.3c01952,10.1021_acs.chemmater.3c01952-p003-f01,10.1021_acs.chemmater.3c01952-p003-f01-s03,AB Stacking,COF-C2-80,AB Stacking,17.463000,0.016700
10.1021_acs.chemmater.3c01952,10.1021_acs.chemmater.3c01952-p003-f01,10.1021_acs.chemmater.3c01952-p003-f01-s03,AB Stacking,COF-C2-80,AB Stacking,17.483000,0.016800
10.1021_acs.chemmater.3c01952,10.1021_acs.chemmater.3c01952-p003-f01,10.1021_acs.chemmater.3c01952-p003-f01-s03,AB Stacking,COF-C2-80,AB Stacking,17.503000,0.016900
10.1021_acs.chemmater.3c01952,10.1021_acs.chemmater.3c01952-p003-f01,10.1021_acs.chemmater.3c01952-p003-f01-s03,AB Stacking,COF-C2-80,AB Stacking,17.523000,0.017000
10.1021_acs.chemmater.3c01952,10.1021_acs.chemmater.3c01952-p003-f01,10.1021_acs.chemmater.3c01952-p003-f01-s03,AB Stacking,COF-C2-80,AB Stacking,17.543000,0.017000
10.1021_acs.chemmater.3c01952,10.1021_acs.chemmater.3c01952-p003-f01,10.1021_acs.chemmater.3c01952-p003-f01-s03,AB Stacking,COF-C2-80,AB Stacking,17.563000,0.017100
10.1021_acs.chemmater.3c01952,10.1021_acs.chemmater.3c01952-p003-f01,10.1021_acs.chemmater.3c01952-p003-f01-s03,AB Stacking,COF-C2-80,AB Stacking,17.583000,0.017200
10.1021_acs.chemmater.3c01952,10.1021_acs.chemmater.3c01952-p003-f01,10.1021_acs.chemmater.3c01952-p003-f01-s03,AB Stacking,COF-C2-80,AB Stacking,17.603000,0.017300
10.1021_acs.chemmater.3c01952,10.1021_acs.chemmater.3c01952-p003-f01,10.1021_acs.chemmater.3c01952-p003-f01-s03,AB Stacking,COF-C2-80,AB Stacking,17.623000,0.017300
10.1021_acs.chemmater.3c01952,10.1021_acs.chemmater.3c01952-p003-f01,10.1021_acs.chemmater.3c01952-p003-f01-s03,AB Stacking,COF-C2-80,AB Stacking,17.643000,0.017400
10.1021_acs.chemmater.3c01952,10.1021_acs.chemmater.3c01952-p003-f01,10.1021_acs.chemmater.3c01952-p003-f01-s03,AB Stacking,COF-C2-80,AB Stacking,17.663000,0.017500
10.1021_acs.chemmater.3c01952,10.1021_acs.chemmater.3c01952-p003-f01,10.1021_acs.chemmater.3c01952-p003-f01-s03,AB Stacking,COF-C2-80,AB Stacking,17.683000,0.017600
10.1021_acs.chemmater.3c01952,10.1021_acs.chemmater.3c01952-p003-f01,10.1021_acs.chemmater.3c01952-p003-f01-s03,AB Stacking,COF-C2-80,AB Stacking,17.703000,0.017600
10.1021_acs.chemmater.3c01952,10.1021_acs.chemmater.3c01952-p003-f01,10.1021_acs.chemmater.3c01952-p003-f01-s03,AB Stacking,COF-C2-80,AB Stacking,17.723000,0.017700
10.1021_acs.chemmater.3c01952,10.1021_acs.chemmater.3c01952-p003-f01,10.1021_acs.chemmater.3c01952-p003-f01-s03,AB Stacking,COF-C2-80,AB Stacking,17.743000,0.017800
10.1021_acs.chemmater.3c01952,10.1021_acs.chemmater.3c01952-p003-f01,10.1021_acs.chemmater.3c01952-p003-f01-s03,AB Stacking,COF-C2-80,AB Stacking,17.763000,0.017900
10.1021_acs.chemmater.3c01952,10.1021_acs.chemmater.3c01952-p003-f01,10.1021_acs.chemmater.3c01952-p003-f01-s03,AB Stacking,COF-C2-80,AB Stacking,17.783000,0.018000
10.1021_acs.chemmater.3c01952,10.1021_acs.chemmater.3c01952-p003-f01,10.1021_acs.chemmater.3c01952-p003-f01-s03,AB Stacking,COF-C2-80,AB Stacking,17.803000,0.018000
10.1021_acs.chemmater.3c01952,10.1021_acs.chemmater.3c01952-p003-f01,10.1021_acs.chemmater.3c01952-p003-f01-s03,AB Stacking,COF-C2-80,AB Stacking,17.823000,0.018100
10.1021_acs.chemmater.3c01952,10.1021_acs.chemmater.3c01952-p003-f01,10.1021_acs.chemmater.3c01952-p003-f01-s03,AB Stacking,COF-C2-80,AB Stacking,17.843000,0.018200
10.1021_acs.chemmater.3c01952,10.1021_acs.chemmater.3c01952-p003-f01,10.1021_acs.chemmater.3c01952-p003-f01-s03,AB Stacking,COF-C2-80,AB Stacking,17.863000,0.018300
10.1021_acs.chemmater.3c01952,10.1021_acs.chemmater.3c01952-p003-f01,10.1021_acs.chemmater.3c01952-p003-f01-s03,AB Stacking,COF-C2-80,AB Stacking,17.883000,0.018300
10.1021_acs.chemmater.3c01952,10.1021_acs.chemmater.3c01952-p003-f01,10.1021_acs.chemmater.3c01952-p003-f01-s03,AB Stacking,COF-C2-80,AB Stacking,17.903000,0.018400
10.1021_acs.chemmater.3c01952,10.1021_acs.chemmater.3c01952-p003-f01,10.1021_acs.chemmater.3c01952-p003-f01-s03,AB Stacking,COF-C2-80,AB Stacking,17.923000,0.018500
10.1021_acs.chemmater.3c01952,10.1021_acs.chemmater.3c01952-p003-f01,10.1021_acs.chemmater.3c01952-p003-f01-s03,AB Stacking,COF-C2-80,AB Stacking,17.943000,0.018600
10.1021_acs.chemmater.3c01952,10.1021_acs.chemmater.3c01952-p003-f01,10.1021_acs.chemmater.3c01952-p003-f01-s03,AB Stacking,COF-C2-80,AB Stacking,17.963000,0.018600
10.1021_acs.chemmater.3c01952,10.1021_acs.chemmater.3c01952-p003-f01,10.1021_acs.chemmater.3c01952-p003-f01-s03,AB Stacking,COF-C2-80,AB Stacking,17.983000,0.018700
10.1021_acs.chemmater.3c01952,10.1021_acs.chemmater.3c01952-p003-f01,10.1021_acs.chemmater.3c01952-p003-f01-s03,AB Stacking,COF-C2-80,AB Stacking,18.003000,0.018800
10.1021_acs.chemmater.3c01952,10.1021_acs.chemmater.3c01952-p003-f01,10.1021_acs.chemmater.3c01952-p003-f01-s03,AB Stacking,COF-C2-80,AB Stacking,18.023000,0.018900
10.1021_acs.chemmater.3c01952,10.1021_acs.chemmater.3c01952-p003-f01,10.1021_acs.chemmater.3c01952-p003-f01-s03,AB Stacking,COF-C2-80,AB Stacking,18.043000,0.018900
10.1021_acs.chemmater.3c01952,10.1021_acs.chemmater.3c01952-p003-f01,10.1021_acs.chemmater.3c01952-p003-f01-s03,AB Stacking,COF-C2-80,AB Stacking,18.063000,0.019000
10.1021_acs.chemmater.3c01952,10.1021_acs.chemmater.3c01952-p003-f01,10.1021_acs.chemmater.3c01952-p003-f01-s03,AB Stacking,COF-C2-80,AB Stacking,18.083000,0.019100
10.1021_acs.chemmater.3c01952,10.1021_acs.chemmater.3c01952-p003-f01,10.1021_acs.chemmater.3c01952-p003-f01-s03,AB Stacking,COF-C2-80,AB Stacking,18.103000,0.019200
10.1021_acs.chemmater.3c01952,10.1021_acs.chemmater.3c01952-p003-f01,10.1021_acs.chemmater.3c01952-p003-f01-s03,AB Stacking,COF-C2-80,AB Stacking,18.123000,0.019200
10.1021_acs.chemmater.3c01952,10.1021_acs.chemmater.3c01952-p003-f01,10.1021_acs.chemmater.3c01952-p003-f01-s03,AB Stacking,COF-C2-80,AB Stacking,18.143000,0.019300
10.1021_acs.chemmater.3c01952,10.1021_acs.chemmater.3c01952-p003-f01,10.1021_acs.chemmater.3c01952-p003-f01-s03,AB Stacking,COF-C2-80,AB Stacking,18.163000,0.019400
10.1021_acs.chemmater.3c01952,10.1021_acs.chemmater.3c01952-p003-f01,10.1021_acs.chemmater.3c01952-p003-f01-s03,AB Stacking,COF-C2-80,AB Stacking,18.183000,0.019400
10.1021_acs.chemmater.3c01952,10.1021_acs.chemmater.3c01952-p003-f01,10.1021_acs.chemmater.3c01952-p003-f01-s03,AB Stacking,COF-C2-80,AB Stacking,18.203000,0.019500
10.1021_acs.chemmater.3c01952,10.1021_acs.chemmater.3c01952-p003-f01,10.1021_acs.chemmater.3c01952-p003-f01-s03,AB Stacking,COF-C2-80,AB Stacking,18.223000,0.019600
10.1021_acs.chemmater.3c01952,10.1021_acs.chemmater.3c01952-p003-f01,10.1021_acs.chemmater.3c01952-p003-f01-s03,AB Stacking,COF-C2-80,AB Stacking,18.243000,0.019700
10.1021_acs.chemmater.3c01952,10.1021_acs.chemmater.3c01952-p003-f01,10.1021_acs.chemmater.3c01952-p003-f01-s03,AB Stacking,COF-C2-80,AB Stacking,18.263000,0.019700
10.1021_acs.chemmater.3c01952,10.1021_acs.chemmater.3c01952-p003-f01,10.1021_acs.chemmater.3c01952-p003-f01-s03,AB Stacking,COF-C2-80,AB Stacking,18.283000,0.019800
10.1021_acs.chemmater.3c01952,10.1021_acs.chemmater.3c01952-p003-f01,10.1021_acs.chemmater.3c01952-p003-f01-s03,AB Stacking,COF-C2-80,AB Stacking,18.303000,0.019900
10.1021_acs.chemmater.3c01952,10.1021_acs.chemmater.3c01952-p003-f01,10.1021_acs.chemmater.3c01952-p003-f01-s03,AB Stacking,COF-C2-80,AB Stacking,18.323000,0.020000
10.1021_acs.chemmater.3c01952,10.1021_acs.chemmater.3c01952-p003-f01,10.1021_acs.chemmater.3c01952-p003-f01-s03,AB Stacking,COF-C2-80,AB Stacking,18.343000,0.020000
10.1021_acs.chemmater.3c01952,10.1021_acs.chemmater.3c01952-p003-f01,10.1021_acs.chemmater.3c01952-p003-f01-s03,AB Stacking,COF-C2-80,AB Stacking,18.363000,0.020100
10.1021_acs.chemmater.3c01952,10.1021_acs.chemmater.3c01952-p003-f01,10.1021_acs.chemmater.3c01952-p003-f01-s03,AB Stacking,COF-C2-80,AB Stacking,18.383000,0.020200
10.1021_acs.chemmater.3c01952,10.1021_acs.chemmater.3c01952-p003-f01,10.1021_acs.chemmater.3c01952-p003-f01-s03,AB Stacking,COF-C2-80,AB Stacking,18.403000,0.020300
10.1021_acs.chemmater.3c01952,10.1021_acs.chemmater.3c01952-p003-f01,10.1021_acs.chemmater.3c01952-p003-f01-s03,AB Stacking,COF-C2-80,AB Stacking,18.423000,0.020300
10.1021_acs.chemmater.3c01952,10.1021_acs.chemmater.3c01952-p003-f01,10.1021_acs.chemmater.3c01952-p003-f01-s03,AB Stacking,COF-C2-80,AB Stacking,18.443000,0.020400
10.1021_acs.chemmater.3c01952,10.1021_acs.chemmater.3c01952-p003-f01,10.1021_acs.chemmater.3c01952-p003-f01-s03,AB Stacking,COF-C2-80,AB Stacking,18.463000,0.020500
10.1021_acs.chemmater.3c01952,10.1021_acs.chemmater.3c01952-p003-f01,10.1021_acs.chemmater.3c01952-p003-f01-s03,AB Stacking,COF-C2-80,AB Stacking,18.483000,0.020500
10.1021_acs.chemmater.3c01952,10.1021_acs.chemmater.3c01952-p003-f01,10.1021_acs.chemmater.3c01952-p003-f01-s03,AB Stacking,COF-C2-80,AB Stacking,18.503000,0.020600
10.1021_acs.chemmater.3c01952,10.1021_acs.chemmater.3c01952-p003-f01,10.1021_acs.chemmater.3c01952-p003-f01-s03,AB Stacking,COF-C2-80,AB Stacking,18.523000,0.020700
10.1021_acs.chemmater.3c01952,10.1021_acs.chemmater.3c01952-p003-f01,10.1021_acs.chemmater.3c01952-p003-f01-s03,AB Stacking,COF-C2-80,AB Stacking,18.543000,0.020800
10.1021_acs.chemmater.3c01952,10.1021_acs.chemmater.3c01952-p003-f01,10.1021_acs.chemmater.3c01952-p003-f01-s03,AB Stacking,COF-C2-80,AB Stacking,18.563000,0.020800
10.1021_acs.chemmater.3c01952,10.1021_acs.chemmater.3c01952-p003-f01,10.1021_acs.chemmater.3c01952-p003-f01-s03,AB Stacking,COF-C2-80,AB Stacking,18.583000,0.020900
10.1021_acs.chemmater.3c01952,10.1021_acs.chemmater.3c01952-p003-f01,10.1021_acs.chemmater.3c01952-p003-f01-s03,AB Stacking,COF-C2-80,AB Stacking,18.603000,0.021000
10.1021_acs.chemmater.3c01952,10.1021_acs.chemmater.3c01952-p003-f01,10.1021_acs.chemmater.3c01952-p003-f01-s03,AB Stacking,COF-C2-80,AB Stacking,18.623000,0.021100
10.1021_acs.chemmater.3c01952,10.1021_acs.chemmater.3c01952-p003-f01,10.1021_acs.chemmater.3c01952-p003-f01-s03,AB Stacking,COF-C2-80,AB Stacking,18.643000,0.021100
10.1021_acs.chemmater.3c01952,10.1021_acs.chemmater.3c01952-p003-f01,10.1021_acs.chemmater.3c01952-p003-f01-s03,AB Stacking,COF-C2-80,AB Stacking,18.663000,0.021200
10.1021_acs.chemmater.3c01952,10.1021_acs.chemmater.3c01952-p003-f01,10.1021_acs.chemmater.3c01952-p003-f01-s03,AB Stacking,COF-C2-80,AB Stacking,18.683000,0.021300
10.1021_acs.chemmater.3c01952,10.1021_acs.chemmater.3c01952-p003-f01,10.1021_acs.chemmater.3c01952-p003-f01-s03,AB Stacking,COF-C2-80,AB Stacking,18.703000,0.021400
10.1021_acs.chemmater.3c01952,10.1021_acs.chemmater.3c01952-p003-f01,10.1021_acs.chemmater.3c01952-p003-f01-s03,AB Stacking,COF-C2-80,AB Stacking,18.723000,0.021400
10.1021_acs.chemmater.3c01952,10.1021_acs.chemmater.3c01952-p003-f01,10.1021_acs.chemmater.3c01952-p003-f01-s03,AB Stacking,COF-C2-80,AB Stacking,18.743000,0.021500
10.1021_acs.chemmater.3c01952,10.1021_acs.chemmater.3c01952-p003-f01,10.1021_acs.chemmater.3c01952-p003-f01-s03,AB Stacking,COF-C2-80,AB Stacking,18.763000,0.021600
10.1021_acs.chemmater.3c01952,10.1021_acs.chemmater.3c01952-p003-f01,10.1021_acs.chemmater.3c01952-p003-f01-s03,AB Stacking,COF-C2-80,AB Stacking,18.783000,0.021600
10.1021_acs.chemmater.3c01952,10.1021_acs.chemmater.3c01952-p003-f01,10.1021_acs.chemmater.3c01952-p003-f01-s03,AB Stacking,COF-C2-80,AB Stacking,18.803000,0.021700
10.1021_acs.chemmater.3c01952,10.1021_acs.chemmater.3c01952-p003-f01,10.1021_acs.chemmater.3c01952-p003-f01-s03,AB Stacking,COF-C2-80,AB Stacking,18.823000,0.021800
10.1021_acs.chemmater.3c01952,10.1021_acs.chemmater.3c01952-p003-f01,10.1021_acs.chemmater.3c01952-p003-f01-s03,AB Stacking,COF-C2-80,AB Stacking,18.843000,0.021900
10.1021_acs.chemmater.3c01952,10.1021_acs.chemmater.3c01952-p003-f01,10.1021_acs.chemmater.3c01952-p003-f01-s03,AB Stacking,COF-C2-80,AB Stacking,18.863000,0.021900
10.1021_acs.chemmater.3c01952,10.1021_acs.chemmater.3c01952-p003-f01,10.1021_acs.chemmater.3c01952-p003-f01-s03,AB Stacking,COF-C2-80,AB Stacking,18.883000,0.022000
10.1021_acs.chemmater.3c01952,10.1021_acs.chemmater.3c01952-p003-f01,10.1021_acs.chemmater.3c01952-p003-f01-s03,AB Stacking,COF-C2-80,AB Stacking,18.903000,0.022100
10.1021_acs.chemmater.3c01952,10.1021_acs.chemmater.3c01952-p003-f01,10.1021_acs.chemmater.3c01952-p003-f01-s03,AB Stacking,COF-C2-80,AB Stacking,18.923000,0.022200
10.1021_acs.chemmater.3c01952,10.1021_acs.chemmater.3c01952-p003-f01,10.1021_acs.chemmater.3c01952-p003-f01-s03,AB Stacking,COF-C2-80,AB Stacking,18.943000,0.022200
10.1021_acs.chemmater.3c01952,10.1021_acs.chemmater.3c01952-p003-f01,10.1021_acs.chemmater.3c01952-p003-f01-s03,AB Stacking,COF-C2-80,AB Stacking,18.963000,0.022300
10.1021_acs.chemmater.3c01952,10.1021_acs.chemmater.3c01952-p003-f01,10.1021_acs.chemmater.3c01952-p003-f01-s03,AB Stacking,COF-C2-80,AB Stacking,18.983000,0.022400
10.1021_acs.chemmater.3c01952,10.1021_acs.chemmater.3c01952-p003-f01,10.1021_acs.chemmater.3c01952-p003-f01-s03,AB Stacking,COF-C2-80,AB Stacking,19.003000,0.022400
10.1021_acs.chemmater.3c01952,10.1021_acs.chemmater.3c01952-p003-f01,10.1021_acs.chemmater.3c01952-p003-f01-s03,AB Stacking,COF-C2-80,AB Stacking,19.023000,0.022500
10.1021_acs.chemmater.3c01952,10.1021_acs.chemmater.3c01952-p003-f01,10.1021_acs.chemmater.3c01952-p003-f01-s03,AB Stacking,COF-C2-80,AB Stacking,19.043000,0.022600
10.1021_acs.chemmater.3c01952,10.1021_acs.chemmater.3c01952-p003-f01,10.1021_acs.chemmater.3c01952-p003-f01-s03,AB Stacking,COF-C2-80,AB Stacking,19.063000,0.022700
10.1021_acs.chemmater.3c01952,10.1021_acs.chemmater.3c01952-p003-f01,10.1021_acs.chemmater.3c01952-p003-f01-s03,AB Stacking,COF-C2-80,AB Stacking,19.083000,0.022700
10.1021_acs.chemmater.3c01952,10.1021_acs.chemmater.3c01952-p003-f01,10.1021_acs.chemmater.3c01952-p003-f01-s03,AB Stacking,COF-C2-80,AB Stacking,19.103000,0.022800
10.1021_acs.chemmater.3c01952,10.1021_acs.chemmater.3c01952-p003-f01,10.1021_acs.chemmater.3c01952-p003-f01-s03,AB Stacking,COF-C2-80,AB Stacking,19.123000,0.022900
10.1021_acs.chemmater.3c01952,10.1021_acs.chemmater.3c01952-p003-f01,10.1021_acs.chemmater.3c01952-p003-f01-s03,AB Stacking,COF-C2-80,AB Stacking,19.143000,0.023000
10.1021_acs.chemmater.3c01952,10.1021_acs.chemmater.3c01952-p003-f01,10.1021_acs.chemmater.3c01952-p003-f01-s03,AB Stacking,COF-C2-80,AB Stacking,19.163000,0.023000
10.1021_acs.chemmater.3c01952,10.1021_acs.chemmater.3c01952-p003-f01,10.1021_acs.chemmater.3c01952-p003-f01-s03,AB Stacking,COF-C2-80,AB Stacking,19.183000,0.023100
10.1021_acs.chemmater.3c01952,10.1021_acs.chemmater.3c01952-p003-f01,10.1021_acs.chemmater.3c01952-p003-f01-s03,AB Stacking,COF-C2-80,AB Stacking,19.203000,0.023200
10.1021_acs.chemmater.3c01952,10.1021_acs.chemmater.3c01952-p003-f01,10.1021_acs.chemmater.3c01952-p003-f01-s03,AB Stacking,COF-C2-80,AB Stacking,19.223000,0.023300
10.1021_acs.chemmater.3c01952,10.1021_acs.chemmater.3c01952-p003-f01,10.1021_acs.chemmater.3c01952-p003-f01-s03,AB Stacking,COF-C2-80,AB Stacking,19.243000,0.023300
10.1021_acs.chemmater.3c01952,10.1021_acs.chemmater.3c01952-p003-f01,10.1021_acs.chemmater.3c01952-p003-f01-s03,AB Stacking,COF-C2-80,AB Stacking,19.263000,0.023400
10.1021_acs.chemmater.3c01952,10.1021_acs.chemmater.3c01952-p003-f01,10.1021_acs.chemmater.3c01952-p003-f01-s03,AB Stacking,COF-C2-80,AB Stacking,19.283000,0.023500
10.1021_acs.chemmater.3c01952,10.1021_acs.chemmater.3c01952-p003-f01,10.1021_acs.chemmater.3c01952-p003-f01-s03,AB Stacking,COF-C2-80,AB Stacking,19.303000,0.023600
10.1021_acs.chemmater.3c01952,10.1021_acs.chemmater.3c01952-p003-f01,10.1021_acs.chemmater.3c01952-p003-f01-s03,AB Stacking,COF-C2-80,AB Stacking,19.323000,0.023600
10.1021_acs.chemmater.3c01952,10.1021_acs.chemmater.3c01952-p003-f01,10.1021_acs.chemmater.3c01952-p003-f01-s03,AB Stacking,COF-C2-80,AB Stacking,19.343000,0.023700
10.1021_acs.chemmater.3c01952,10.1021_acs.chemmater.3c01952-p003-f01,10.1021_acs.chemmater.3c01952-p003-f01-s03,AB Stacking,COF-C2-80,AB Stacking,19.363000,0.023800
10.1021_acs.chemmater.3c01952,10.1021_acs.chemmater.3c01952-p003-f01,10.1021_acs.chemmater.3c01952-p003-f01-s03,AB Stacking,COF-C2-80,AB Stacking,19.383000,0.023900
10.1021_acs.chemmater.3c01952,10.1021_acs.chemmater.3c01952-p003-f01,10.1021_acs.chemmater.3c01952-p003-f01-s03,AB Stacking,COF-C2-80,AB Stacking,19.403000,0.023900
10.1021_acs.chemmater.3c01952,10.1021_acs.chemmater.3c01952-p003-f01,10.1021_acs.chemmater.3c01952-p003-f01-s03,AB Stacking,COF-C2-80,AB Stacking,19.423000,0.024000
10.1021_acs.chemmater.3c01952,10.1021_acs.chemmater.3c01952-p003-f01,10.1021_acs.chemmater.3c01952-p003-f01-s03,AB Stacking,COF-C2-80,AB Stacking,19.443000,0.024100
10.1021_acs.chemmater.3c01952,10.1021_acs.chemmater.3c01952-p003-f01,10.1021_acs.chemmater.3c01952-p003-f01-s03,AB Stacking,COF-C2-80,AB Stacking,19.463000,0.024200
10.1021_acs.chemmater.3c01952,10.1021_acs.chemmater.3c01952-p003-f01,10.1021_acs.chemmater.3c01952-p003-f01-s03,AB Stacking,COF-C2-80,AB Stacking,19.483000,0.024200
10.1021_acs.chemmater.3c01952,10.1021_acs.chemmater.3c01952-p003-f01,10.1021_acs.chemmater.3c01952-p003-f01-s03,AB Stacking,COF-C2-80,AB Stacking,19.503000,0.024300
10.1021_acs.chemmater.3c01952,10.1021_acs.chemmater.3c01952-p003-f01,10.1021_acs.chemmater.3c01952-p003-f01-s03,AB Stacking,COF-C2-80,AB Stacking,19.523000,0.024400
10.1021_acs.chemmater.3c01952,10.1021_acs.chemmater.3c01952-p003-f01,10.1021_acs.chemmater.3c01952-p003-f01-s03,AB Stacking,COF-C2-80,AB Stacking,19.543000,0.024500
10.1021_acs.chemmater.3c01952,10.1021_acs.chemmater.3c01952-p003-f01,10.1021_acs.chemmater.3c01952-p003-f01-s03,AB Stacking,COF-C2-80,AB Stacking,19.563000,0.024600
10.1021_acs.chemmater.3c01952,10.1021_acs.chemmater.3c01952-p003-f01,10.1021_acs.chemmater.3c01952-p003-f01-s03,AB Stacking,COF-C2-80,AB Stacking,19.583000,0.024600
10.1021_acs.chemmater.3c01952,10.1021_acs.chemmater.3c01952-p003-f01,10.1021_acs.chemmater.3c01952-p003-f01-s03,AB Stacking,COF-C2-80,AB Stacking,19.603000,0.024700
10.1021_acs.chemmater.3c01952,10.1021_acs.chemmater.3c01952-p003-f01,10.1021_acs.chemmater.3c01952-p003-f01-s03,AB Stacking,COF-C2-80,AB Stacking,19.623000,0.024800
10.1021_acs.chemmater.3c01952,10.1021_acs.chemmater.3c01952-p003-f01,10.1021_acs.chemmater.3c01952-p003-f01-s03,AB Stacking,COF-C2-80,AB Stacking,19.643000,0.024900
10.1021_acs.chemmater.3c01952,10.1021_acs.chemmater.3c01952-p003-f01,10.1021_acs.chemmater.3c01952-p003-f01-s03,AB Stacking,COF-C2-80,AB Stacking,19.663000,0.024900
10.1021_acs.chemmater.3c01952,10.1021_acs.chemmater.3c01952-p003-f01,10.1021_acs.chemmater.3c01952-p003-f01-s03,AB Stacking,COF-C2-80,AB Stacking,19.683000,0.025000
10.1021_acs.chemmater.3c01952,10.1021_acs.chemmater.3c01952-p003-f01,10.1021_acs.chemmater.3c01952-p003-f01-s03,AB Stacking,COF-C2-80,AB Stacking,19.703000,0.025100
10.1021_acs.chemmater.3c01952,10.1021_acs.chemmater.3c01952-p003-f01,10.1021_acs.chemmater.3c01952-p003-f01-s03,AB Stacking,COF-C2-80,AB Stacking,19.723000,0.025200
10.1021_acs.chemmater.3c01952,10.1021_acs.chemmater.3c01952-p003-f01,10.1021_acs.chemmater.3c01952-p003-f01-s03,AB Stacking,COF-C2-80,AB Stacking,19.743000,0.025300
10.1021_acs.chemmater.3c01952,10.1021_acs.chemmater.3c01952-p003-f01,10.1021_acs.chemmater.3c01952-p003-f01-s03,AB Stacking,COF-C2-80,AB Stacking,19.763000,0.025300
10.1021_acs.chemmater.3c01952,10.1021_acs.chemmater.3c01952-p003-f01,10.1021_acs.chemmater.3c01952-p003-f01-s03,AB Stacking,COF-C2-80,AB Stacking,19.783000,0.025400
10.1021_acs.chemmater.3c01952,10.1021_acs.chemmater.3c01952-p003-f01,10.1021_acs.chemmater.3c01952-p003-f01-s03,AB Stacking,COF-C2-80,AB Stacking,19.803000,0.025500
10.1021_acs.chemmater.3c01952,10.1021_acs.chemmater.3c01952-p003-f01,10.1021_acs.chemmater.3c01952-p003-f01-s03,AB Stacking,COF-C2-80,AB Stacking,19.823000,0.025600
10.1021_acs.chemmater.3c01952,10.1021_acs.chemmater.3c01952-p003-f01,10.1021_acs.chemmater.3c01952-p003-f01-s03,AB Stacking,COF-C2-80,AB Stacking,19.843000,0.025700
10.1021_acs.chemmater.3c01952,10.1021_acs.chemmater.3c01952-p003-f01,10.1021_acs.chemmater.3c01952-p003-f01-s03,AB Stacking,COF-C2-80,AB Stacking,19.863000,0.025800
10.1021_acs.chemmater.3c01952,10.1021_acs.chemmater.3c01952-p003-f01,10.1021_acs.chemmater.3c01952-p003-f01-s03,AB Stacking,COF-C2-80,AB Stacking,19.883000,0.025800
10.1021_acs.chemmater.3c01952,10.1021_acs.chemmater.3c01952-p003-f01,10.1021_acs.chemmater.3c01952-p003-f01-s03,AB Stacking,COF-C2-80,AB Stacking,19.903000,0.025900
10.1021_acs.chemmater.3c01952,10.1021_acs.chemmater.3c01952-p003-f01,10.1021_acs.chemmater.3c01952-p003-f01-s03,AB Stacking,COF-C2-80,AB Stacking,19.923000,0.026000
10.1021_acs.chemmater.3c01952,10.1021_acs.chemmater.3c01952-p003-f01,10.1021_acs.chemmater.3c01952-p003-f01-s03,AB Stacking,COF-C2-80,AB Stacking,19.943000,0.026100
10.1021_acs.chemmater.3c01952,10.1021_acs.chemmater.3c01952-p003-f01,10.1021_acs.chemmater.3c01952-p003-f01-s03,AB Stacking,COF-C2-80,AB Stacking,19.963000,0.026200
10.1021_acs.chemmater.3c01952,10.1021_acs.chemmater.3c01952-p003-f01,10.1021_acs.chemmater.3c01952-p003-f01-s03,AB Stacking,COF-C2-80,AB Stacking,19.983000,0.026200
10.1021_acs.chemmater.3c01952,10.1021_acs.chemmater.3c01952-p003-f01,10.1021_acs.chemmater.3c01952-p003-f01-s03,AB Stacking,COF-C2-80,AB Stacking,20.003000,0.026300
10.1021_acs.chemmater.3c01952,10.1021_acs.chemmater.3c01952-p003-f01,10.1021_acs.chemmater.3c01952-p003-f01-s03,AB Stacking,COF-C2-80,AB Stacking,20.023000,0.026400
10.1021_acs.chemmater.3c01952,10.1021_acs.chemmater.3c01952-p003-f01,10.1021_acs.chemmater.3c01952-p003-f01-s03,AB Stacking,COF-C2-80,AB Stacking,20.043000,0.026500
10.1021_acs.chemmater.3c01952,10.1021_acs.chemmater.3c01952-p003-f01,10.1021_acs.chemmater.3c01952-p003-f01-s03,AB Stacking,COF-C2-80,AB Stacking,20.063000,0.026600
10.1021_acs.chemmater.3c01952,10.1021_acs.chemmater.3c01952-p003-f01,10.1021_acs.chemmater.3c01952-p003-f01-s03,AB Stacking,COF-C2-80,AB Stacking,20.083000,0.026700
10.1021_acs.chemmater.3c01952,10.1021_acs.chemmater.3c01952-p003-f01,10.1021_acs.chemmater.3c01952-p003-f01-s03,AB Stacking,COF-C2-80,AB Stacking,20.103000,0.026800
10.1021_acs.chemmater.3c01952,10.1021_acs.chemmater.3c01952-p003-f01,10.1021_acs.chemmater.3c01952-p003-f01-s03,AB Stacking,COF-C2-80,AB Stacking,20.123000,-0.008000
10.1021_acs.chemmater.3c01952,10.1021_acs.chemmater.3c01952-p003-f01,10.1021_acs.chemmater.3c01952-p003-f01-s03,AB Stacking,COF-C2-80,AB Stacking,20.143000,-0.016200
10.1021_acs.chemmater.3c01952,10.1021_acs.chemmater.3c01952-p003-f01,10.1021_acs.chemmater.3c01952-p003-f01-s03,AB Stacking,COF-C2-80,AB Stacking,20.163000,0.030700
10.1021_acs.chemmater.3c01952,10.1021_acs.chemmater.3c01952-p003-f01,10.1021_acs.chemmater.3c01952-p003-f01-s03,AB Stacking,COF-C2-80,AB Stacking,20.183000,0.118300
10.1021_acs.chemmater.3c01952,10.1021_acs.chemmater.3c01952-p003-f01,10.1021_acs.chemmater.3c01952-p003-f01-s03,AB Stacking,COF-C2-80,AB Stacking,20.203000,0.232200
10.1021_acs.chemmater.3c01952,10.1021_acs.chemmater.3c01952-p003-f01,10.1021_acs.chemmater.3c01952-p003-f01-s03,AB Stacking,COF-C2-80,AB Stacking,20.223000,0.364900
10.1021_acs.chemmater.3c01952,10.1021_acs.chemmater.3c01952-p003-f01,10.1021_acs.chemmater.3c01952-p003-f01-s03,AB Stacking,COF-C2-80,AB Stacking,20.243000,0.522400
10.1021_acs.chemmater.3c01952,10.1021_acs.chemmater.3c01952-p003-f01,10.1021_acs.chemmater.3c01952-p003-f01-s03,AB Stacking,COF-C2-80,AB Stacking,20.263000,0.620500
10.1021_acs.chemmater.3c01952,10.1021_acs.chemmater.3c01952-p003-f01,10.1021_acs.chemmater.3c01952-p003-f01-s03,AB Stacking,COF-C2-80,AB Stacking,20.283000,0.636400
10.1021_acs.chemmater.3c01952,10.1021_acs.chemmater.3c01952-p003-f01,10.1021_acs.chemmater.3c01952-p003-f01-s03,AB Stacking,COF-C2-80,AB Stacking,20.303000,0.570000
10.1021_acs.chemmater.3c01952,10.1021_acs.chemmater.3c01952-p003-f01,10.1021_acs.chemmater.3c01952-p003-f01-s03,AB Stacking,COF-C2-80,AB Stacking,20.323000,0.421500
10.1021_acs.chemmater.3c01952,10.1021_acs.chemmater.3c01952-p003-f01,10.1021_acs.chemmater.3c01952-p003-f01-s03,AB Stacking,COF-C2-80,AB Stacking,20.343000,0.278700
10.1021_acs.chemmater.3c01952,10.1021_acs.chemmater.3c01952-p003-f01,10.1021_acs.chemmater.3c01952-p003-f01-s03,AB Stacking,COF-C2-80,AB Stacking,20.363000,0.159500
10.1021_acs.chemmater.3c01952,10.1021_acs.chemmater.3c01952-p003-f01,10.1021_acs.chemmater.3c01952-p003-f01-s03,AB Stacking,COF-C2-80,AB Stacking,20.383000,0.061300
10.1021_acs.chemmater.3c01952,10.1021_acs.chemmater.3c01952-p003-f01,10.1021_acs.chemmater.3c01952-p003-f01-s03,AB Stacking,COF-C2-80,AB Stacking,20.403000,-0.001400
10.1021_acs.chemmater.3c01952,10.1021_acs.chemmater.3c01952-p003-f01,10.1021_acs.chemmater.3c01952-p003-f01-s03,AB Stacking,COF-C2-80,AB Stacking,20.423000,-0.014500
10.1021_acs.chemmater.3c01952,10.1021_acs.chemmater.3c01952-p003-f01,10.1021_acs.chemmater.3c01952-p003-f01-s03,AB Stacking,COF-C2-80,AB Stacking,20.443000,0.019200
10.1021_acs.chemmater.3c01952,10.1021_acs.chemmater.3c01952-p003-f01,10.1021_acs.chemmater.3c01952-p003-f01-s03,AB Stacking,COF-C2-80,AB Stacking,20.463000,0.028400
10.1021_acs.chemmater.3c01952,10.1021_acs.chemmater.3c01952-p003-f01,10.1021_acs.chemmater.3c01952-p003-f01-s03,AB Stacking,COF-C2-80,AB Stacking,20.483000,0.028500
10.1021_acs.chemmater.3c01952,10.1021_acs.chemmater.3c01952-p003-f01,10.1021_acs.chemmater.3c01952-p003-f01-s03,AB Stacking,COF-C2-80,AB Stacking,20.503000,0.028600
10.1021_acs.chemmater.3c01952,10.1021_acs.chemmater.3c01952-p003-f01,10.1021_acs.chemmater.3c01952-p003-f01-s03,AB Stacking,COF-C2-80,AB Stacking,20.523000,0.028700
10.1021_acs.chemmater.3c01952,10.1021_acs.chemmater.3c01952-p003-f01,10.1021_acs.chemmater.3c01952-p003-f01-s03,AB Stacking,COF-C2-80,AB Stacking,20.543000,0.028800
10.1021_acs.chemmater.3c01952,10.1021_acs.chemmater.3c01952-p003-f01,10.1021_acs.chemmater.3c01952-p003-f01-s03,AB Stacking,COF-C2-80,AB Stacking,20.563000,0.028900
10.1021_acs.chemmater.3c01952,10.1021_acs.chemmater.3c01952-p003-f01,10.1021_acs.chemmater.3c01952-p003-f01-s03,AB Stacking,COF-C2-80,AB Stacking,20.583000,0.029000
10.1021_acs.chemmater.3c01952,10.1021_acs.chemmater.3c01952-p003-f01,10.1021_acs.chemmater.3c01952-p003-f01-s03,AB Stacking,COF-C2-80,AB Stacking,20.603000,0.029000
10.1021_acs.chemmater.3c01952,10.1021_acs.chemmater.3c01952-p003-f01,10.1021_acs.chemmater.3c01952-p003-f01-s03,AB Stacking,COF-C2-80,AB Stacking,20.623000,0.029100
10.1021_acs.chemmater.3c01952,10.1021_acs.chemmater.3c01952-p003-f01,10.1021_acs.chemmater.3c01952-p003-f01-s03,AB Stacking,COF-C2-80,AB Stacking,20.643000,0.029200
10.1021_acs.chemmater.3c01952,10.1021_acs.chemmater.3c01952-p003-f01,10.1021_acs.chemmater.3c01952-p003-f01-s03,AB Stacking,COF-C2-80,AB Stacking,20.663000,0.029300
10.1021_acs.chemmater.3c01952,10.1021_acs.chemmater.3c01952-p003-f01,10.1021_acs.chemmater.3c01952-p003-f01-s03,AB Stacking,COF-C2-80,AB Stacking,20.683000,0.029400
10.1021_acs.chemmater.3c01952,10.1021_acs.chemmater.3c01952-p003-f01,10.1021_acs.chemmater.3c01952-p003-f01-s03,AB Stacking,COF-C2-80,AB Stacking,20.703000,0.029500
10.1021_acs.chemmater.3c01952,10.1021_acs.chemmater.3c01952-p003-f01,10.1021_acs.chemmater.3c01952-p003-f01-s03,AB Stacking,COF-C2-80,AB Stacking,20.723000,0.029600
10.1021_acs.chemmater.3c01952,10.1021_acs.chemmater.3c01952-p003-f01,10.1021_acs.chemmater.3c01952-p003-f01-s03,AB Stacking,COF-C2-80,AB Stacking,20.743000,0.029700
10.1021_acs.chemmater.3c01952,10.1021_acs.chemmater.3c01952-p003-f01,10.1021_acs.chemmater.3c01952-p003-f01-s03,AB Stacking,COF-C2-80,AB Stacking,20.763000,0.029800
10.1021_acs.chemmater.3c01952,10.1021_acs.chemmater.3c01952-p003-f01,10.1021_acs.chemmater.3c01952-p003-f01-s03,AB Stacking,COF-C2-80,AB Stacking,20.783000,0.029900
10.1021_acs.chemmater.3c01952,10.1021_acs.chemmater.3c01952-p003-f01,10.1021_acs.chemmater.3c01952-p003-f01-s03,AB Stacking,COF-C2-80,AB Stacking,20.803000,0.030100
10.1021_acs.chemmater.3c01952,10.1021_acs.chemmater.3c01952-p003-f01,10.1021_acs.chemmater.3c01952-p003-f01-s03,AB Stacking,COF-C2-80,AB Stacking,20.823000,0.030200
10.1021_acs.chemmater.3c01952,10.1021_acs.chemmater.3c01952-p003-f01,10.1021_acs.chemmater.3c01952-p003-f01-s03,AB Stacking,COF-C2-80,AB Stacking,20.843000,0.030300
10.1021_acs.chemmater.3c01952,10.1021_acs.chemmater.3c01952-p003-f01,10.1021_acs.chemmater.3c01952-p003-f01-s03,AB Stacking,COF-C2-80,AB Stacking,20.863000,0.030400
10.1021_acs.chemmater.3c01952,10.1021_acs.chemmater.3c01952-p003-f01,10.1021_acs.chemmater.3c01952-p003-f01-s03,AB Stacking,COF-C2-80,AB Stacking,20.883000,0.030500
10.1021_acs.chemmater.3c01952,10.1021_acs.chemmater.3c01952-p003-f01,10.1021_acs.chemmater.3c01952-p003-f01-s03,AB Stacking,COF-C2-80,AB Stacking,20.903000,0.030600
10.1021_acs.chemmater.3c01952,10.1021_acs.chemmater.3c01952-p003-f01,10.1021_acs.chemmater.3c01952-p003-f01-s03,AB Stacking,COF-C2-80,AB Stacking,20.923000,0.030700
10.1021_acs.chemmater.3c01952,10.1021_acs.chemmater.3c01952-p003-f01,10.1021_acs.chemmater.3c01952-p003-f01-s03,AB Stacking,COF-C2-80,AB Stacking,20.943000,0.030800
10.1021_acs.chemmater.3c01952,10.1021_acs.chemmater.3c01952-p003-f01,10.1021_acs.chemmater.3c01952-p003-f01-s03,AB Stacking,COF-C2-80,AB Stacking,20.963000,0.030900
10.1021_acs.chemmater.3c01952,10.1021_acs.chemmater.3c01952-p003-f01,10.1021_acs.chemmater.3c01952-p003-f01-s03,AB Stacking,COF-C2-80,AB Stacking,20.983000,0.031000
10.1021_acs.chemmater.3c01952,10.1021_acs.chemmater.3c01952-p003-f01,10.1021_acs.chemmater.3c01952-p003-f01-s03,AB Stacking,COF-C2-80,AB Stacking,21.003000,0.031100
10.1021_acs.chemmater.3c01952,10.1021_acs.chemmater.3c01952-p003-f01,10.1021_acs.chemmater.3c01952-p003-f01-s03,AB Stacking,COF-C2-80,AB Stacking,21.023000,0.031200
10.1021_acs.chemmater.3c01952,10.1021_acs.chemmater.3c01952-p003-f01,10.1021_acs.chemmater.3c01952-p003-f01-s03,AB Stacking,COF-C2-80,AB Stacking,21.043000,0.031300
10.1021_acs.chemmater.3c01952,10.1021_acs.chemmater.3c01952-p003-f01,10.1021_acs.chemmater.3c01952-p003-f01-s03,AB Stacking,COF-C2-80,AB Stacking,21.063000,0.031400
10.1021_acs.chemmater.3c01952,10.1021_acs.chemmater.3c01952-p003-f01,10.1021_acs.chemmater.3c01952-p003-f01-s03,AB Stacking,COF-C2-80,AB Stacking,21.083000,0.031600
10.1021_acs.chemmater.3c01952,10.1021_acs.chemmater.3c01952-p003-f01,10.1021_acs.chemmater.3c01952-p003-f01-s03,AB Stacking,COF-C2-80,AB Stacking,21.103000,0.031700
10.1021_acs.chemmater.3c01952,10.1021_acs.chemmater.3c01952-p003-f01,10.1021_acs.chemmater.3c01952-p003-f01-s03,AB Stacking,COF-C2-80,AB Stacking,21.123000,0.031800
10.1021_acs.chemmater.3c01952,10.1021_acs.chemmater.3c01952-p003-f01,10.1021_acs.chemmater.3c01952-p003-f01-s03,AB Stacking,COF-C2-80,AB Stacking,21.143000,0.031900
10.1021_acs.chemmater.3c01952,10.1021_acs.chemmater.3c01952-p003-f01,10.1021_acs.chemmater.3c01952-p003-f01-s03,AB Stacking,COF-C2-80,AB Stacking,21.163000,0.032000
10.1021_acs.chemmater.3c01952,10.1021_acs.chemmater.3c01952-p003-f01,10.1021_acs.chemmater.3c01952-p003-f01-s03,AB Stacking,COF-C2-80,AB Stacking,21.183000,0.032100
10.1021_acs.chemmater.3c01952,10.1021_acs.chemmater.3c01952-p003-f01,10.1021_acs.chemmater.3c01952-p003-f01-s03,AB Stacking,COF-C2-80,AB Stacking,21.203000,0.032200
10.1021_acs.chemmater.3c01952,10.1021_acs.chemmater.3c01952-p003-f01,10.1021_acs.chemmater.3c01952-p003-f01-s03,AB Stacking,COF-C2-80,AB Stacking,21.223000,0.032400
10.1021_acs.chemmater.3c01952,10.1021_acs.chemmater.3c01952-p003-f01,10.1021_acs.chemmater.3c01952-p003-f01-s03,AB Stacking,COF-C2-80,AB Stacking,21.243000,0.032500
10.1021_acs.chemmater.3c01952,10.1021_acs.chemmater.3c01952-p003-f01,10.1021_acs.chemmater.3c01952-p003-f01-s03,AB Stacking,COF-C2-80,AB Stacking,21.263000,0.032600
10.1021_acs.chemmater.3c01952,10.1021_acs.chemmater.3c01952-p003-f01,10.1021_acs.chemmater.3c01952-p003-f01-s03,AB Stacking,COF-C2-80,AB Stacking,21.283000,0.032700
10.1021_acs.chemmater.3c01952,10.1021_acs.chemmater.3c01952-p003-f01,10.1021_acs.chemmater.3c01952-p003-f01-s03,AB Stacking,COF-C2-80,AB Stacking,21.303000,0.032800
10.1021_acs.chemmater.3c01952,10.1021_acs.chemmater.3c01952-p003-f01,10.1021_acs.chemmater.3c01952-p003-f01-s03,AB Stacking,COF-C2-80,AB Stacking,21.323000,0.032900
10.1021_acs.chemmater.3c01952,10.1021_acs.chemmater.3c01952-p003-f01,10.1021_acs.chemmater.3c01952-p003-f01-s03,AB Stacking,COF-C2-80,AB Stacking,21.343000,0.033100
10.1021_acs.chemmater.3c01952,10.1021_acs.chemmater.3c01952-p003-f01,10.1021_acs.chemmater.3c01952-p003-f01-s03,AB Stacking,COF-C2-80,AB Stacking,21.363000,0.033200
10.1021_acs.chemmater.3c01952,10.1021_acs.chemmater.3c01952-p003-f01,10.1021_acs.chemmater.3c01952-p003-f01-s03,AB Stacking,COF-C2-80,AB Stacking,21.383000,0.033300
10.1021_acs.chemmater.3c01952,10.1021_acs.chemmater.3c01952-p003-f01,10.1021_acs.chemmater.3c01952-p003-f01-s03,AB Stacking,COF-C2-80,AB Stacking,21.403000,0.033400
10.1021_acs.chemmater.3c01952,10.1021_acs.chemmater.3c01952-p003-f01,10.1021_acs.chemmater.3c01952-p003-f01-s03,AB Stacking,COF-C2-80,AB Stacking,21.423000,0.033600
10.1021_acs.chemmater.3c01952,10.1021_acs.chemmater.3c01952-p003-f01,10.1021_acs.chemmater.3c01952-p003-f01-s03,AB Stacking,COF-C2-80,AB Stacking,21.443000,0.033700
10.1021_acs.chemmater.3c01952,10.1021_acs.chemmater.3c01952-p003-f01,10.1021_acs.chemmater.3c01952-p003-f01-s03,AB Stacking,COF-C2-80,AB Stacking,21.463000,0.033800
10.1021_acs.chemmater.3c01952,10.1021_acs.chemmater.3c01952-p003-f01,10.1021_acs.chemmater.3c01952-p003-f01-s03,AB Stacking,COF-C2-80,AB Stacking,21.483000,0.033900
10.1021_acs.chemmater.3c01952,10.1021_acs.chemmater.3c01952-p003-f01,10.1021_acs.chemmater.3c01952-p003-f01-s03,AB Stacking,COF-C2-80,AB Stacking,21.503000,0.034100
10.1021_acs.chemmater.3c01952,10.1021_acs.chemmater.3c01952-p003-f01,10.1021_acs.chemmater.3c01952-p003-f01-s03,AB Stacking,COF-C2-80,AB Stacking,21.523000,0.034200
10.1021_acs.chemmater.3c01952,10.1021_acs.chemmater.3c01952-p003-f01,10.1021_acs.chemmater.3c01952-p003-f01-s03,AB Stacking,COF-C2-80,AB Stacking,21.543000,0.034300
10.1021_acs.chemmater.3c01952,10.1021_acs.chemmater.3c01952-p003-f01,10.1021_acs.chemmater.3c01952-p003-f01-s03,AB Stacking,COF-C2-80,AB Stacking,21.563000,0.034400
10.1021_acs.chemmater.3c01952,10.1021_acs.chemmater.3c01952-p003-f01,10.1021_acs.chemmater.3c01952-p003-f01-s03,AB Stacking,COF-C2-80,AB Stacking,21.583000,0.034600
10.1021_acs.chemmater.3c01952,10.1021_acs.chemmater.3c01952-p003-f01,10.1021_acs.chemmater.3c01952-p003-f01-s03,AB Stacking,COF-C2-80,AB Stacking,21.603000,0.034700
10.1021_acs.chemmater.3c01952,10.1021_acs.chemmater.3c01952-p003-f01,10.1021_acs.chemmater.3c01952-p003-f01-s03,AB Stacking,COF-C2-80,AB Stacking,21.623000,0.034800
10.1021_acs.chemmater.3c01952,10.1021_acs.chemmater.3c01952-p003-f01,10.1021_acs.chemmater.3c01952-p003-f01-s03,AB Stacking,COF-C2-80,AB Stacking,21.643000,0.035000
10.1021_acs.chemmater.3c01952,10.1021_acs.chemmater.3c01952-p003-f01,10.1021_acs.chemmater.3c01952-p003-f01-s03,AB Stacking,COF-C2-80,AB Stacking,21.663000,0.035100
10.1021_acs.chemmater.3c01952,10.1021_acs.chemmater.3c01952-p003-f01,10.1021_acs.chemmater.3c01952-p003-f01-s03,AB Stacking,COF-C2-80,AB Stacking,21.683000,0.035200
10.1021_acs.chemmater.3c01952,10.1021_acs.chemmater.3c01952-p003-f01,10.1021_acs.chemmater.3c01952-p003-f01-s03,AB Stacking,COF-C2-80,AB Stacking,21.703000,0.035400
10.1021_acs.chemmater.3c01952,10.1021_acs.chemmater.3c01952-p003-f01,10.1021_acs.chemmater.3c01952-p003-f01-s03,AB Stacking,COF-C2-80,AB Stacking,21.723000,0.035500
10.1021_acs.chemmater.3c01952,10.1021_acs.chemmater.3c01952-p003-f01,10.1021_acs.chemmater.3c01952-p003-f01-s03,AB Stacking,COF-C2-80,AB Stacking,21.743000,0.035600
10.1021_acs.chemmater.3c01952,10.1021_acs.chemmater.3c01952-p003-f01,10.1021_acs.chemmater.3c01952-p003-f01-s03,AB Stacking,COF-C2-80,AB Stacking,21.763000,0.035800
10.1021_acs.chemmater.3c01952,10.1021_acs.chemmater.3c01952-p003-f01,10.1021_acs.chemmater.3c01952-p003-f01-s03,AB Stacking,COF-C2-80,AB Stacking,21.783000,0.035900
10.1021_acs.chemmater.3c01952,10.1021_acs.chemmater.3c01952-p003-f01,10.1021_acs.chemmater.3c01952-p003-f01-s03,AB Stacking,COF-C2-80,AB Stacking,21.803000,0.036000
10.1021_acs.chemmater.3c01952,10.1021_acs.chemmater.3c01952-p003-f01,10.1021_acs.chemmater.3c01952-p003-f01-s03,AB Stacking,COF-C2-80,AB Stacking,21.823000,0.036200
10.1021_acs.chemmater.3c01952,10.1021_acs.chemmater.3c01952-p003-f01,10.1021_acs.chemmater.3c01952-p003-f01-s03,AB Stacking,COF-C2-80,AB Stacking,21.843000,0.036300
10.1021_acs.chemmater.3c01952,10.1021_acs.chemmater.3c01952-p003-f01,10.1021_acs.chemmater.3c01952-p003-f01-s03,AB Stacking,COF-C2-80,AB Stacking,21.863000,0.036500
10.1021_acs.chemmater.3c01952,10.1021_acs.chemmater.3c01952-p003-f01,10.1021_acs.chemmater.3c01952-p003-f01-s03,AB Stacking,COF-C2-80,AB Stacking,21.883000,0.036600
10.1021_acs.chemmater.3c01952,10.1021_acs.chemmater.3c01952-p003-f01,10.1021_acs.chemmater.3c01952-p003-f01-s03,AB Stacking,COF-C2-80,AB Stacking,21.903000,0.036800
10.1021_acs.chemmater.3c01952,10.1021_acs.chemmater.3c01952-p003-f01,10.1021_acs.chemmater.3c01952-p003-f01-s03,AB Stacking,COF-C2-80,AB Stacking,21.923000,0.036900
10.1021_acs.chemmater.3c01952,10.1021_acs.chemmater.3c01952-p003-f01,10.1021_acs.chemmater.3c01952-p003-f01-s03,AB Stacking,COF-C2-80,AB Stacking,21.943000,0.037000
10.1021_acs.chemmater.3c01952,10.1021_acs.chemmater.3c01952-p003-f01,10.1021_acs.chemmater.3c01952-p003-f01-s03,AB Stacking,COF-C2-80,AB Stacking,21.963000,0.037200
10.1021_acs.chemmater.3c01952,10.1021_acs.chemmater.3c01952-p003-f01,10.1021_acs.chemmater.3c01952-p003-f01-s03,AB Stacking,COF-C2-80,AB Stacking,21.983000,0.037300
10.1021_acs.chemmater.3c01952,10.1021_acs.chemmater.3c01952-p003-f01,10.1021_acs.chemmater.3c01952-p003-f01-s03,AB Stacking,COF-C2-80,AB Stacking,22.003000,0.037500
10.1021_acs.chemmater.3c01952,10.1021_acs.chemmater.3c01952-p003-f01,10.1021_acs.chemmater.3c01952-p003-f01-s03,AB Stacking,COF-C2-80,AB Stacking,22.023000,0.037600
10.1021_acs.chemmater.3c01952,10.1021_acs.chemmater.3c01952-p003-f01,10.1021_acs.chemmater.3c01952-p003-f01-s03,AB Stacking,COF-C2-80,AB Stacking,22.043000,0.037800
10.1021_acs.chemmater.3c01952,10.1021_acs.chemmater.3c01952-p003-f01,10.1021_acs.chemmater.3c01952-p003-f01-s03,AB Stacking,COF-C2-80,AB Stacking,22.063000,0.037900
10.1021_acs.chemmater.3c01952,10.1021_acs.chemmater.3c01952-p003-f01,10.1021_acs.chemmater.3c01952-p003-f01-s03,AB Stacking,COF-C2-80,AB Stacking,22.083000,0.038100
10.1021_acs.chemmater.3c01952,10.1021_acs.chemmater.3c01952-p003-f01,10.1021_acs.chemmater.3c01952-p003-f01-s03,AB Stacking,COF-C2-80,AB Stacking,22.103000,0.038200
10.1021_acs.chemmater.3c01952,10.1021_acs.chemmater.3c01952-p003-f01,10.1021_acs.chemmater.3c01952-p003-f01-s03,AB Stacking,COF-C2-80,AB Stacking,22.123000,0.038400
10.1021_acs.chemmater.3c01952,10.1021_acs.chemmater.3c01952-p003-f01,10.1021_acs.chemmater.3c01952-p003-f01-s03,AB Stacking,COF-C2-80,AB Stacking,22.143000,0.038500
10.1021_acs.chemmater.3c01952,10.1021_acs.chemmater.3c01952-p003-f01,10.1021_acs.chemmater.3c01952-p003-f01-s03,AB Stacking,COF-C2-80,AB Stacking,22.163000,0.038700
10.1021_acs.chemmater.3c01952,10.1021_acs.chemmater.3c01952-p003-f01,10.1021_acs.chemmater.3c01952-p003-f01-s03,AB Stacking,COF-C2-80,AB Stacking,22.183000,0.038800
10.1021_acs.chemmater.3c01952,10.1021_acs.chemmater.3c01952-p003-f01,10.1021_acs.chemmater.3c01952-p003-f01-s03,AB Stacking,COF-C2-80,AB Stacking,22.203000,0.039000
10.1021_acs.chemmater.3c01952,10.1021_acs.chemmater.3c01952-p003-f01,10.1021_acs.chemmater.3c01952-p003-f01-s03,AB Stacking,COF-C2-80,AB Stacking,22.223000,0.039200
10.1021_acs.chemmater.3c01952,10.1021_acs.chemmater.3c01952-p003-f01,10.1021_acs.chemmater.3c01952-p003-f01-s03,AB Stacking,COF-C2-80,AB Stacking,22.243000,0.039300
10.1021_acs.chemmater.3c01952,10.1021_acs.chemmater.3c01952-p003-f01,10.1021_acs.chemmater.3c01952-p003-f01-s03,AB Stacking,COF-C2-80,AB Stacking,22.263000,0.039500
10.1021_acs.chemmater.3c01952,10.1021_acs.chemmater.3c01952-p003-f01,10.1021_acs.chemmater.3c01952-p003-f01-s03,AB Stacking,COF-C2-80,AB Stacking,22.283000,0.039600
10.1021_acs.chemmater.3c01952,10.1021_acs.chemmater.3c01952-p003-f01,10.1021_acs.chemmater.3c01952-p003-f01-s03,AB Stacking,COF-C2-80,AB Stacking,22.303000,0.039800
10.1021_acs.chemmater.3c01952,10.1021_acs.chemmater.3c01952-p003-f01,10.1021_acs.chemmater.3c01952-p003-f01-s03,AB Stacking,COF-C2-80,AB Stacking,22.323000,0.040000
10.1021_acs.chemmater.3c01952,10.1021_acs.chemmater.3c01952-p003-f01,10.1021_acs.chemmater.3c01952-p003-f01-s03,AB Stacking,COF-C2-80,AB Stacking,22.343000,0.040100
10.1021_acs.chemmater.3c01952,10.1021_acs.chemmater.3c01952-p003-f01,10.1021_acs.chemmater.3c01952-p003-f01-s03,AB Stacking,COF-C2-80,AB Stacking,22.363000,0.040300
10.1021_acs.chemmater.3c01952,10.1021_acs.chemmater.3c01952-p003-f01,10.1021_acs.chemmater.3c01952-p003-f01-s03,AB Stacking,COF-C2-80,AB Stacking,22.383000,0.040400
10.1021_acs.chemmater.3c01952,10.1021_acs.chemmater.3c01952-p003-f01,10.1021_acs.chemmater.3c01952-p003-f01-s03,AB Stacking,COF-C2-80,AB Stacking,22.403000,0.040600
10.1021_acs.chemmater.3c01952,10.1021_acs.chemmater.3c01952-p003-f01,10.1021_acs.chemmater.3c01952-p003-f01-s03,AB Stacking,COF-C2-80,AB Stacking,22.423000,0.040800
10.1021_acs.chemmater.3c01952,10.1021_acs.chemmater.3c01952-p003-f01,10.1021_acs.chemmater.3c01952-p003-f01-s03,AB Stacking,COF-C2-80,AB Stacking,22.443000,0.040900
10.1021_acs.chemmater.3c01952,10.1021_acs.chemmater.3c01952-p003-f01,10.1021_acs.chemmater.3c01952-p003-f01-s03,AB Stacking,COF-C2-80,AB Stacking,22.463000,0.041100
10.1021_acs.chemmater.3c01952,10.1021_acs.chemmater.3c01952-p003-f01,10.1021_acs.chemmater.3c01952-p003-f01-s03,AB Stacking,COF-C2-80,AB Stacking,22.483000,0.041300
10.1021_acs.chemmater.3c01952,10.1021_acs.chemmater.3c01952-p003-f01,10.1021_acs.chemmater.3c01952-p003-f01-s03,AB Stacking,COF-C2-80,AB Stacking,22.503000,0.041500
10.1021_acs.chemmater.3c01952,10.1021_acs.chemmater.3c01952-p003-f01,10.1021_acs.chemmater.3c01952-p003-f01-s03,AB Stacking,COF-C2-80,AB Stacking,22.523000,0.041600
10.1021_acs.chemmater.3c01952,10.1021_acs.chemmater.3c01952-p003-f01,10.1021_acs.chemmater.3c01952-p003-f01-s03,AB Stacking,COF-C2-80,AB Stacking,22.543000,0.041800
10.1021_acs.chemmater.3c01952,10.1021_acs.chemmater.3c01952-p003-f01,10.1021_acs.chemmater.3c01952-p003-f01-s03,AB Stacking,COF-C2-80,AB Stacking,22.563000,0.042000
10.1021_acs.chemmater.3c01952,10.1021_acs.chemmater.3c01952-p003-f01,10.1021_acs.chemmater.3c01952-p003-f01-s03,AB Stacking,COF-C2-80,AB Stacking,22.583000,0.042100
10.1021_acs.chemmater.3c01952,10.1021_acs.chemmater.3c01952-p003-f01,10.1021_acs.chemmater.3c01952-p003-f01-s03,AB Stacking,COF-C2-80,AB Stacking,22.603000,0.042300
10.1021_acs.chemmater.3c01952,10.1021_acs.chemmater.3c01952-p003-f01,10.1021_acs.chemmater.3c01952-p003-f01-s03,AB Stacking,COF-C2-80,AB Stacking,22.623000,0.042500
10.1021_acs.chemmater.3c01952,10.1021_acs.chemmater.3c01952-p003-f01,10.1021_acs.chemmater.3c01952-p003-f01-s03,AB Stacking,COF-C2-80,AB Stacking,22.643000,0.042700
10.1021_acs.chemmater.3c01952,10.1021_acs.chemmater.3c01952-p003-f01,10.1021_acs.chemmater.3c01952-p003-f01-s03,AB Stacking,COF-C2-80,AB Stacking,22.663000,0.042900
10.1021_acs.chemmater.3c01952,10.1021_acs.chemmater.3c01952-p003-f01,10.1021_acs.chemmater.3c01952-p003-f01-s03,AB Stacking,COF-C2-80,AB Stacking,22.683000,0.043000
10.1021_acs.chemmater.3c01952,10.1021_acs.chemmater.3c01952-p003-f01,10.1021_acs.chemmater.3c01952-p003-f01-s03,AB Stacking,COF-C2-80,AB Stacking,22.703000,0.043200
10.1021_acs.chemmater.3c01952,10.1021_acs.chemmater.3c01952-p003-f01,10.1021_acs.chemmater.3c01952-p003-f01-s03,AB Stacking,COF-C2-80,AB Stacking,22.723000,0.043400
10.1021_acs.chemmater.3c01952,10.1021_acs.chemmater.3c01952-p003-f01,10.1021_acs.chemmater.3c01952-p003-f01-s03,AB Stacking,COF-C2-80,AB Stacking,22.743000,0.043600
10.1021_acs.chemmater.3c01952,10.1021_acs.chemmater.3c01952-p003-f01,10.1021_acs.chemmater.3c01952-p003-f01-s03,AB Stacking,COF-C2-80,AB Stacking,22.763000,0.043800
10.1021_acs.chemmater.3c01952,10.1021_acs.chemmater.3c01952-p003-f01,10.1021_acs.chemmater.3c01952-p003-f01-s03,AB Stacking,COF-C2-80,AB Stacking,22.783000,0.044000
10.1021_acs.chemmater.3c01952,10.1021_acs.chemmater.3c01952-p003-f01,10.1021_acs.chemmater.3c01952-p003-f01-s03,AB Stacking,COF-C2-80,AB Stacking,22.803000,0.044100
10.1021_acs.chemmater.3c01952,10.1021_acs.chemmater.3c01952-p003-f01,10.1021_acs.chemmater.3c01952-p003-f01-s03,AB Stacking,COF-C2-80,AB Stacking,22.823000,0.044300
10.1021_acs.chemmater.3c01952,10.1021_acs.chemmater.3c01952-p003-f01,10.1021_acs.chemmater.3c01952-p003-f01-s03,AB Stacking,COF-C2-80,AB Stacking,22.843000,0.044500
10.1021_acs.chemmater.3c01952,10.1021_acs.chemmater.3c01952-p003-f01,10.1021_acs.chemmater.3c01952-p003-f01-s03,AB Stacking,COF-C2-80,AB Stacking,22.863000,0.044700
10.1021_acs.chemmater.3c01952,10.1021_acs.chemmater.3c01952-p003-f01,10.1021_acs.chemmater.3c01952-p003-f01-s03,AB Stacking,COF-C2-80,AB Stacking,22.883000,0.044900
10.1021_acs.chemmater.3c01952,10.1021_acs.chemmater.3c01952-p003-f01,10.1021_acs.chemmater.3c01952-p003-f01-s03,AB Stacking,COF-C2-80,AB Stacking,22.903000,0.045100
10.1021_acs.chemmater.3c01952,10.1021_acs.chemmater.3c01952-p003-f01,10.1021_acs.chemmater.3c01952-p003-f01-s03,AB Stacking,COF-C2-80,AB Stacking,22.923000,0.045300
10.1021_acs.chemmater.3c01952,10.1021_acs.chemmater.3c01952-p003-f01,10.1021_acs.chemmater.3c01952-p003-f01-s03,AB Stacking,COF-C2-80,AB Stacking,22.943000,0.045500
10.1021_acs.chemmater.3c01952,10.1021_acs.chemmater.3c01952-p003-f01,10.1021_acs.chemmater.3c01952-p003-f01-s03,AB Stacking,COF-C2-80,AB Stacking,22.963000,0.045700
10.1021_acs.chemmater.3c01952,10.1021_acs.chemmater.3c01952-p003-f01,10.1021_acs.chemmater.3c01952-p003-f01-s03,AB Stacking,COF-C2-80,AB Stacking,22.983000,0.045900
10.1021_acs.chemmater.3c01952,10.1021_acs.chemmater.3c01952-p003-f01,10.1021_acs.chemmater.3c01952-p003-f01-s03,AB Stacking,COF-C2-80,AB Stacking,23.003000,0.046100
10.1021_acs.chemmater.3c01952,10.1021_acs.chemmater.3c01952-p003-f01,10.1021_acs.chemmater.3c01952-p003-f01-s03,AB Stacking,COF-C2-80,AB Stacking,23.023000,0.046300
10.1021_acs.chemmater.3c01952,10.1021_acs.chemmater.3c01952-p003-f01,10.1021_acs.chemmater.3c01952-p003-f01-s03,AB Stacking,COF-C2-80,AB Stacking,23.043000,0.046500
10.1021_acs.chemmater.3c01952,10.1021_acs.chemmater.3c01952-p003-f01,10.1021_acs.chemmater.3c01952-p003-f01-s03,AB Stacking,COF-C2-80,AB Stacking,23.063000,0.046700
10.1021_acs.chemmater.3c01952,10.1021_acs.chemmater.3c01952-p003-f01,10.1021_acs.chemmater.3c01952-p003-f01-s03,AB Stacking,COF-C2-80,AB Stacking,23.083000,0.046900
10.1021_acs.chemmater.3c01952,10.1021_acs.chemmater.3c01952-p003-f01,10.1021_acs.chemmater.3c01952-p003-f01-s03,AB Stacking,COF-C2-80,AB Stacking,23.103000,0.047100
10.1021_acs.chemmater.3c01952,10.1021_acs.chemmater.3c01952-p003-f01,10.1021_acs.chemmater.3c01952-p003-f01-s03,AB Stacking,COF-C2-80,AB Stacking,23.123000,0.047300
10.1021_acs.chemmater.3c01952,10.1021_acs.chemmater.3c01952-p003-f01,10.1021_acs.chemmater.3c01952-p003-f01-s03,AB Stacking,COF-C2-80,AB Stacking,23.143000,0.047500
10.1021_acs.chemmater.3c01952,10.1021_acs.chemmater.3c01952-p003-f01,10.1021_acs.chemmater.3c01952-p003-f01-s03,AB Stacking,COF-C2-80,AB Stacking,23.163000,0.047700
10.1021_acs.chemmater.3c01952,10.1021_acs.chemmater.3c01952-p003-f01,10.1021_acs.chemmater.3c01952-p003-f01-s03,AB Stacking,COF-C2-80,AB Stacking,23.183000,0.047900
10.1021_acs.chemmater.3c01952,10.1021_acs.chemmater.3c01952-p003-f01,10.1021_acs.chemmater.3c01952-p003-f01-s03,AB Stacking,COF-C2-80,AB Stacking,23.203000,0.048100
10.1021_acs.chemmater.3c01952,10.1021_acs.chemmater.3c01952-p003-f01,10.1021_acs.chemmater.3c01952-p003-f01-s03,AB Stacking,COF-C2-80,AB Stacking,23.223000,0.048300
10.1021_acs.chemmater.3c01952,10.1021_acs.chemmater.3c01952-p003-f01,10.1021_acs.chemmater.3c01952-p003-f01-s03,AB Stacking,COF-C2-80,AB Stacking,23.243000,0.048500
10.1021_acs.chemmater.3c01952,10.1021_acs.chemmater.3c01952-p003-f01,10.1021_acs.chemmater.3c01952-p003-f01-s03,AB Stacking,COF-C2-80,AB Stacking,23.263000,0.048700
10.1021_acs.chemmater.3c01952,10.1021_acs.chemmater.3c01952-p003-f01,10.1021_acs.chemmater.3c01952-p003-f01-s03,AB Stacking,COF-C2-80,AB Stacking,23.283000,0.048900
10.1021_acs.chemmater.3c01952,10.1021_acs.chemmater.3c01952-p003-f01,10.1021_acs.chemmater.3c01952-p003-f01-s03,AB Stacking,COF-C2-80,AB Stacking,23.303000,0.049200
10.1021_acs.chemmater.3c01952,10.1021_acs.chemmater.3c01952-p003-f01,10.1021_acs.chemmater.3c01952-p003-f01-s03,AB Stacking,COF-C2-80,AB Stacking,23.323000,0.049400
10.1021_acs.chemmater.3c01952,10.1021_acs.chemmater.3c01952-p003-f01,10.1021_acs.chemmater.3c01952-p003-f01-s03,AB Stacking,COF-C2-80,AB Stacking,23.343000,0.049600
10.1021_acs.chemmater.3c01952,10.1021_acs.chemmater.3c01952-p003-f01,10.1021_acs.chemmater.3c01952-p003-f01-s03,AB Stacking,COF-C2-80,AB Stacking,23.363000,0.049800
10.1021_acs.chemmater.3c01952,10.1021_acs.chemmater.3c01952-p003-f01,10.1021_acs.chemmater.3c01952-p003-f01-s03,AB Stacking,COF-C2-80,AB Stacking,23.383000,0.050000
10.1021_acs.chemmater.3c01952,10.1021_acs.chemmater.3c01952-p003-f01,10.1021_acs.chemmater.3c01952-p003-f01-s03,AB Stacking,COF-C2-80,AB Stacking,23.403000,0.050300
10.1021_acs.chemmater.3c01952,10.1021_acs.chemmater.3c01952-p003-f01,10.1021_acs.chemmater.3c01952-p003-f01-s03,AB Stacking,COF-C2-80,AB Stacking,23.423000,0.050500
10.1021_acs.chemmater.3c01952,10.1021_acs.chemmater.3c01952-p003-f01,10.1021_acs.chemmater.3c01952-p003-f01-s03,AB Stacking,COF-C2-80,AB Stacking,23.443000,0.050700
10.1021_acs.chemmater.3c01952,10.1021_acs.chemmater.3c01952-p003-f01,10.1021_acs.chemmater.3c01952-p003-f01-s03,AB Stacking,COF-C2-80,AB Stacking,23.463000,0.050900
10.1021_acs.chemmater.3c01952,10.1021_acs.chemmater.3c01952-p003-f01,10.1021_acs.chemmater.3c01952-p003-f01-s03,AB Stacking,COF-C2-80,AB Stacking,23.483000,0.051200
10.1021_acs.chemmater.3c01952,10.1021_acs.chemmater.3c01952-p003-f01,10.1021_acs.chemmater.3c01952-p003-f01-s03,AB Stacking,COF-C2-80,AB Stacking,23.503000,0.051400
10.1021_acs.chemmater.3c01952,10.1021_acs.chemmater.3c01952-p003-f01,10.1021_acs.chemmater.3c01952-p003-f01-s03,AB Stacking,COF-C2-80,AB Stacking,23.523000,0.051600
10.1021_acs.chemmater.3c01952,10.1021_acs.chemmater.3c01952-p003-f01,10.1021_acs.chemmater.3c01952-p003-f01-s03,AB Stacking,COF-C2-80,AB Stacking,23.543000,0.051800
10.1021_acs.chemmater.3c01952,10.1021_acs.chemmater.3c01952-p003-f01,10.1021_acs.chemmater.3c01952-p003-f01-s03,AB Stacking,COF-C2-80,AB Stacking,23.563000,0.052100
10.1021_acs.chemmater.3c01952,10.1021_acs.chemmater.3c01952-p003-f01,10.1021_acs.chemmater.3c01952-p003-f01-s03,AB Stacking,COF-C2-80,AB Stacking,23.583000,0.052300
10.1021_acs.chemmater.3c01952,10.1021_acs.chemmater.3c01952-p003-f01,10.1021_acs.chemmater.3c01952-p003-f01-s03,AB Stacking,COF-C2-80,AB Stacking,23.603000,0.052500
10.1021_acs.chemmater.3c01952,10.1021_acs.chemmater.3c01952-p003-f01,10.1021_acs.chemmater.3c01952-p003-f01-s03,AB Stacking,COF-C2-80,AB Stacking,23.623000,0.052800
10.1021_acs.chemmater.3c01952,10.1021_acs.chemmater.3c01952-p003-f01,10.1021_acs.chemmater.3c01952-p003-f01-s03,AB Stacking,COF-C2-80,AB Stacking,23.643000,0.053000
10.1021_acs.chemmater.3c01952,10.1021_acs.chemmater.3c01952-p003-f01,10.1021_acs.chemmater.3c01952-p003-f01-s03,AB Stacking,COF-C2-80,AB Stacking,23.663000,0.053200
10.1021_acs.chemmater.3c01952,10.1021_acs.chemmater.3c01952-p003-f01,10.1021_acs.chemmater.3c01952-p003-f01-s03,AB Stacking,COF-C2-80,AB Stacking,23.683000,0.053500
10.1021_acs.chemmater.3c01952,10.1021_acs.chemmater.3c01952-p003-f01,10.1021_acs.chemmater.3c01952-p003-f01-s03,AB Stacking,COF-C2-80,AB Stacking,23.703000,0.053700
10.1021_acs.chemmater.3c01952,10.1021_acs.chemmater.3c01952-p003-f01,10.1021_acs.chemmater.3c01952-p003-f01-s03,AB Stacking,COF-C2-80,AB Stacking,23.723000,0.054000
10.1021_acs.chemmater.3c01952,10.1021_acs.chemmater.3c01952-p003-f01,10.1021_acs.chemmater.3c01952-p003-f01-s03,AB Stacking,COF-C2-80,AB Stacking,23.743000,0.054200
10.1021_acs.chemmater.3c01952,10.1021_acs.chemmater.3c01952-p003-f01,10.1021_acs.chemmater.3c01952-p003-f01-s03,AB Stacking,COF-C2-80,AB Stacking,23.763000,0.054500
10.1021_acs.chemmater.3c01952,10.1021_acs.chemmater.3c01952-p003-f01,10.1021_acs.chemmater.3c01952-p003-f01-s03,AB Stacking,COF-C2-80,AB Stacking,23.783000,0.054700
10.1021_acs.chemmater.3c01952,10.1021_acs.chemmater.3c01952-p003-f01,10.1021_acs.chemmater.3c01952-p003-f01-s03,AB Stacking,COF-C2-80,AB Stacking,23.803000,0.054900
10.1021_acs.chemmater.3c01952,10.1021_acs.chemmater.3c01952-p003-f01,10.1021_acs.chemmater.3c01952-p003-f01-s03,AB Stacking,COF-C2-80,AB Stacking,23.823000,0.055200
10.1021_acs.chemmater.3c01952,10.1021_acs.chemmater.3c01952-p003-f01,10.1021_acs.chemmater.3c01952-p003-f01-s03,AB Stacking,COF-C2-80,AB Stacking,23.843000,0.055400
10.1021_acs.chemmater.3c01952,10.1021_acs.chemmater.3c01952-p003-f01,10.1021_acs.chemmater.3c01952-p003-f01-s03,AB Stacking,COF-C2-80,AB Stacking,23.863000,0.055700
10.1021_acs.chemmater.3c01952,10.1021_acs.chemmater.3c01952-p003-f01,10.1021_acs.chemmater.3c01952-p003-f01-s03,AB Stacking,COF-C2-80,AB Stacking,23.883000,0.055900
10.1021_acs.chemmater.3c01952,10.1021_acs.chemmater.3c01952-p003-f01,10.1021_acs.chemmater.3c01952-p003-f01-s03,AB Stacking,COF-C2-80,AB Stacking,23.903000,0.056200
10.1021_acs.chemmater.3c01952,10.1021_acs.chemmater.3c01952-p003-f01,10.1021_acs.chemmater.3c01952-p003-f01-s03,AB Stacking,COF-C2-80,AB Stacking,23.923000,0.056500
10.1021_acs.chemmater.3c01952,10.1021_acs.chemmater.3c01952-p003-f01,10.1021_acs.chemmater.3c01952-p003-f01-s03,AB Stacking,COF-C2-80,AB Stacking,23.943000,0.056700
10.1021_acs.chemmater.3c01952,10.1021_acs.chemmater.3c01952-p003-f01,10.1021_acs.chemmater.3c01952-p003-f01-s03,AB Stacking,COF-C2-80,AB Stacking,23.963000,0.057000
10.1021_acs.chemmater.3c01952,10.1021_acs.chemmater.3c01952-p003-f01,10.1021_acs.chemmater.3c01952-p003-f01-s03,AB Stacking,COF-C2-80,AB Stacking,23.983000,0.057200
10.1021_acs.chemmater.3c01952,10.1021_acs.chemmater.3c01952-p003-f01,10.1021_acs.chemmater.3c01952-p003-f01-s03,AB Stacking,COF-C2-80,AB Stacking,24.003000,0.057500
10.1021_acs.chemmater.3c01952,10.1021_acs.chemmater.3c01952-p003-f01,10.1021_acs.chemmater.3c01952-p003-f01-s03,AB Stacking,COF-C2-80,AB Stacking,24.023000,0.057700
10.1021_acs.chemmater.3c01952,10.1021_acs.chemmater.3c01952-p003-f01,10.1021_acs.chemmater.3c01952-p003-f01-s03,AB Stacking,COF-C2-80,AB Stacking,24.043000,0.058000
10.1021_acs.chemmater.3c01952,10.1021_acs.chemmater.3c01952-p003-f01,10.1021_acs.chemmater.3c01952-p003-f01-s03,AB Stacking,COF-C2-80,AB Stacking,24.063000,0.058300
10.1021_acs.chemmater.3c01952,10.1021_acs.chemmater.3c01952-p003-f01,10.1021_acs.chemmater.3c01952-p003-f01-s03,AB Stacking,COF-C2-80,AB Stacking,24.083000,0.058500
10.1021_acs.chemmater.3c01952,10.1021_acs.chemmater.3c01952-p003-f01,10.1021_acs.chemmater.3c01952-p003-f01-s03,AB Stacking,COF-C2-80,AB Stacking,24.103000,0.058800
10.1021_acs.chemmater.3c01952,10.1021_acs.chemmater.3c01952-p003-f01,10.1021_acs.chemmater.3c01952-p003-f01-s03,AB Stacking,COF-C2-80,AB Stacking,24.123000,0.059100
10.1021_acs.chemmater.3c01952,10.1021_acs.chemmater.3c01952-p003-f01,10.1021_acs.chemmater.3c01952-p003-f01-s03,AB Stacking,COF-C2-80,AB Stacking,24.143000,0.059300
10.1021_acs.chemmater.3c01952,10.1021_acs.chemmater.3c01952-p003-f01,10.1021_acs.chemmater.3c01952-p003-f01-s03,AB Stacking,COF-C2-80,AB Stacking,24.163000,0.059600
10.1021_acs.chemmater.3c01952,10.1021_acs.chemmater.3c01952-p003-f01,10.1021_acs.chemmater.3c01952-p003-f01-s03,AB Stacking,COF-C2-80,AB Stacking,24.183000,0.059900
10.1021_acs.chemmater.3c01952,10.1021_acs.chemmater.3c01952-p003-f01,10.1021_acs.chemmater.3c01952-p003-f01-s03,AB Stacking,COF-C2-80,AB Stacking,24.203000,0.060200
10.1021_acs.chemmater.3c01952,10.1021_acs.chemmater.3c01952-p003-f01,10.1021_acs.chemmater.3c01952-p003-f01-s03,AB Stacking,COF-C2-80,AB Stacking,24.223000,0.060400
10.1021_acs.chemmater.3c01952,10.1021_acs.chemmater.3c01952-p003-f01,10.1021_acs.chemmater.3c01952-p003-f01-s03,AB Stacking,COF-C2-80,AB Stacking,24.243000,0.060700
10.1021_acs.chemmater.3c01952,10.1021_acs.chemmater.3c01952-p003-f01,10.1021_acs.chemmater.3c01952-p003-f01-s03,AB Stacking,COF-C2-80,AB Stacking,24.263000,0.061000
10.1021_acs.chemmater.3c01952,10.1021_acs.chemmater.3c01952-p003-f01,10.1021_acs.chemmater.3c01952-p003-f01-s03,AB Stacking,COF-C2-80,AB Stacking,24.283000,0.061300
10.1021_acs.chemmater.3c01952,10.1021_acs.chemmater.3c01952-p003-f01,10.1021_acs.chemmater.3c01952-p003-f01-s03,AB Stacking,COF-C2-80,AB Stacking,24.303000,0.061600
10.1021_acs.chemmater.3c01952,10.1021_acs.chemmater.3c01952-p003-f01,10.1021_acs.chemmater.3c01952-p003-f01-s03,AB Stacking,COF-C2-80,AB Stacking,24.323000,0.061800
10.1021_acs.chemmater.3c01952,10.1021_acs.chemmater.3c01952-p003-f01,10.1021_acs.chemmater.3c01952-p003-f01-s03,AB Stacking,COF-C2-80,AB Stacking,24.343000,0.062100
10.1021_acs.chemmater.3c01952,10.1021_acs.chemmater.3c01952-p003-f01,10.1021_acs.chemmater.3c01952-p003-f01-s03,AB Stacking,COF-C2-80,AB Stacking,24.363000,0.062400
10.1021_acs.chemmater.3c01952,10.1021_acs.chemmater.3c01952-p003-f01,10.1021_acs.chemmater.3c01952-p003-f01-s03,AB Stacking,COF-C2-80,AB Stacking,24.383000,0.062700
10.1021_acs.chemmater.3c01952,10.1021_acs.chemmater.3c01952-p003-f01,10.1021_acs.chemmater.3c01952-p003-f01-s03,AB Stacking,COF-C2-80,AB Stacking,24.403000,0.063000
10.1021_acs.chemmater.3c01952,10.1021_acs.chemmater.3c01952-p003-f01,10.1021_acs.chemmater.3c01952-p003-f01-s03,AB Stacking,COF-C2-80,AB Stacking,24.423000,0.063300
10.1021_acs.chemmater.3c01952,10.1021_acs.chemmater.3c01952-p003-f01,10.1021_acs.chemmater.3c01952-p003-f01-s03,AB Stacking,COF-C2-80,AB Stacking,24.443000,0.063600
10.1021_acs.chemmater.3c01952,10.1021_acs.chemmater.3c01952-p003-f01,10.1021_acs.chemmater.3c01952-p003-f01-s03,AB Stacking,COF-C2-80,AB Stacking,24.463000,0.063900
10.1021_acs.chemmater.3c01952,10.1021_acs.chemmater.3c01952-p003-f01,10.1021_acs.chemmater.3c01952-p003-f01-s03,AB Stacking,COF-C2-80,AB Stacking,24.483000,0.064100
10.1021_acs.chemmater.3c01952,10.1021_acs.chemmater.3c01952-p003-f01,10.1021_acs.chemmater.3c01952-p003-f01-s03,AB Stacking,COF-C2-80,AB Stacking,24.503000,0.064400
10.1021_acs.chemmater.3c01952,10.1021_acs.chemmater.3c01952-p003-f01,10.1021_acs.chemmater.3c01952-p003-f01-s03,AB Stacking,COF-C2-80,AB Stacking,24.523000,0.064700
10.1021_acs.chemmater.3c01952,10.1021_acs.chemmater.3c01952-p003-f01,10.1021_acs.chemmater.3c01952-p003-f01-s03,AB Stacking,COF-C2-80,AB Stacking,24.543000,0.065000
10.1021_acs.chemmater.3c01952,10.1021_acs.chemmater.3c01952-p003-f01,10.1021_acs.chemmater.3c01952-p003-f01-s03,AB Stacking,COF-C2-80,AB Stacking,24.563000,0.065300
10.1021_acs.chemmater.3c01952,10.1021_acs.chemmater.3c01952-p003-f01,10.1021_acs.chemmater.3c01952-p003-f01-s03,AB Stacking,COF-C2-80,AB Stacking,24.583000,0.065600
10.1021_acs.chemmater.3c01952,10.1021_acs.chemmater.3c01952-p003-f01,10.1021_acs.chemmater.3c01952-p003-f01-s03,AB Stacking,COF-C2-80,AB Stacking,24.603000,0.065900
10.1021_acs.chemmater.3c01952,10.1021_acs.chemmater.3c01952-p003-f01,10.1021_acs.chemmater.3c01952-p003-f01-s03,AB Stacking,COF-C2-80,AB Stacking,24.623000,0.066200
10.1021_acs.chemmater.3c01952,10.1021_acs.chemmater.3c01952-p003-f01,10.1021_acs.chemmater.3c01952-p003-f01-s03,AB Stacking,COF-C2-80,AB Stacking,24.643000,0.066600
10.1021_acs.chemmater.3c01952,10.1021_acs.chemmater.3c01952-p003-f01,10.1021_acs.chemmater.3c01952-p003-f01-s03,AB Stacking,COF-C2-80,AB Stacking,24.663000,0.066900
10.1021_acs.chemmater.3c01952,10.1021_acs.chemmater.3c01952-p003-f01,10.1021_acs.chemmater.3c01952-p003-f01-s03,AB Stacking,COF-C2-80,AB Stacking,24.683000,0.067200
10.1021_acs.chemmater.3c01952,10.1021_acs.chemmater.3c01952-p003-f01,10.1021_acs.chemmater.3c01952-p003-f01-s03,AB Stacking,COF-C2-80,AB Stacking,24.703000,0.067500
10.1021_acs.chemmater.3c01952,10.1021_acs.chemmater.3c01952-p003-f01,10.1021_acs.chemmater.3c01952-p003-f01-s03,AB Stacking,COF-C2-80,AB Stacking,24.723000,0.067800
10.1021_acs.chemmater.3c01952,10.1021_acs.chemmater.3c01952-p003-f01,10.1021_acs.chemmater.3c01952-p003-f01-s03,AB Stacking,COF-C2-80,AB Stacking,24.743000,0.068100
10.1021_acs.chemmater.3c01952,10.1021_acs.chemmater.3c01952-p003-f01,10.1021_acs.chemmater.3c01952-p003-f01-s03,AB Stacking,COF-C2-80,AB Stacking,24.763000,0.068400
10.1021_acs.chemmater.3c01952,10.1021_acs.chemmater.3c01952-p003-f01,10.1021_acs.chemmater.3c01952-p003-f01-s03,AB Stacking,COF-C2-80,AB Stacking,24.783000,0.068700
10.1021_acs.chemmater.3c01952,10.1021_acs.chemmater.3c01952-p003-f01,10.1021_acs.chemmater.3c01952-p003-f01-s03,AB Stacking,COF-C2-80,AB Stacking,24.803000,0.069100
10.1021_acs.chemmater.3c01952,10.1021_acs.chemmater.3c01952-p003-f01,10.1021_acs.chemmater.3c01952-p003-f01-s03,AB Stacking,COF-C2-80,AB Stacking,24.823000,0.069400
10.1021_acs.chemmater.3c01952,10.1021_acs.chemmater.3c01952-p003-f01,10.1021_acs.chemmater.3c01952-p003-f01-s03,AB Stacking,COF-C2-80,AB Stacking,24.843000,0.069700
10.1021_acs.chemmater.3c01952,10.1021_acs.chemmater.3c01952-p003-f01,10.1021_acs.chemmater.3c01952-p003-f01-s03,AB Stacking,COF-C2-80,AB Stacking,24.863000,0.070000
10.1021_acs.chemmater.3c01952,10.1021_acs.chemmater.3c01952-p003-f01,10.1021_acs.chemmater.3c01952-p003-f01-s03,AB Stacking,COF-C2-80,AB Stacking,24.883000,0.070300
10.1021_acs.chemmater.3c01952,10.1021_acs.chemmater.3c01952-p003-f01,10.1021_acs.chemmater.3c01952-p003-f01-s03,AB Stacking,COF-C2-80,AB Stacking,24.903000,0.070700
10.1021_acs.chemmater.3c01952,10.1021_acs.chemmater.3c01952-p003-f01,10.1021_acs.chemmater.3c01952-p003-f01-s03,AB Stacking,COF-C2-80,AB Stacking,24.923000,0.071000
10.1021_acs.chemmater.3c01952,10.1021_acs.chemmater.3c01952-p003-f01,10.1021_acs.chemmater.3c01952-p003-f01-s03,AB Stacking,COF-C2-80,AB Stacking,24.943000,0.071300
10.1021_acs.chemmater.3c01952,10.1021_acs.chemmater.3c01952-p003-f01,10.1021_acs.chemmater.3c01952-p003-f01-s03,AB Stacking,COF-C2-80,AB Stacking,24.963000,0.071700
10.1021_acs.chemmater.3c01952,10.1021_acs.chemmater.3c01952-p003-f01,10.1021_acs.chemmater.3c01952-p003-f01-s03,AB Stacking,COF-C2-80,AB Stacking,24.983000,0.072000
10.1021_acs.chemmater.3c01952,10.1021_acs.chemmater.3c01952-p003-f01,10.1021_acs.chemmater.3c01952-p003-f01-s03,AB Stacking,COF-C2-80,AB Stacking,25.003000,0.072300
10.1021_acs.chemmater.3c01952,10.1021_acs.chemmater.3c01952-p003-f01,10.1021_acs.chemmater.3c01952-p003-f01-s03,AB Stacking,COF-C2-80,AB Stacking,25.023000,0.072700
10.1021_acs.chemmater.3c01952,10.1021_acs.chemmater.3c01952-p003-f01,10.1021_acs.chemmater.3c01952-p003-f01-s03,AB Stacking,COF-C2-80,AB Stacking,25.043000,0.073000
10.1021_acs.chemmater.3c01952,10.1021_acs.chemmater.3c01952-p003-f01,10.1021_acs.chemmater.3c01952-p003-f01-s03,AB Stacking,COF-C2-80,AB Stacking,25.063000,0.073300
10.1021_acs.chemmater.3c01952,10.1021_acs.chemmater.3c01952-p003-f01,10.1021_acs.chemmater.3c01952-p003-f01-s03,AB Stacking,COF-C2-80,AB Stacking,25.083000,0.073700
10.1021_acs.chemmater.3c01952,10.1021_acs.chemmater.3c01952-p003-f01,10.1021_acs.chemmater.3c01952-p003-f01-s03,AB Stacking,COF-C2-80,AB Stacking,25.103000,0.074000
10.1021_acs.chemmater.3c01952,10.1021_acs.chemmater.3c01952-p003-f01,10.1021_acs.chemmater.3c01952-p003-f01-s03,AB Stacking,COF-C2-80,AB Stacking,25.123000,0.074400
10.1021_acs.chemmater.3c01952,10.1021_acs.chemmater.3c01952-p003-f01,10.1021_acs.chemmater.3c01952-p003-f01-s03,AB Stacking,COF-C2-80,AB Stacking,25.143000,0.074700
10.1021_acs.chemmater.3c01952,10.1021_acs.chemmater.3c01952-p003-f01,10.1021_acs.chemmater.3c01952-p003-f01-s03,AB Stacking,COF-C2-80,AB Stacking,25.163000,0.075100
10.1021_acs.chemmater.3c01952,10.1021_acs.chemmater.3c01952-p003-f01,10.1021_acs.chemmater.3c01952-p003-f01-s03,AB Stacking,COF-C2-80,AB Stacking,25.183000,0.075400
10.1021_acs.chemmater.3c01952,10.1021_acs.chemmater.3c01952-p003-f01,10.1021_acs.chemmater.3c01952-p003-f01-s03,AB Stacking,COF-C2-80,AB Stacking,25.203000,0.075800
10.1021_acs.chemmater.3c01952,10.1021_acs.chemmater.3c01952-p003-f01,10.1021_acs.chemmater.3c01952-p003-f01-s03,AB Stacking,COF-C2-80,AB Stacking,25.223000,0.076100
10.1021_acs.chemmater.3c01952,10.1021_acs.chemmater.3c01952-p003-f01,10.1021_acs.chemmater.3c01952-p003-f01-s03,AB Stacking,COF-C2-80,AB Stacking,25.243000,0.076500
10.1021_acs.chemmater.3c01952,10.1021_acs.chemmater.3c01952-p003-f01,10.1021_acs.chemmater.3c01952-p003-f01-s03,AB Stacking,COF-C2-80,AB Stacking,25.263000,0.076800
10.1021_acs.chemmater.3c01952,10.1021_acs.chemmater.3c01952-p003-f01,10.1021_acs.chemmater.3c01952-p003-f01-s03,AB Stacking,COF-C2-80,AB Stacking,25.283000,0.077200
10.1021_acs.chemmater.3c01952,10.1021_acs.chemmater.3c01952-p003-f01,10.1021_acs.chemmater.3c01952-p003-f01-s03,AB Stacking,COF-C2-80,AB Stacking,25.303000,0.077500
10.1021_acs.chemmater.3c01952,10.1021_acs.chemmater.3c01952-p003-f01,10.1021_acs.chemmater.3c01952-p003-f01-s03,AB Stacking,COF-C2-80,AB Stacking,25.323000,0.077900
10.1021_acs.chemmater.3c01952,10.1021_acs.chemmater.3c01952-p003-f01,10.1021_acs.chemmater.3c01952-p003-f01-s03,AB Stacking,COF-C2-80,AB Stacking,25.343000,0.078300
10.1021_acs.chemmater.3c01952,10.1021_acs.chemmater.3c01952-p003-f01,10.1021_acs.chemmater.3c01952-p003-f01-s03,AB Stacking,COF-C2-80,AB Stacking,25.363000,0.078600
10.1021_acs.chemmater.3c01952,10.1021_acs.chemmater.3c01952-p003-f01,10.1021_acs.chemmater.3c01952-p003-f01-s03,AB Stacking,COF-C2-80,AB Stacking,25.383000,0.079000
10.1021_acs.chemmater.3c01952,10.1021_acs.chemmater.3c01952-p003-f01,10.1021_acs.chemmater.3c01952-p003-f01-s03,AB Stacking,COF-C2-80,AB Stacking,25.403000,0.079400
10.1021_acs.chemmater.3c01952,10.1021_acs.chemmater.3c01952-p003-f01,10.1021_acs.chemmater.3c01952-p003-f01-s03,AB Stacking,COF-C2-80,AB Stacking,25.423000,0.079700
10.1021_acs.chemmater.3c01952,10.1021_acs.chemmater.3c01952-p003-f01,10.1021_acs.chemmater.3c01952-p003-f01-s03,AB Stacking,COF-C2-80,AB Stacking,25.443000,0.080100
10.1021_acs.chemmater.3c01952,10.1021_acs.chemmater.3c01952-p003-f01,10.1021_acs.chemmater.3c01952-p003-f01-s03,AB Stacking,COF-C2-80,AB Stacking,25.463000,0.080500
10.1021_acs.chemmater.3c01952,10.1021_acs.chemmater.3c01952-p003-f01,10.1021_acs.chemmater.3c01952-p003-f01-s03,AB Stacking,COF-C2-80,AB Stacking,25.483000,0.080800
10.1021_acs.chemmater.3c01952,10.1021_acs.chemmater.3c01952-p003-f01,10.1021_acs.chemmater.3c01952-p003-f01-s03,AB Stacking,COF-C2-80,AB Stacking,25.503000,0.081200
10.1021_acs.chemmater.3c01952,10.1021_acs.chemmater.3c01952-p003-f01,10.1021_acs.chemmater.3c01952-p003-f01-s03,AB Stacking,COF-C2-80,AB Stacking,25.523000,0.081600
10.1021_acs.chemmater.3c01952,10.1021_acs.chemmater.3c01952-p003-f01,10.1021_acs.chemmater.3c01952-p003-f01-s03,AB Stacking,COF-C2-80,AB Stacking,25.543000,0.082000
10.1021_acs.chemmater.3c01952,10.1021_acs.chemmater.3c01952-p003-f01,10.1021_acs.chemmater.3c01952-p003-f01-s03,AB Stacking,COF-C2-80,AB Stacking,25.563000,0.082300
10.1021_acs.chemmater.3c01952,10.1021_acs.chemmater.3c01952-p003-f01,10.1021_acs.chemmater.3c01952-p003-f01-s03,AB Stacking,COF-C2-80,AB Stacking,25.583000,0.082700
10.1021_acs.chemmater.3c01952,10.1021_acs.chemmater.3c01952-p003-f01,10.1021_acs.chemmater.3c01952-p003-f01-s03,AB Stacking,COF-C2-80,AB Stacking,25.603000,0.083100
10.1021_acs.chemmater.3c01952,10.1021_acs.chemmater.3c01952-p003-f01,10.1021_acs.chemmater.3c01952-p003-f01-s03,AB Stacking,COF-C2-80,AB Stacking,25.623000,0.083500
10.1021_acs.chemmater.3c01952,10.1021_acs.chemmater.3c01952-p003-f01,10.1021_acs.chemmater.3c01952-p003-f01-s03,AB Stacking,COF-C2-80,AB Stacking,25.643000,0.083900
10.1021_acs.chemmater.3c01952,10.1021_acs.chemmater.3c01952-p003-f01,10.1021_acs.chemmater.3c01952-p003-f01-s03,AB Stacking,COF-C2-80,AB Stacking,25.663000,0.084300
10.1021_acs.chemmater.3c01952,10.1021_acs.chemmater.3c01952-p003-f01,10.1021_acs.chemmater.3c01952-p003-f01-s03,AB Stacking,COF-C2-80,AB Stacking,25.683000,0.084700
10.1021_acs.chemmater.3c01952,10.1021_acs.chemmater.3c01952-p003-f01,10.1021_acs.chemmater.3c01952-p003-f01-s03,AB Stacking,COF-C2-80,AB Stacking,25.703000,0.085100
10.1021_acs.chemmater.3c01952,10.1021_acs.chemmater.3c01952-p003-f01,10.1021_acs.chemmater.3c01952-p003-f01-s03,AB Stacking,COF-C2-80,AB Stacking,25.723000,0.085400
10.1021_acs.chemmater.3c01952,10.1021_acs.chemmater.3c01952-p003-f01,10.1021_acs.chemmater.3c01952-p003-f01-s03,AB Stacking,COF-C2-80,AB Stacking,25.743000,0.085800
10.1021_acs.chemmater.3c01952,10.1021_acs.chemmater.3c01952-p003-f01,10.1021_acs.chemmater.3c01952-p003-f01-s03,AB Stacking,COF-C2-80,AB Stacking,25.763000,0.086200
10.1021_acs.chemmater.3c01952,10.1021_acs.chemmater.3c01952-p003-f01,10.1021_acs.chemmater.3c01952-p003-f01-s03,AB Stacking,COF-C2-80,AB Stacking,25.783000,0.086600
10.1021_acs.chemmater.3c01952,10.1021_acs.chemmater.3c01952-p003-f01,10.1021_acs.chemmater.3c01952-p003-f01-s03,AB Stacking,COF-C2-80,AB Stacking,25.803000,0.087000
10.1021_acs.chemmater.3c01952,10.1021_acs.chemmater.3c01952-p003-f01,10.1021_acs.chemmater.3c01952-p003-f01-s03,AB Stacking,COF-C2-80,AB Stacking,25.823000,0.087400
10.1021_acs.chemmater.3c01952,10.1021_acs.chemmater.3c01952-p003-f01,10.1021_acs.chemmater.3c01952-p003-f01-s03,AB Stacking,COF-C2-80,AB Stacking,25.843000,0.087800
10.1021_acs.chemmater.3c01952,10.1021_acs.chemmater.3c01952-p003-f01,10.1021_acs.chemmater.3c01952-p003-f01-s03,AB Stacking,COF-C2-80,AB Stacking,25.863000,0.088300
10.1021_acs.chemmater.3c01952,10.1021_acs.chemmater.3c01952-p003-f01,10.1021_acs.chemmater.3c01952-p003-f01-s03,AB Stacking,COF-C2-80,AB Stacking,25.883000,0.088700
10.1021_acs.chemmater.3c01952,10.1021_acs.chemmater.3c01952-p003-f01,10.1021_acs.chemmater.3c01952-p003-f01-s03,AB Stacking,COF-C2-80,AB Stacking,25.903000,0.089100
10.1021_acs.chemmater.3c01952,10.1021_acs.chemmater.3c01952-p003-f01,10.1021_acs.chemmater.3c01952-p003-f01-s03,AB Stacking,COF-C2-80,AB Stacking,25.923000,0.089500
10.1021_acs.chemmater.3c01952,10.1021_acs.chemmater.3c01952-p003-f01,10.1021_acs.chemmater.3c01952-p003-f01-s03,AB Stacking,COF-C2-80,AB Stacking,25.943000,0.089900
10.1021_acs.chemmater.3c01952,10.1021_acs.chemmater.3c01952-p003-f01,10.1021_acs.chemmater.3c01952-p003-f01-s03,AB Stacking,COF-C2-80,AB Stacking,25.963000,0.090300
10.1021_acs.chemmater.3c01952,10.1021_acs.chemmater.3c01952-p003-f01,10.1021_acs.chemmater.3c01952-p003-f01-s03,AB Stacking,COF-C2-80,AB Stacking,25.983000,0.090700
10.1021_acs.chemmater.3c01952,10.1021_acs.chemmater.3c01952-p003-f01,10.1021_acs.chemmater.3c01952-p003-f01-s03,AB Stacking,COF-C2-80,AB Stacking,26.003000,0.091100
10.1021_acs.chemmater.3c01952,10.1021_acs.chemmater.3c01952-p003-f01,10.1021_acs.chemmater.3c01952-p003-f01-s03,AB Stacking,COF-C2-80,AB Stacking,26.023000,0.091600
10.1021_acs.chemmater.3c01952,10.1021_acs.chemmater.3c01952-p003-f01,10.1021_acs.chemmater.3c01952-p003-f01-s03,AB Stacking,COF-C2-80,AB Stacking,26.043000,0.092000
10.1021_acs.chemmater.3c01952,10.1021_acs.chemmater.3c01952-p003-f01,10.1021_acs.chemmater.3c01952-p003-f01-s03,AB Stacking,COF-C2-80,AB Stacking,26.063000,0.092400
10.1021_acs.chemmater.3c01952,10.1021_acs.chemmater.3c01952-p003-f01,10.1021_acs.chemmater.3c01952-p003-f01-s03,AB Stacking,COF-C2-80,AB Stacking,26.083000,0.092800
10.1021_acs.chemmater.3c01952,10.1021_acs.chemmater.3c01952-p003-f01,10.1021_acs.chemmater.3c01952-p003-f01-s03,AB Stacking,COF-C2-80,AB Stacking,26.103000,0.093300
10.1021_acs.chemmater.3c01952,10.1021_acs.chemmater.3c01952-p003-f01,10.1021_acs.chemmater.3c01952-p003-f01-s03,AB Stacking,COF-C2-80,AB Stacking,26.123000,0.093700
10.1021_acs.chemmater.3c01952,10.1021_acs.chemmater.3c01952-p003-f01,10.1021_acs.chemmater.3c01952-p003-f01-s03,AB Stacking,COF-C2-80,AB Stacking,26.143000,0.094100
10.1021_acs.chemmater.3c01952,10.1021_acs.chemmater.3c01952-p003-f01,10.1021_acs.chemmater.3c01952-p003-f01-s03,AB Stacking,COF-C2-80,AB Stacking,26.163000,0.094600
10.1021_acs.chemmater.3c01952,10.1021_acs.chemmater.3c01952-p003-f01,10.1021_acs.chemmater.3c01952-p003-f01-s03,AB Stacking,COF-C2-80,AB Stacking,26.183000,0.095000
10.1021_acs.chemmater.3c01952,10.1021_acs.chemmater.3c01952-p003-f01,10.1021_acs.chemmater.3c01952-p003-f01-s03,AB Stacking,COF-C2-80,AB Stacking,26.203000,0.095400
10.1021_acs.chemmater.3c01952,10.1021_acs.chemmater.3c01952-p003-f01,10.1021_acs.chemmater.3c01952-p003-f01-s03,AB Stacking,COF-C2-80,AB Stacking,26.223000,0.095900
10.1021_acs.chemmater.3c01952,10.1021_acs.chemmater.3c01952-p003-f01,10.1021_acs.chemmater.3c01952-p003-f01-s03,AB Stacking,COF-C2-80,AB Stacking,26.243000,0.096300
10.1021_acs.chemmater.3c01952,10.1021_acs.chemmater.3c01952-p003-f01,10.1021_acs.chemmater.3c01952-p003-f01-s03,AB Stacking,COF-C2-80,AB Stacking,26.263000,0.096700
10.1021_acs.chemmater.3c01952,10.1021_acs.chemmater.3c01952-p003-f01,10.1021_acs.chemmater.3c01952-p003-f01-s03,AB Stacking,COF-C2-80,AB Stacking,26.283000,0.097200
10.1021_acs.chemmater.3c01952,10.1021_acs.chemmater.3c01952-p003-f01,10.1021_acs.chemmater.3c01952-p003-f01-s03,AB Stacking,COF-C2-80,AB Stacking,26.303000,0.097600
10.1021_acs.chemmater.3c01952,10.1021_acs.chemmater.3c01952-p003-f01,10.1021_acs.chemmater.3c01952-p003-f01-s03,AB Stacking,COF-C2-80,AB Stacking,26.323000,0.098100
10.1021_acs.chemmater.3c01952,10.1021_acs.chemmater.3c01952-p003-f01,10.1021_acs.chemmater.3c01952-p003-f01-s03,AB Stacking,COF-C2-80,AB Stacking,26.343000,0.098500
10.1021_acs.chemmater.3c01952,10.1021_acs.chemmater.3c01952-p003-f01,10.1021_acs.chemmater.3c01952-p003-f01-s03,AB Stacking,COF-C2-80,AB Stacking,26.363000,0.099000
10.1021_acs.chemmater.3c01952,10.1021_acs.chemmater.3c01952-p003-f01,10.1021_acs.chemmater.3c01952-p003-f01-s03,AB Stacking,COF-C2-80,AB Stacking,26.383000,0.099400
10.1021_acs.chemmater.3c01952,10.1021_acs.chemmater.3c01952-p003-f01,10.1021_acs.chemmater.3c01952-p003-f01-s03,AB Stacking,COF-C2-80,AB Stacking,26.403000,0.099900
10.1021_acs.chemmater.3c01952,10.1021_acs.chemmater.3c01952-p003-f01,10.1021_acs.chemmater.3c01952-p003-f01-s03,AB Stacking,COF-C2-80,AB Stacking,26.423000,0.100300
10.1021_acs.chemmater.3c01952,10.1021_acs.chemmater.3c01952-p003-f01,10.1021_acs.chemmater.3c01952-p003-f01-s03,AB Stacking,COF-C2-80,AB Stacking,26.443000,0.099600
10.1021_acs.chemmater.3c01952,10.1021_acs.chemmater.3c01952-p003-f01,10.1021_acs.chemmater.3c01952-p003-f01-s03,AB Stacking,COF-C2-80,AB Stacking,26.463000,0.098400
10.1021_acs.chemmater.3c01952,10.1021_acs.chemmater.3c01952-p003-f01,10.1021_acs.chemmater.3c01952-p003-f01-s03,AB Stacking,COF-C2-80,AB Stacking,26.483000,0.098500
10.1021_acs.chemmater.3c01952,10.1021_acs.chemmater.3c01952-p003-f01,10.1021_acs.chemmater.3c01952-p003-f01-s03,AB Stacking,COF-C2-80,AB Stacking,26.503000,0.101900
10.1021_acs.chemmater.3c01952,10.1021_acs.chemmater.3c01952-p003-f01,10.1021_acs.chemmater.3c01952-p003-f01-s03,AB Stacking,COF-C2-80,AB Stacking,26.523000,0.110000
10.1021_acs.chemmater.3c01952,10.1021_acs.chemmater.3c01952-p003-f01,10.1021_acs.chemmater.3c01952-p003-f01-s03,AB Stacking,COF-C2-80,AB Stacking,26.543000,0.123500
10.1021_acs.chemmater.3c01952,10.1021_acs.chemmater.3c01952-p003-f01,10.1021_acs.chemmater.3c01952-p003-f01-s03,AB Stacking,COF-C2-80,AB Stacking,26.563000,0.142500
10.1021_acs.chemmater.3c01952,10.1021_acs.chemmater.3c01952-p003-f01,10.1021_acs.chemmater.3c01952-p003-f01-s03,AB Stacking,COF-C2-80,AB Stacking,26.583000,0.150400
10.1021_acs.chemmater.3c01952,10.1021_acs.chemmater.3c01952-p003-f01,10.1021_acs.chemmater.3c01952-p003-f01-s03,AB Stacking,COF-C2-80,AB Stacking,26.603000,0.142300
10.1021_acs.chemmater.3c01952,10.1021_acs.chemmater.3c01952-p003-f01,10.1021_acs.chemmater.3c01952-p003-f01-s03,AB Stacking,COF-C2-80,AB Stacking,26.623000,0.085500
10.1021_acs.chemmater.3c01952,10.1021_acs.chemmater.3c01952-p003-f01,10.1021_acs.chemmater.3c01952-p003-f01-s03,AB Stacking,COF-C2-80,AB Stacking,26.643000,0.122200
10.1021_acs.chemmater.3c01952,10.1021_acs.chemmater.3c01952-p003-f01,10.1021_acs.chemmater.3c01952-p003-f01-s03,AB Stacking,COF-C2-80,AB Stacking,26.663000,0.351900
10.1021_acs.chemmater.3c01952,10.1021_acs.chemmater.3c01952-p003-f01,10.1021_acs.chemmater.3c01952-p003-f01-s03,AB Stacking,COF-C2-80,AB Stacking,26.683000,0.863300
10.1021_acs.chemmater.3c01952,10.1021_acs.chemmater.3c01952-p003-f01,10.1021_acs.chemmater.3c01952-p003-f01-s03,AB Stacking,COF-C2-80,AB Stacking,26.703000,1.551900
10.1021_acs.chemmater.3c01952,10.1021_acs.chemmater.3c01952-p003-f01,10.1021_acs.chemmater.3c01952-p003-f01-s03,AB Stacking,COF-C2-80,AB Stacking,26.723000,2.342700
10.1021_acs.chemmater.3c01952,10.1021_acs.chemmater.3c01952-p003-f01,10.1021_acs.chemmater.3c01952-p003-f01-s03,AB Stacking,COF-C2-80,AB Stacking,26.743000,3.190100
10.1021_acs.chemmater.3c01952,10.1021_acs.chemmater.3c01952-p003-f01,10.1021_acs.chemmater.3c01952-p003-f01-s03,AB Stacking,COF-C2-80,AB Stacking,26.763000,3.976300
10.1021_acs.chemmater.3c01952,10.1021_acs.chemmater.3c01952-p003-f01,10.1021_acs.chemmater.3c01952-p003-f01-s03,AB Stacking,COF-C2-80,AB Stacking,26.783000,4.585200
10.1021_acs.chemmater.3c01952,10.1021_acs.chemmater.3c01952-p003-f01,10.1021_acs.chemmater.3c01952-p003-f01-s03,AB Stacking,COF-C2-80,AB Stacking,26.803000,4.943400
10.1021_acs.chemmater.3c01952,10.1021_acs.chemmater.3c01952-p003-f01,10.1021_acs.chemmater.3c01952-p003-f01-s03,AB Stacking,COF-C2-80,AB Stacking,26.823000,5.116900
10.1021_acs.chemmater.3c01952,10.1021_acs.chemmater.3c01952-p003-f01,10.1021_acs.chemmater.3c01952-p003-f01-s03,AB Stacking,COF-C2-80,AB Stacking,26.843000,5.138800
10.1021_acs.chemmater.3c01952,10.1021_acs.chemmater.3c01952-p003-f01,10.1021_acs.chemmater.3c01952-p003-f01-s03,AB Stacking,COF-C2-80,AB Stacking,26.863000,4.970800
10.1021_acs.chemmater.3c01952,10.1021_acs.chemmater.3c01952-p003-f01,10.1021_acs.chemmater.3c01952-p003-f01-s03,AB Stacking,COF-C2-80,AB Stacking,26.883000,4.709800
10.1021_acs.chemmater.3c01952,10.1021_acs.chemmater.3c01952-p003-f01,10.1021_acs.chemmater.3c01952-p003-f01-s03,AB Stacking,COF-C2-80,AB Stacking,26.903000,4.220500
10.1021_acs.chemmater.3c01952,10.1021_acs.chemmater.3c01952-p003-f01,10.1021_acs.chemmater.3c01952-p003-f01-s03,AB Stacking,COF-C2-80,AB Stacking,26.923000,3.546900
10.1021_acs.chemmater.3c01952,10.1021_acs.chemmater.3c01952-p003-f01,10.1021_acs.chemmater.3c01952-p003-f01-s03,AB Stacking,COF-C2-80,AB Stacking,26.943000,2.846500
10.1021_acs.chemmater.3c01952,10.1021_acs.chemmater.3c01952-p003-f01,10.1021_acs.chemmater.3c01952-p003-f01-s03,AB Stacking,COF-C2-80,AB Stacking,26.963000,2.113600
10.1021_acs.chemmater.3c01952,10.1021_acs.chemmater.3c01952-p003-f01,10.1021_acs.chemmater.3c01952-p003-f01-s03,AB Stacking,COF-C2-80,AB Stacking,26.983000,1.416900
10.1021_acs.chemmater.3c01952,10.1021_acs.chemmater.3c01952-p003-f01,10.1021_acs.chemmater.3c01952-p003-f01-s03,AB Stacking,COF-C2-80,AB Stacking,27.003000,0.856800
10.1021_acs.chemmater.3c01952,10.1021_acs.chemmater.3c01952-p003-f01,10.1021_acs.chemmater.3c01952-p003-f01-s03,AB Stacking,COF-C2-80,AB Stacking,27.023000,0.531600
10.1021_acs.chemmater.3c01952,10.1021_acs.chemmater.3c01952-p003-f01,10.1021_acs.chemmater.3c01952-p003-f01-s03,AB Stacking,COF-C2-80,AB Stacking,27.043000,0.312200
10.1021_acs.chemmater.3c01952,10.1021_acs.chemmater.3c01952-p003-f01,10.1021_acs.chemmater.3c01952-p003-f01-s03,AB Stacking,COF-C2-80,AB Stacking,27.063000,0.164200
10.1021_acs.chemmater.3c01952,10.1021_acs.chemmater.3c01952-p003-f01,10.1021_acs.chemmater.3c01952-p003-f01-s03,AB Stacking,COF-C2-80,AB Stacking,27.083000,0.124400
10.1021_acs.chemmater.3c01952,10.1021_acs.chemmater.3c01952-p003-f01,10.1021_acs.chemmater.3c01952-p003-f01-s03,AB Stacking,COF-C2-80,AB Stacking,27.103000,0.092100
10.1021_acs.chemmater.3c01952,10.1021_acs.chemmater.3c01952-p003-f01,10.1021_acs.chemmater.3c01952-p003-f01-s03,AB Stacking,COF-C2-80,AB Stacking,27.123000,0.071600
10.1021_acs.chemmater.3c01952,10.1021_acs.chemmater.3c01952-p003-f01,10.1021_acs.chemmater.3c01952-p003-f01-s03,AB Stacking,COF-C2-80,AB Stacking,27.143000,0.104600
10.1021_acs.chemmater.3c01952,10.1021_acs.chemmater.3c01952-p003-f01,10.1021_acs.chemmater.3c01952-p003-f01-s03,AB Stacking,COF-C2-80,AB Stacking,27.163000,0.118500
10.1021_acs.chemmater.3c01952,10.1021_acs.chemmater.3c01952-p003-f01,10.1021_acs.chemmater.3c01952-p003-f01-s03,AB Stacking,COF-C2-80,AB Stacking,27.183000,0.119100
10.1021_acs.chemmater.3c01952,10.1021_acs.chemmater.3c01952-p003-f01,10.1021_acs.chemmater.3c01952-p003-f01-s03,AB Stacking,COF-C2-80,AB Stacking,27.203000,0.119600
10.1021_acs.chemmater.3c01952,10.1021_acs.chemmater.3c01952-p003-f01,10.1021_acs.chemmater.3c01952-p003-f01-s03,AB Stacking,COF-C2-80,AB Stacking,27.223000,0.120100
10.1021_acs.chemmater.3c01952,10.1021_acs.chemmater.3c01952-p003-f01,10.1021_acs.chemmater.3c01952-p003-f01-s03,AB Stacking,COF-C2-80,AB Stacking,27.243000,0.120600
10.1021_acs.chemmater.3c01952,10.1021_acs.chemmater.3c01952-p003-f01,10.1021_acs.chemmater.3c01952-p003-f01-s03,AB Stacking,COF-C2-80,AB Stacking,27.263000,0.121200
10.1021_acs.chemmater.3c01952,10.1021_acs.chemmater.3c01952-p003-f01,10.1021_acs.chemmater.3c01952-p003-f01-s03,AB Stacking,COF-C2-80,AB Stacking,27.283000,0.121700
10.1021_acs.chemmater.3c01952,10.1021_acs.chemmater.3c01952-p003-f01,10.1021_acs.chemmater.3c01952-p003-f01-s03,AB Stacking,COF-C2-80,AB Stacking,27.303000,0.122300
10.1021_acs.chemmater.3c01952,10.1021_acs.chemmater.3c01952-p003-f01,10.1021_acs.chemmater.3c01952-p003-f01-s03,AB Stacking,COF-C2-80,AB Stacking,27.323000,0.122800
10.1021_acs.chemmater.3c01952,10.1021_acs.chemmater.3c01952-p003-f01,10.1021_acs.chemmater.3c01952-p003-f01-s03,AB Stacking,COF-C2-80,AB Stacking,27.343000,0.123300
10.1021_acs.chemmater.3c01952,10.1021_acs.chemmater.3c01952-p003-f01,10.1021_acs.chemmater.3c01952-p003-f01-s03,AB Stacking,COF-C2-80,AB Stacking,27.363000,0.123900
10.1021_acs.chemmater.3c01952,10.1021_acs.chemmater.3c01952-p003-f01,10.1021_acs.chemmater.3c01952-p003-f01-s03,AB Stacking,COF-C2-80,AB Stacking,27.383000,0.124400
10.1021_acs.chemmater.3c01952,10.1021_acs.chemmater.3c01952-p003-f01,10.1021_acs.chemmater.3c01952-p003-f01-s03,AB Stacking,COF-C2-80,AB Stacking,27.403000,0.125000
10.1021_acs.chemmater.3c01952,10.1021_acs.chemmater.3c01952-p003-f01,10.1021_acs.chemmater.3c01952-p003-f01-s03,AB Stacking,COF-C2-80,AB Stacking,27.423000,0.125500
10.1021_acs.chemmater.3c01952,10.1021_acs.chemmater.3c01952-p003-f01,10.1021_acs.chemmater.3c01952-p003-f01-s03,AB Stacking,COF-C2-80,AB Stacking,27.443000,0.126100
10.1021_acs.chemmater.3c01952,10.1021_acs.chemmater.3c01952-p003-f01,10.1021_acs.chemmater.3c01952-p003-f01-s03,AB Stacking,COF-C2-80,AB Stacking,27.463000,0.126600
10.1021_acs.chemmater.3c01952,10.1021_acs.chemmater.3c01952-p003-f01,10.1021_acs.chemmater.3c01952-p003-f01-s03,AB Stacking,COF-C2-80,AB Stacking,27.483000,0.127200
10.1021_acs.chemmater.3c01952,10.1021_acs.chemmater.3c01952-p003-f01,10.1021_acs.chemmater.3c01952-p003-f01-s03,AB Stacking,COF-C2-80,AB Stacking,27.503000,0.127700
10.1021_acs.chemmater.3c01952,10.1021_acs.chemmater.3c01952-p003-f01,10.1021_acs.chemmater.3c01952-p003-f01-s03,AB Stacking,COF-C2-80,AB Stacking,27.523000,0.128300
10.1021_acs.chemmater.3c01952,10.1021_acs.chemmater.3c01952-p003-f01,10.1021_acs.chemmater.3c01952-p003-f01-s03,AB Stacking,COF-C2-80,AB Stacking,27.543000,0.128800
10.1021_acs.chemmater.3c01952,10.1021_acs.chemmater.3c01952-p003-f01,10.1021_acs.chemmater.3c01952-p003-f01-s03,AB Stacking,COF-C2-80,AB Stacking,27.563000,0.129400
10.1021_acs.chemmater.3c01952,10.1021_acs.chemmater.3c01952-p003-f01,10.1021_acs.chemmater.3c01952-p003-f01-s03,AB Stacking,COF-C2-80,AB Stacking,27.583000,0.129900
10.1021_acs.chemmater.3c01952,10.1021_acs.chemmater.3c01952-p003-f01,10.1021_acs.chemmater.3c01952-p003-f01-s03,AB Stacking,COF-C2-80,AB Stacking,27.603000,0.130500
10.1021_acs.chemmater.3c01952,10.1021_acs.chemmater.3c01952-p003-f01,10.1021_acs.chemmater.3c01952-p003-f01-s03,AB Stacking,COF-C2-80,AB Stacking,27.623000,0.131100
10.1021_acs.chemmater.3c01952,10.1021_acs.chemmater.3c01952-p003-f01,10.1021_acs.chemmater.3c01952-p003-f01-s03,AB Stacking,COF-C2-80,AB Stacking,27.643000,0.131600
10.1021_acs.chemmater.3c01952,10.1021_acs.chemmater.3c01952-p003-f01,10.1021_acs.chemmater.3c01952-p003-f01-s03,AB Stacking,COF-C2-80,AB Stacking,27.663000,0.132200
10.1021_acs.chemmater.3c01952,10.1021_acs.chemmater.3c01952-p003-f01,10.1021_acs.chemmater.3c01952-p003-f01-s03,AB Stacking,COF-C2-80,AB Stacking,27.683000,0.132800
10.1021_acs.chemmater.3c01952,10.1021_acs.chemmater.3c01952-p003-f01,10.1021_acs.chemmater.3c01952-p003-f01-s03,AB Stacking,COF-C2-80,AB Stacking,27.703000,0.133300
10.1021_acs.chemmater.3c01952,10.1021_acs.chemmater.3c01952-p003-f01,10.1021_acs.chemmater.3c01952-p003-f01-s03,AB Stacking,COF-C2-80,AB Stacking,27.723000,0.133900
10.1021_acs.chemmater.3c01952,10.1021_acs.chemmater.3c01952-p003-f01,10.1021_acs.chemmater.3c01952-p003-f01-s03,AB Stacking,COF-C2-80,AB Stacking,27.743000,0.134500
10.1021_acs.chemmater.3c01952,10.1021_acs.chemmater.3c01952-p003-f01,10.1021_acs.chemmater.3c01952-p003-f01-s03,AB Stacking,COF-C2-80,AB Stacking,27.763000,0.135000
10.1021_acs.chemmater.3c01952,10.1021_acs.chemmater.3c01952-p003-f01,10.1021_acs.chemmater.3c01952-p003-f01-s03,AB Stacking,COF-C2-80,AB Stacking,27.783000,0.135600
10.1021_acs.chemmater.3c01952,10.1021_acs.chemmater.3c01952-p003-f01,10.1021_acs.chemmater.3c01952-p003-f01-s03,AB Stacking,COF-C2-80,AB Stacking,27.803000,0.136200
10.1021_acs.chemmater.3c01952,10.1021_acs.chemmater.3c01952-p003-f01,10.1021_acs.chemmater.3c01952-p003-f01-s03,AB Stacking,COF-C2-80,AB Stacking,27.823000,0.136800
10.1021_acs.chemmater.3c01952,10.1021_acs.chemmater.3c01952-p003-f01,10.1021_acs.chemmater.3c01952-p003-f01-s03,AB Stacking,COF-C2-80,AB Stacking,27.843000,0.137300
10.1021_acs.chemmater.3c01952,10.1021_acs.chemmater.3c01952-p003-f01,10.1021_acs.chemmater.3c01952-p003-f01-s03,AB Stacking,COF-C2-80,AB Stacking,27.863000,0.137900
10.1021_acs.chemmater.3c01952,10.1021_acs.chemmater.3c01952-p003-f01,10.1021_acs.chemmater.3c01952-p003-f01-s03,AB Stacking,COF-C2-80,AB Stacking,27.883000,0.138500
10.1021_acs.chemmater.3c01952,10.1021_acs.chemmater.3c01952-p003-f01,10.1021_acs.chemmater.3c01952-p003-f01-s03,AB Stacking,COF-C2-80,AB Stacking,27.903000,0.139100
10.1021_acs.chemmater.3c01952,10.1021_acs.chemmater.3c01952-p003-f01,10.1021_acs.chemmater.3c01952-p003-f01-s03,AB Stacking,COF-C2-80,AB Stacking,27.923000,0.139700
10.1021_acs.chemmater.3c01952,10.1021_acs.chemmater.3c01952-p003-f01,10.1021_acs.chemmater.3c01952-p003-f01-s03,AB Stacking,COF-C2-80,AB Stacking,27.943000,0.140300
10.1021_acs.chemmater.3c01952,10.1021_acs.chemmater.3c01952-p003-f01,10.1021_acs.chemmater.3c01952-p003-f01-s03,AB Stacking,COF-C2-80,AB Stacking,27.963000,0.140800
10.1021_acs.chemmater.3c01952,10.1021_acs.chemmater.3c01952-p003-f01,10.1021_acs.chemmater.3c01952-p003-f01-s03,AB Stacking,COF-C2-80,AB Stacking,27.983000,0.141400
10.1021_acs.chemmater.3c01952,10.1021_acs.chemmater.3c01952-p003-f01,10.1021_acs.chemmater.3c01952-p003-f01-s03,AB Stacking,COF-C2-80,AB Stacking,28.003000,0.142000
10.1021_acs.chemmater.3c01952,10.1021_acs.chemmater.3c01952-p003-f01,10.1021_acs.chemmater.3c01952-p003-f01-s03,AB Stacking,COF-C2-80,AB Stacking,28.023000,0.142600
10.1021_acs.chemmater.3c01952,10.1021_acs.chemmater.3c01952-p003-f01,10.1021_acs.chemmater.3c01952-p003-f01-s03,AB Stacking,COF-C2-80,AB Stacking,28.043000,0.143200
10.1021_acs.chemmater.3c01952,10.1021_acs.chemmater.3c01952-p003-f01,10.1021_acs.chemmater.3c01952-p003-f01-s03,AB Stacking,COF-C2-80,AB Stacking,28.063000,0.143800
10.1021_acs.chemmater.3c01952,10.1021_acs.chemmater.3c01952-p003-f01,10.1021_acs.chemmater.3c01952-p003-f01-s03,AB Stacking,COF-C2-80,AB Stacking,28.083000,0.144400
10.1021_acs.chemmater.3c01952,10.1021_acs.chemmater.3c01952-p003-f01,10.1021_acs.chemmater.3c01952-p003-f01-s03,AB Stacking,COF-C2-80,AB Stacking,28.103000,0.145000
10.1021_acs.chemmater.3c01952,10.1021_acs.chemmater.3c01952-p003-f01,10.1021_acs.chemmater.3c01952-p003-f01-s03,AB Stacking,COF-C2-80,AB Stacking,28.123000,0.145600
10.1021_acs.chemmater.3c01952,10.1021_acs.chemmater.3c01952-p003-f01,10.1021_acs.chemmater.3c01952-p003-f01-s03,AB Stacking,COF-C2-80,AB Stacking,28.143000,0.146200
10.1021_acs.chemmater.3c01952,10.1021_acs.chemmater.3c01952-p003-f01,10.1021_acs.chemmater.3c01952-p003-f01-s03,AB Stacking,COF-C2-80,AB Stacking,28.163000,0.146800
10.1021_acs.chemmater.3c01952,10.1021_acs.chemmater.3c01952-p003-f01,10.1021_acs.chemmater.3c01952-p003-f01-s03,AB Stacking,COF-C2-80,AB Stacking,28.183000,0.147400
10.1021_acs.chemmater.3c01952,10.1021_acs.chemmater.3c01952-p003-f01,10.1021_acs.chemmater.3c01952-p003-f01-s03,AB Stacking,COF-C2-80,AB Stacking,28.203000,0.148000
10.1021_acs.chemmater.3c01952,10.1021_acs.chemmater.3c01952-p003-f01,10.1021_acs.chemmater.3c01952-p003-f01-s03,AB Stacking,COF-C2-80,AB Stacking,28.223000,0.148600
10.1021_acs.chemmater.3c01952,10.1021_acs.chemmater.3c01952-p003-f01,10.1021_acs.chemmater.3c01952-p003-f01-s03,AB Stacking,COF-C2-80,AB Stacking,28.243000,0.149200
10.1021_acs.chemmater.3c01952,10.1021_acs.chemmater.3c01952-p003-f01,10.1021_acs.chemmater.3c01952-p003-f01-s03,AB Stacking,COF-C2-80,AB Stacking,28.263000,0.149800
10.1021_acs.chemmater.3c01952,10.1021_acs.chemmater.3c01952-p003-f01,10.1021_acs.chemmater.3c01952-p003-f01-s03,AB Stacking,COF-C2-80,AB Stacking,28.283000,0.150400
10.1021_acs.chemmater.3c01952,10.1021_acs.chemmater.3c01952-p003-f01,10.1021_acs.chemmater.3c01952-p003-f01-s03,AB Stacking,COF-C2-80,AB Stacking,28.303000,0.151000
10.1021_acs.chemmater.3c01952,10.1021_acs.chemmater.3c01952-p003-f01,10.1021_acs.chemmater.3c01952-p003-f01-s03,AB Stacking,COF-C2-80,AB Stacking,28.323000,0.151600
10.1021_acs.chemmater.3c01952,10.1021_acs.chemmater.3c01952-p003-f01,10.1021_acs.chemmater.3c01952-p003-f01-s03,AB Stacking,COF-C2-80,AB Stacking,28.343000,0.152200
10.1021_acs.chemmater.3c01952,10.1021_acs.chemmater.3c01952-p003-f01,10.1021_acs.chemmater.3c01952-p003-f01-s03,AB Stacking,COF-C2-80,AB Stacking,28.363000,0.152800
10.1021_acs.chemmater.3c01952,10.1021_acs.chemmater.3c01952-p003-f01,10.1021_acs.chemmater.3c01952-p003-f01-s03,AB Stacking,COF-C2-80,AB Stacking,28.383000,0.153400
10.1021_acs.chemmater.3c01952,10.1021_acs.chemmater.3c01952-p003-f01,10.1021_acs.chemmater.3c01952-p003-f01-s03,AB Stacking,COF-C2-80,AB Stacking,28.403000,0.154100
10.1021_acs.chemmater.3c01952,10.1021_acs.chemmater.3c01952-p003-f01,10.1021_acs.chemmater.3c01952-p003-f01-s03,AB Stacking,COF-C2-80,AB Stacking,28.423000,0.154700
10.1021_acs.chemmater.3c01952,10.1021_acs.chemmater.3c01952-p003-f01,10.1021_acs.chemmater.3c01952-p003-f01-s03,AB Stacking,COF-C2-80,AB Stacking,28.443000,0.155300
10.1021_acs.chemmater.3c01952,10.1021_acs.chemmater.3c01952-p003-f01,10.1021_acs.chemmater.3c01952-p003-f01-s03,AB Stacking,COF-C2-80,AB Stacking,28.463000,0.155900
10.1021_acs.chemmater.3c01952,10.1021_acs.chemmater.3c01952-p003-f01,10.1021_acs.chemmater.3c01952-p003-f01-s03,AB Stacking,COF-C2-80,AB Stacking,28.483000,0.156500
10.1021_acs.chemmater.3c01952,10.1021_acs.chemmater.3c01952-p003-f01,10.1021_acs.chemmater.3c01952-p003-f01-s03,AB Stacking,COF-C2-80,AB Stacking,28.503000,0.157100
10.1021_acs.chemmater.3c01952,10.1021_acs.chemmater.3c01952-p003-f01,10.1021_acs.chemmater.3c01952-p003-f01-s03,AB Stacking,COF-C2-80,AB Stacking,28.523000,0.157700
10.1021_acs.chemmater.3c01952,10.1021_acs.chemmater.3c01952-p003-f01,10.1021_acs.chemmater.3c01952-p003-f01-s03,AB Stacking,COF-C2-80,AB Stacking,28.543000,0.158400
10.1021_acs.chemmater.3c01952,10.1021_acs.chemmater.3c01952-p003-f01,10.1021_acs.chemmater.3c01952-p003-f01-s03,AB Stacking,COF-C2-80,AB Stacking,28.563000,0.159000
10.1021_acs.chemmater.3c01952,10.1021_acs.chemmater.3c01952-p003-f01,10.1021_acs.chemmater.3c01952-p003-f01-s03,AB Stacking,COF-C2-80,AB Stacking,28.583000,0.159600
10.1021_acs.chemmater.3c01952,10.1021_acs.chemmater.3c01952-p003-f01,10.1021_acs.chemmater.3c01952-p003-f01-s03,AB Stacking,COF-C2-80,AB Stacking,28.603000,0.160200
10.1021_acs.chemmater.3c01952,10.1021_acs.chemmater.3c01952-p003-f01,10.1021_acs.chemmater.3c01952-p003-f01-s03,AB Stacking,COF-C2-80,AB Stacking,28.623000,0.160900
10.1021_acs.chemmater.3c01952,10.1021_acs.chemmater.3c01952-p003-f01,10.1021_acs.chemmater.3c01952-p003-f01-s03,AB Stacking,COF-C2-80,AB Stacking,28.643000,0.161500
10.1021_acs.chemmater.3c01952,10.1021_acs.chemmater.3c01952-p003-f01,10.1021_acs.chemmater.3c01952-p003-f01-s03,AB Stacking,COF-C2-80,AB Stacking,28.663000,0.162100
10.1021_acs.chemmater.3c01952,10.1021_acs.chemmater.3c01952-p003-f01,10.1021_acs.chemmater.3c01952-p003-f01-s03,AB Stacking,COF-C2-80,AB Stacking,28.683000,0.162700
10.1021_acs.chemmater.3c01952,10.1021_acs.chemmater.3c01952-p003-f01,10.1021_acs.chemmater.3c01952-p003-f01-s03,AB Stacking,COF-C2-80,AB Stacking,28.703000,0.163400
10.1021_acs.chemmater.3c01952,10.1021_acs.chemmater.3c01952-p003-f01,10.1021_acs.chemmater.3c01952-p003-f01-s03,AB Stacking,COF-C2-80,AB Stacking,28.723000,0.164000
10.1021_acs.chemmater.3c01952,10.1021_acs.chemmater.3c01952-p003-f01,10.1021_acs.chemmater.3c01952-p003-f01-s03,AB Stacking,COF-C2-80,AB Stacking,28.743000,0.164600
10.1021_acs.chemmater.3c01952,10.1021_acs.chemmater.3c01952-p003-f01,10.1021_acs.chemmater.3c01952-p003-f01-s03,AB Stacking,COF-C2-80,AB Stacking,28.763000,0.165200
10.1021_acs.chemmater.3c01952,10.1021_acs.chemmater.3c01952-p003-f01,10.1021_acs.chemmater.3c01952-p003-f01-s03,AB Stacking,COF-C2-80,AB Stacking,28.783000,0.165900
10.1021_acs.chemmater.3c01952,10.1021_acs.chemmater.3c01952-p003-f01,10.1021_acs.chemmater.3c01952-p003-f01-s03,AB Stacking,COF-C2-80,AB Stacking,28.803000,0.166500
10.1021_acs.chemmater.3c01952,10.1021_acs.chemmater.3c01952-p003-f01,10.1021_acs.chemmater.3c01952-p003-f01-s03,AB Stacking,COF-C2-80,AB Stacking,28.823000,0.167100
10.1021_acs.chemmater.3c01952,10.1021_acs.chemmater.3c01952-p003-f01,10.1021_acs.chemmater.3c01952-p003-f01-s03,AB Stacking,COF-C2-80,AB Stacking,28.843000,0.167800
10.1021_acs.chemmater.3c01952,10.1021_acs.chemmater.3c01952-p003-f01,10.1021_acs.chemmater.3c01952-p003-f01-s03,AB Stacking,COF-C2-80,AB Stacking,28.863000,0.168400
10.1021_acs.chemmater.3c01952,10.1021_acs.chemmater.3c01952-p003-f01,10.1021_acs.chemmater.3c01952-p003-f01-s03,AB Stacking,COF-C2-80,AB Stacking,28.883000,0.169000
10.1021_acs.chemmater.3c01952,10.1021_acs.chemmater.3c01952-p003-f01,10.1021_acs.chemmater.3c01952-p003-f01-s03,AB Stacking,COF-C2-80,AB Stacking,28.903000,0.169700
10.1021_acs.chemmater.3c01952,10.1021_acs.chemmater.3c01952-p003-f01,10.1021_acs.chemmater.3c01952-p003-f01-s03,AB Stacking,COF-C2-80,AB Stacking,28.923000,0.170300
10.1021_acs.chemmater.3c01952,10.1021_acs.chemmater.3c01952-p003-f01,10.1021_acs.chemmater.3c01952-p003-f01-s03,AB Stacking,COF-C2-80,AB Stacking,28.943000,0.170900
10.1021_acs.chemmater.3c01952,10.1021_acs.chemmater.3c01952-p003-f01,10.1021_acs.chemmater.3c01952-p003-f01-s03,AB Stacking,COF-C2-80,AB Stacking,28.963000,0.171600
10.1021_acs.chemmater.3c01952,10.1021_acs.chemmater.3c01952-p003-f01,10.1021_acs.chemmater.3c01952-p003-f01-s03,AB Stacking,COF-C2-80,AB Stacking,28.983000,0.172200
10.1021_acs.chemmater.3c01952,10.1021_acs.chemmater.3c01952-p003-f01,10.1021_acs.chemmater.3c01952-p003-f01-s03,AB Stacking,COF-C2-80,AB Stacking,29.003000,0.172900
10.1021_acs.chemmater.3c01952,10.1021_acs.chemmater.3c01952-p003-f01,10.1021_acs.chemmater.3c01952-p003-f01-s03,AB Stacking,COF-C2-80,AB Stacking,29.023000,0.173500
10.1021_acs.chemmater.3c01952,10.1021_acs.chemmater.3c01952-p003-f01,10.1021_acs.chemmater.3c01952-p003-f01-s03,AB Stacking,COF-C2-80,AB Stacking,29.043000,0.174100
10.1021_acs.chemmater.3c01952,10.1021_acs.chemmater.3c01952-p003-f01,10.1021_acs.chemmater.3c01952-p003-f01-s03,AB Stacking,COF-C2-80,AB Stacking,29.063000,0.174800
10.1021_acs.chemmater.3c01952,10.1021_acs.chemmater.3c01952-p003-f01,10.1021_acs.chemmater.3c01952-p003-f01-s03,AB Stacking,COF-C2-80,AB Stacking,29.083000,0.175400
10.1021_acs.chemmater.3c01952,10.1021_acs.chemmater.3c01952-p003-f01,10.1021_acs.chemmater.3c01952-p003-f01-s03,AB Stacking,COF-C2-80,AB Stacking,29.103000,0.176100
10.1021_acs.chemmater.3c01952,10.1021_acs.chemmater.3c01952-p003-f01,10.1021_acs.chemmater.3c01952-p003-f01-s03,AB Stacking,COF-C2-80,AB Stacking,29.123000,0.176700
10.1021_acs.chemmater.3c01952,10.1021_acs.chemmater.3c01952-p003-f01,10.1021_acs.chemmater.3c01952-p003-f01-s03,AB Stacking,COF-C2-80,AB Stacking,29.143000,0.177400
10.1021_acs.chemmater.3c01952,10.1021_acs.chemmater.3c01952-p003-f01,10.1021_acs.chemmater.3c01952-p003-f01-s03,AB Stacking,COF-C2-80,AB Stacking,29.163000,0.178000
10.1021_acs.chemmater.3c01952,10.1021_acs.chemmater.3c01952-p003-f01,10.1021_acs.chemmater.3c01952-p003-f01-s03,AB Stacking,COF-C2-80,AB Stacking,29.183000,0.178600
10.1021_acs.chemmater.3c01952,10.1021_acs.chemmater.3c01952-p003-f01,10.1021_acs.chemmater.3c01952-p003-f01-s03,AB Stacking,COF-C2-80,AB Stacking,29.203000,0.179300
10.1021_acs.chemmater.3c01952,10.1021_acs.chemmater.3c01952-p003-f01,10.1021_acs.chemmater.3c01952-p003-f01-s03,AB Stacking,COF-C2-80,AB Stacking,29.223000,0.179900
10.1021_acs.chemmater.3c01952,10.1021_acs.chemmater.3c01952-p003-f01,10.1021_acs.chemmater.3c01952-p003-f01-s03,AB Stacking,COF-C2-80,AB Stacking,29.243000,0.180600
10.1021_acs.chemmater.3c01952,10.1021_acs.chemmater.3c01952-p003-f01,10.1021_acs.chemmater.3c01952-p003-f01-s03,AB Stacking,COF-C2-80,AB Stacking,29.263000,0.181200
10.1021_acs.chemmater.3c01952,10.1021_acs.chemmater.3c01952-p003-f01,10.1021_acs.chemmater.3c01952-p003-f01-s03,AB Stacking,COF-C2-80,AB Stacking,29.283000,0.181900
10.1021_acs.chemmater.3c01952,10.1021_acs.chemmater.3c01952-p003-f01,10.1021_acs.chemmater.3c01952-p003-f01-s03,AB Stacking,COF-C2-80,AB Stacking,29.303000,0.182500
10.1021_acs.chemmater.3c01952,10.1021_acs.chemmater.3c01952-p003-f01,10.1021_acs.chemmater.3c01952-p003-f01-s03,AB Stacking,COF-C2-80,AB Stacking,29.323000,0.183200
10.1021_acs.chemmater.3c01952,10.1021_acs.chemmater.3c01952-p003-f01,10.1021_acs.chemmater.3c01952-p003-f01-s03,AB Stacking,COF-C2-80,AB Stacking,29.343000,0.183800
10.1021_acs.chemmater.3c01952,10.1021_acs.chemmater.3c01952-p003-f01,10.1021_acs.chemmater.3c01952-p003-f01-s03,AB Stacking,COF-C2-80,AB Stacking,29.363000,0.184500
10.1021_acs.chemmater.3c01952,10.1021_acs.chemmater.3c01952-p003-f01,10.1021_acs.chemmater.3c01952-p003-f01-s03,AB Stacking,COF-C2-80,AB Stacking,29.383000,0.185100
10.1021_acs.chemmater.3c01952,10.1021_acs.chemmater.3c01952-p003-f01,10.1021_acs.chemmater.3c01952-p003-f01-s03,AB Stacking,COF-C2-80,AB Stacking,29.403000,0.185800
10.1021_acs.chemmater.3c01952,10.1021_acs.chemmater.3c01952-p003-f01,10.1021_acs.chemmater.3c01952-p003-f01-s03,AB Stacking,COF-C2-80,AB Stacking,29.423000,0.186400
10.1021_acs.chemmater.3c01952,10.1021_acs.chemmater.3c01952-p003-f01,10.1021_acs.chemmater.3c01952-p003-f01-s03,AB Stacking,COF-C2-80,AB Stacking,29.443000,0.187100
10.1021_acs.chemmater.3c01952,10.1021_acs.chemmater.3c01952-p003-f01,10.1021_acs.chemmater.3c01952-p003-f01-s03,AB Stacking,COF-C2-80,AB Stacking,29.463000,0.187700
10.1021_acs.chemmater.3c01952,10.1021_acs.chemmater.3c01952-p003-f01,10.1021_acs.chemmater.3c01952-p003-f01-s03,AB Stacking,COF-C2-80,AB Stacking,29.483000,0.188400
10.1021_acs.chemmater.3c01952,10.1021_acs.chemmater.3c01952-p003-f01,10.1021_acs.chemmater.3c01952-p003-f01-s03,AB Stacking,COF-C2-80,AB Stacking,29.503000,0.189000
10.1021_acs.chemmater.3c01952,10.1021_acs.chemmater.3c01952-p003-f01,10.1021_acs.chemmater.3c01952-p003-f01-s03,AB Stacking,COF-C2-80,AB Stacking,29.523000,0.189700
10.1021_acs.chemmater.3c01952,10.1021_acs.chemmater.3c01952-p003-f01,10.1021_acs.chemmater.3c01952-p003-f01-s03,AB Stacking,COF-C2-80,AB Stacking,29.543000,0.190300
10.1021_acs.chemmater.3c01952,10.1021_acs.chemmater.3c01952-p003-f01,10.1021_acs.chemmater.3c01952-p003-f01-s03,AB Stacking,COF-C2-80,AB Stacking,29.563000,0.191000
10.1021_acs.chemmater.3c01952,10.1021_acs.chemmater.3c01952-p003-f01,10.1021_acs.chemmater.3c01952-p003-f01-s03,AB Stacking,COF-C2-80,AB Stacking,29.583000,0.191600
10.1021_acs.chemmater.3c01952,10.1021_acs.chemmater.3c01952-p003-f01,10.1021_acs.chemmater.3c01952-p003-f01-s03,AB Stacking,COF-C2-80,AB Stacking,29.603000,0.192300
10.1021_acs.chemmater.3c01952,10.1021_acs.chemmater.3c01952-p003-f01,10.1021_acs.chemmater.3c01952-p003-f01-s03,AB Stacking,COF-C2-80,AB Stacking,29.623000,0.192900
10.1021_acs.chemmater.3c01952,10.1021_acs.chemmater.3c01952-p003-f01,10.1021_acs.chemmater.3c01952-p003-f01-s03,AB Stacking,COF-C2-80,AB Stacking,29.643000,0.193600
10.1021_acs.chemmater.3c01952,10.1021_acs.chemmater.3c01952-p003-f01,10.1021_acs.chemmater.3c01952-p003-f01-s03,AB Stacking,COF-C2-80,AB Stacking,29.663000,0.194200
10.1021_acs.chemmater.3c01952,10.1021_acs.chemmater.3c01952-p003-f01,10.1021_acs.chemmater.3c01952-p003-f01-s03,AB Stacking,COF-C2-80,AB Stacking,29.683000,0.194900
10.1021_acs.chemmater.3c01952,10.1021_acs.chemmater.3c01952-p003-f01,10.1021_acs.chemmater.3c01952-p003-f01-s03,AB Stacking,COF-C2-80,AB Stacking,29.703000,0.195600
10.1021_acs.chemmater.3c01952,10.1021_acs.chemmater.3c01952-p003-f01,10.1021_acs.chemmater.3c01952-p003-f01-s03,AB Stacking,COF-C2-80,AB Stacking,29.723000,0.196200
10.1021_acs.chemmater.3c01952,10.1021_acs.chemmater.3c01952-p003-f01,10.1021_acs.chemmater.3c01952-p003-f01-s03,AB Stacking,COF-C2-80,AB Stacking,29.743000,0.196900
10.1021_acs.chemmater.3c01952,10.1021_acs.chemmater.3c01952-p003-f01,10.1021_acs.chemmater.3c01952-p003-f01-s03,AB Stacking,COF-C2-80,AB Stacking,29.763000,0.197500
10.1021_acs.chemmater.3c01952,10.1021_acs.chemmater.3c01952-p003-f01,10.1021_acs.chemmater.3c01952-p003-f01-s03,AB Stacking,COF-C2-80,AB Stacking,29.783000,0.198200
10.1021_acs.chemmater.3c01952,10.1021_acs.chemmater.3c01952-p003-f01,10.1021_acs.chemmater.3c01952-p003-f01-s03,AB Stacking,COF-C2-80,AB Stacking,29.803000,0.198800
10.1021_acs.chemmater.3c01952,10.1021_acs.chemmater.3c01952-p003-f01,10.1021_acs.chemmater.3c01952-p003-f01-s03,AB Stacking,COF-C2-80,AB Stacking,29.823000,0.199500
10.1021_acs.chemmater.3c01952,10.1021_acs.chemmater.3c01952-p003-f01,10.1021_acs.chemmater.3c01952-p003-f01-s03,AB Stacking,COF-C2-80,AB Stacking,29.843000,0.200100
10.1021_acs.chemmater.3c01952,10.1021_acs.chemmater.3c01952-p003-f01,10.1021_acs.chemmater.3c01952-p003-f01-s03,AB Stacking,COF-C2-80,AB Stacking,29.863000,0.200800
10.1021_acs.chemmater.3c01952,10.1021_acs.chemmater.3c01952-p003-f01,10.1021_acs.chemmater.3c01952-p003-f01-s03,AB Stacking,COF-C2-80,AB Stacking,29.883000,0.210200
10.1021_acs.chemmater.3c01952,10.1021_acs.chemmater.3c01952-p003-f01,10.1021_acs.chemmater.3c01952-p003-f01-s03,AB Stacking,COF-C2-80,AB Stacking,29.903000,0.217200
10.1021_acs.chemmater.3c01952,10.1021_acs.chemmater.3c01952-p003-f01,10.1021_acs.chemmater.3c01952-p003-f01-s03,AB Stacking,COF-C2-80,AB Stacking,29.923000,0.218500
10.1021_acs.chemmater.3c01952,10.1021_acs.chemmater.3c01952-p003-f01,10.1021_acs.chemmater.3c01952-p003-f01-s03,AB Stacking,COF-C2-80,AB Stacking,29.943000,0.204600
10.1021_acs.chemmater.3c01952,10.1021_acs.chemmater.3c01952-p003-f01,10.1021_acs.chemmater.3c01952-p003-f01-s03,AB Stacking,COF-C2-80,AB Stacking,29.963000,0.169300
10.1021_acs.chemmater.3c01952,10.1021_acs.chemmater.3c01952-p003-f01,10.1021_acs.chemmater.3c01952-p003-f01-s03,AB Stacking,COF-C2-80,AB Stacking,29.983000,0.105900
10.1021_acs.chemmater.3c01952,10.1021_acs.chemmater.3c01952-p003-f01,10.1021_acs.chemmater.3c01952-p003-f01-s03,AB Stacking,COF-C2-80,AB Stacking,30.003000,0.008100
10.1021_acs.chemmater.3c01952,10.1021_acs.chemmater.3c01952-p003-f01,10.1021_acs.chemmater.3c01952-p003-f01-s04,ABC Stacking,COF-C2-80,ABC Stacking,1.483000,0.029700
10.1021_acs.chemmater.3c01952,10.1021_acs.chemmater.3c01952-p003-f01,10.1021_acs.chemmater.3c01952-p003-f01-s04,ABC Stacking,COF-C2-80,ABC Stacking,1.503000,0.159500
10.1021_acs.chemmater.3c01952,10.1021_acs.chemmater.3c01952-p003-f01,10.1021_acs.chemmater.3c01952-p003-f01-s04,ABC Stacking,COF-C2-80,ABC Stacking,1.523000,0.241900
10.1021_acs.chemmater.3c01952,10.1021_acs.chemmater.3c01952-p003-f01,10.1021_acs.chemmater.3c01952-p003-f01-s04,ABC Stacking,COF-C2-80,ABC Stacking,1.543000,0.285900
10.1021_acs.chemmater.3c01952,10.1021_acs.chemmater.3c01952-p003-f01,10.1021_acs.chemmater.3c01952-p003-f01-s04,ABC Stacking,COF-C2-80,ABC Stacking,1.563000,0.300700
10.1021_acs.chemmater.3c01952,10.1021_acs.chemmater.3c01952-p003-f01,10.1021_acs.chemmater.3c01952-p003-f01-s04,ABC Stacking,COF-C2-80,ABC Stacking,1.583000,0.295400
10.1021_acs.chemmater.3c01952,10.1021_acs.chemmater.3c01952-p003-f01,10.1021_acs.chemmater.3c01952-p003-f01-s04,ABC Stacking,COF-C2-80,ABC Stacking,1.603000,0.280100
10.1021_acs.chemmater.3c01952,10.1021_acs.chemmater.3c01952-p003-f01,10.1021_acs.chemmater.3c01952-p003-f01-s04,ABC Stacking,COF-C2-80,ABC Stacking,1.623000,0.271900
10.1021_acs.chemmater.3c01952,10.1021_acs.chemmater.3c01952-p003-f01,10.1021_acs.chemmater.3c01952-p003-f01-s04,ABC Stacking,COF-C2-80,ABC Stacking,1.643000,0.271000
10.1021_acs.chemmater.3c01952,10.1021_acs.chemmater.3c01952-p003-f01,10.1021_acs.chemmater.3c01952-p003-f01-s04,ABC Stacking,COF-C2-80,ABC Stacking,1.663000,0.270000
10.1021_acs.chemmater.3c01952,10.1021_acs.chemmater.3c01952-p003-f01,10.1021_acs.chemmater.3c01952-p003-f01-s04,ABC Stacking,COF-C2-80,ABC Stacking,1.683000,0.269100
10.1021_acs.chemmater.3c01952,10.1021_acs.chemmater.3c01952-p003-f01,10.1021_acs.chemmater.3c01952-p003-f01-s04,ABC Stacking,COF-C2-80,ABC Stacking,1.703000,0.268200
10.1021_acs.chemmater.3c01952,10.1021_acs.chemmater.3c01952-p003-f01,10.1021_acs.chemmater.3c01952-p003-f01-s04,ABC Stacking,COF-C2-80,ABC Stacking,1.723000,0.267200
10.1021_acs.chemmater.3c01952,10.1021_acs.chemmater.3c01952-p003-f01,10.1021_acs.chemmater.3c01952-p003-f01-s04,ABC Stacking,COF-C2-80,ABC Stacking,1.743000,0.266300
10.1021_acs.chemmater.3c01952,10.1021_acs.chemmater.3c01952-p003-f01,10.1021_acs.chemmater.3c01952-p003-f01-s04,ABC Stacking,COF-C2-80,ABC Stacking,1.763000,0.265300
10.1021_acs.chemmater.3c01952,10.1021_acs.chemmater.3c01952-p003-f01,10.1021_acs.chemmater.3c01952-p003-f01-s04,ABC Stacking,COF-C2-80,ABC Stacking,1.783000,0.264400
10.1021_acs.chemmater.3c01952,10.1021_acs.chemmater.3c01952-p003-f01,10.1021_acs.chemmater.3c01952-p003-f01-s04,ABC Stacking,COF-C2-80,ABC Stacking,1.803000,0.263500
10.1021_acs.chemmater.3c01952,10.1021_acs.chemmater.3c01952-p003-f01,10.1021_acs.chemmater.3c01952-p003-f01-s04,ABC Stacking,COF-C2-80,ABC Stacking,1.823000,0.262500
10.1021_acs.chemmater.3c01952,10.1021_acs.chemmater.3c01952-p003-f01,10.1021_acs.chemmater.3c01952-p003-f01-s04,ABC Stacking,COF-C2-80,ABC Stacking,1.843000,0.261600
10.1021_acs.chemmater.3c01952,10.1021_acs.chemmater.3c01952-p003-f01,10.1021_acs.chemmater.3c01952-p003-f01-s04,ABC Stacking,COF-C2-80,ABC Stacking,1.863000,0.260600
10.1021_acs.chemmater.3c01952,10.1021_acs.chemmater.3c01952-p003-f01,10.1021_acs.chemmater.3c01952-p003-f01-s04,ABC Stacking,COF-C2-80,ABC Stacking,1.883000,0.259700
10.1021_acs.chemmater.3c01952,10.1021_acs.chemmater.3c01952-p003-f01,10.1021_acs.chemmater.3c01952-p003-f01-s04,ABC Stacking,COF-C2-80,ABC Stacking,1.903000,0.258800
10.1021_acs.chemmater.3c01952,10.1021_acs.chemmater.3c01952-p003-f01,10.1021_acs.chemmater.3c01952-p003-f01-s04,ABC Stacking,COF-C2-80,ABC Stacking,1.923000,0.257800
10.1021_acs.chemmater.3c01952,10.1021_acs.chemmater.3c01952-p003-f01,10.1021_acs.chemmater.3c01952-p003-f01-s04,ABC Stacking,COF-C2-80,ABC Stacking,1.943000,0.256900
10.1021_acs.chemmater.3c01952,10.1021_acs.chemmater.3c01952-p003-f01,10.1021_acs.chemmater.3c01952-p003-f01-s04,ABC Stacking,COF-C2-80,ABC Stacking,1.963000,0.256000
10.1021_acs.chemmater.3c01952,10.1021_acs.chemmater.3c01952-p003-f01,10.1021_acs.chemmater.3c01952-p003-f01-s04,ABC Stacking,COF-C2-80,ABC Stacking,1.983000,0.255000
10.1021_acs.chemmater.3c01952,10.1021_acs.chemmater.3c01952-p003-f01,10.1021_acs.chemmater.3c01952-p003-f01-s04,ABC Stacking,COF-C2-80,ABC Stacking,2.003000,0.254100
10.1021_acs.chemmater.3c01952,10.1021_acs.chemmater.3c01952-p003-f01,10.1021_acs.chemmater.3c01952-p003-f01-s04,ABC Stacking,COF-C2-80,ABC Stacking,2.023000,0.253100
10.1021_acs.chemmater.3c01952,10.1021_acs.chemmater.3c01952-p003-f01,10.1021_acs.chemmater.3c01952-p003-f01-s04,ABC Stacking,COF-C2-80,ABC Stacking,2.043000,0.252200
10.1021_acs.chemmater.3c01952,10.1021_acs.chemmater.3c01952-p003-f01,10.1021_acs.chemmater.3c01952-p003-f01-s04,ABC Stacking,COF-C2-80,ABC Stacking,2.063000,0.251300
10.1021_acs.chemmater.3c01952,10.1021_acs.chemmater.3c01952-p003-f01,10.1021_acs.chemmater.3c01952-p003-f01-s04,ABC Stacking,COF-C2-80,ABC Stacking,2.083000,0.250300
10.1021_acs.chemmater.3c01952,10.1021_acs.chemmater.3c01952-p003-f01,10.1021_acs.chemmater.3c01952-p003-f01-s04,ABC Stacking,COF-C2-80,ABC Stacking,2.103000,0.249400
10.1021_acs.chemmater.3c01952,10.1021_acs.chemmater.3c01952-p003-f01,10.1021_acs.chemmater.3c01952-p003-f01-s04,ABC Stacking,COF-C2-80,ABC Stacking,2.123000,0.248500
10.1021_acs.chemmater.3c01952,10.1021_acs.chemmater.3c01952-p003-f01,10.1021_acs.chemmater.3c01952-p003-f01-s04,ABC Stacking,COF-C2-80,ABC Stacking,2.143000,0.247500
10.1021_acs.chemmater.3c01952,10.1021_acs.chemmater.3c01952-p003-f01,10.1021_acs.chemmater.3c01952-p003-f01-s04,ABC Stacking,COF-C2-80,ABC Stacking,2.163000,0.246600
10.1021_acs.chemmater.3c01952,10.1021_acs.chemmater.3c01952-p003-f01,10.1021_acs.chemmater.3c01952-p003-f01-s04,ABC Stacking,COF-C2-80,ABC Stacking,2.183000,0.245700
10.1021_acs.chemmater.3c01952,10.1021_acs.chemmater.3c01952-p003-f01,10.1021_acs.chemmater.3c01952-p003-f01-s04,ABC Stacking,COF-C2-80,ABC Stacking,2.203000,0.244700
10.1021_acs.chemmater.3c01952,10.1021_acs.chemmater.3c01952-p003-f01,10.1021_acs.chemmater.3c01952-p003-f01-s04,ABC Stacking,COF-C2-80,ABC Stacking,2.223000,0.243800
10.1021_acs.chemmater.3c01952,10.1021_acs.chemmater.3c01952-p003-f01,10.1021_acs.chemmater.3c01952-p003-f01-s04,ABC Stacking,COF-C2-80,ABC Stacking,2.243000,0.242900
10.1021_acs.chemmater.3c01952,10.1021_acs.chemmater.3c01952-p003-f01,10.1021_acs.chemmater.3c01952-p003-f01-s04,ABC Stacking,COF-C2-80,ABC Stacking,2.263000,0.241900
10.1021_acs.chemmater.3c01952,10.1021_acs.chemmater.3c01952-p003-f01,10.1021_acs.chemmater.3c01952-p003-f01-s04,ABC Stacking,COF-C2-80,ABC Stacking,2.283000,0.241000
10.1021_acs.chemmater.3c01952,10.1021_acs.chemmater.3c01952-p003-f01,10.1021_acs.chemmater.3c01952-p003-f01-s04,ABC Stacking,COF-C2-80,ABC Stacking,2.303000,0.240100
10.1021_acs.chemmater.3c01952,10.1021_acs.chemmater.3c01952-p003-f01,10.1021_acs.chemmater.3c01952-p003-f01-s04,ABC Stacking,COF-C2-80,ABC Stacking,2.323000,0.239200
10.1021_acs.chemmater.3c01952,10.1021_acs.chemmater.3c01952-p003-f01,10.1021_acs.chemmater.3c01952-p003-f01-s04,ABC Stacking,COF-C2-80,ABC Stacking,2.343000,0.238200
10.1021_acs.chemmater.3c01952,10.1021_acs.chemmater.3c01952-p003-f01,10.1021_acs.chemmater.3c01952-p003-f01-s04,ABC Stacking,COF-C2-80,ABC Stacking,2.363000,0.237300
10.1021_acs.chemmater.3c01952,10.1021_acs.chemmater.3c01952-p003-f01,10.1021_acs.chemmater.3c01952-p003-f01-s04,ABC Stacking,COF-C2-80,ABC Stacking,2.383000,0.236400
10.1021_acs.chemmater.3c01952,10.1021_acs.chemmater.3c01952-p003-f01,10.1021_acs.chemmater.3c01952-p003-f01-s04,ABC Stacking,COF-C2-80,ABC Stacking,2.403000,0.235400
10.1021_acs.chemmater.3c01952,10.1021_acs.chemmater.3c01952-p003-f01,10.1021_acs.chemmater.3c01952-p003-f01-s04,ABC Stacking,COF-C2-80,ABC Stacking,2.423000,0.234500
10.1021_acs.chemmater.3c01952,10.1021_acs.chemmater.3c01952-p003-f01,10.1021_acs.chemmater.3c01952-p003-f01-s04,ABC Stacking,COF-C2-80,ABC Stacking,2.443000,0.233600
10.1021_acs.chemmater.3c01952,10.1021_acs.chemmater.3c01952-p003-f01,10.1021_acs.chemmater.3c01952-p003-f01-s04,ABC Stacking,COF-C2-80,ABC Stacking,2.463000,0.232700
10.1021_acs.chemmater.3c01952,10.1021_acs.chemmater.3c01952-p003-f01,10.1021_acs.chemmater.3c01952-p003-f01-s04,ABC Stacking,COF-C2-80,ABC Stacking,2.483000,0.231700
10.1021_acs.chemmater.3c01952,10.1021_acs.chemmater.3c01952-p003-f01,10.1021_acs.chemmater.3c01952-p003-f01-s04,ABC Stacking,COF-C2-80,ABC Stacking,2.503000,0.230800
10.1021_acs.chemmater.3c01952,10.1021_acs.chemmater.3c01952-p003-f01,10.1021_acs.chemmater.3c01952-p003-f01-s04,ABC Stacking,COF-C2-80,ABC Stacking,2.523000,0.229900
10.1021_acs.chemmater.3c01952,10.1021_acs.chemmater.3c01952-p003-f01,10.1021_acs.chemmater.3c01952-p003-f01-s04,ABC Stacking,COF-C2-80,ABC Stacking,2.543000,0.229000
10.1021_acs.chemmater.3c01952,10.1021_acs.chemmater.3c01952-p003-f01,10.1021_acs.chemmater.3c01952-p003-f01-s04,ABC Stacking,COF-C2-80,ABC Stacking,2.563000,0.228000
10.1021_acs.chemmater.3c01952,10.1021_acs.chemmater.3c01952-p003-f01,10.1021_acs.chemmater.3c01952-p003-f01-s04,ABC Stacking,COF-C2-80,ABC Stacking,2.583000,0.227100
10.1021_acs.chemmater.3c01952,10.1021_acs.chemmater.3c01952-p003-f01,10.1021_acs.chemmater.3c01952-p003-f01-s04,ABC Stacking,COF-C2-80,ABC Stacking,2.603000,0.226200
10.1021_acs.chemmater.3c01952,10.1021_acs.chemmater.3c01952-p003-f01,10.1021_acs.chemmater.3c01952-p003-f01-s04,ABC Stacking,COF-C2-80,ABC Stacking,2.623000,0.225300
10.1021_acs.chemmater.3c01952,10.1021_acs.chemmater.3c01952-p003-f01,10.1021_acs.chemmater.3c01952-p003-f01-s04,ABC Stacking,COF-C2-80,ABC Stacking,2.643000,0.224400
10.1021_acs.chemmater.3c01952,10.1021_acs.chemmater.3c01952-p003-f01,10.1021_acs.chemmater.3c01952-p003-f01-s04,ABC Stacking,COF-C2-80,ABC Stacking,2.663000,0.223400
10.1021_acs.chemmater.3c01952,10.1021_acs.chemmater.3c01952-p003-f01,10.1021_acs.chemmater.3c01952-p003-f01-s04,ABC Stacking,COF-C2-80,ABC Stacking,2.683000,0.222500
10.1021_acs.chemmater.3c01952,10.1021_acs.chemmater.3c01952-p003-f01,10.1021_acs.chemmater.3c01952-p003-f01-s04,ABC Stacking,COF-C2-80,ABC Stacking,2.703000,0.221600
10.1021_acs.chemmater.3c01952,10.1021_acs.chemmater.3c01952-p003-f01,10.1021_acs.chemmater.3c01952-p003-f01-s04,ABC Stacking,COF-C2-80,ABC Stacking,2.723000,0.220700
10.1021_acs.chemmater.3c01952,10.1021_acs.chemmater.3c01952-p003-f01,10.1021_acs.chemmater.3c01952-p003-f01-s04,ABC Stacking,COF-C2-80,ABC Stacking,2.743000,0.219800
10.1021_acs.chemmater.3c01952,10.1021_acs.chemmater.3c01952-p003-f01,10.1021_acs.chemmater.3c01952-p003-f01-s04,ABC Stacking,COF-C2-80,ABC Stacking,2.763000,0.218900
10.1021_acs.chemmater.3c01952,10.1021_acs.chemmater.3c01952-p003-f01,10.1021_acs.chemmater.3c01952-p003-f01-s04,ABC Stacking,COF-C2-80,ABC Stacking,2.783000,0.217900
10.1021_acs.chemmater.3c01952,10.1021_acs.chemmater.3c01952-p003-f01,10.1021_acs.chemmater.3c01952-p003-f01-s04,ABC Stacking,COF-C2-80,ABC Stacking,2.803000,0.217000
10.1021_acs.chemmater.3c01952,10.1021_acs.chemmater.3c01952-p003-f01,10.1021_acs.chemmater.3c01952-p003-f01-s04,ABC Stacking,COF-C2-80,ABC Stacking,2.823000,0.216100
10.1021_acs.chemmater.3c01952,10.1021_acs.chemmater.3c01952-p003-f01,10.1021_acs.chemmater.3c01952-p003-f01-s04,ABC Stacking,COF-C2-80,ABC Stacking,2.843000,0.215200
10.1021_acs.chemmater.3c01952,10.1021_acs.chemmater.3c01952-p003-f01,10.1021_acs.chemmater.3c01952-p003-f01-s04,ABC Stacking,COF-C2-80,ABC Stacking,2.863000,0.214300
10.1021_acs.chemmater.3c01952,10.1021_acs.chemmater.3c01952-p003-f01,10.1021_acs.chemmater.3c01952-p003-f01-s04,ABC Stacking,COF-C2-80,ABC Stacking,2.883000,0.213400
10.1021_acs.chemmater.3c01952,10.1021_acs.chemmater.3c01952-p003-f01,10.1021_acs.chemmater.3c01952-p003-f01-s04,ABC Stacking,COF-C2-80,ABC Stacking,2.903000,0.212500
10.1021_acs.chemmater.3c01952,10.1021_acs.chemmater.3c01952-p003-f01,10.1021_acs.chemmater.3c01952-p003-f01-s04,ABC Stacking,COF-C2-80,ABC Stacking,2.923000,0.211600
10.1021_acs.chemmater.3c01952,10.1021_acs.chemmater.3c01952-p003-f01,10.1021_acs.chemmater.3c01952-p003-f01-s04,ABC Stacking,COF-C2-80,ABC Stacking,2.943000,0.210700
10.1021_acs.chemmater.3c01952,10.1021_acs.chemmater.3c01952-p003-f01,10.1021_acs.chemmater.3c01952-p003-f01-s04,ABC Stacking,COF-C2-80,ABC Stacking,2.963000,0.209800
10.1021_acs.chemmater.3c01952,10.1021_acs.chemmater.3c01952-p003-f01,10.1021_acs.chemmater.3c01952-p003-f01-s04,ABC Stacking,COF-C2-80,ABC Stacking,2.983000,0.208800
10.1021_acs.chemmater.3c01952,10.1021_acs.chemmater.3c01952-p003-f01,10.1021_acs.chemmater.3c01952-p003-f01-s04,ABC Stacking,COF-C2-80,ABC Stacking,3.003000,0.207900
10.1021_acs.chemmater.3c01952,10.1021_acs.chemmater.3c01952-p003-f01,10.1021_acs.chemmater.3c01952-p003-f01-s04,ABC Stacking,COF-C2-80,ABC Stacking,3.023000,0.207000
10.1021_acs.chemmater.3c01952,10.1021_acs.chemmater.3c01952-p003-f01,10.1021_acs.chemmater.3c01952-p003-f01-s04,ABC Stacking,COF-C2-80,ABC Stacking,3.043000,0.206100
10.1021_acs.chemmater.3c01952,10.1021_acs.chemmater.3c01952-p003-f01,10.1021_acs.chemmater.3c01952-p003-f01-s04,ABC Stacking,COF-C2-80,ABC Stacking,3.063000,0.205200
10.1021_acs.chemmater.3c01952,10.1021_acs.chemmater.3c01952-p003-f01,10.1021_acs.chemmater.3c01952-p003-f01-s04,ABC Stacking,COF-C2-80,ABC Stacking,3.083000,0.204300
10.1021_acs.chemmater.3c01952,10.1021_acs.chemmater.3c01952-p003-f01,10.1021_acs.chemmater.3c01952-p003-f01-s04,ABC Stacking,COF-C2-80,ABC Stacking,3.103000,0.203400
10.1021_acs.chemmater.3c01952,10.1021_acs.chemmater.3c01952-p003-f01,10.1021_acs.chemmater.3c01952-p003-f01-s04,ABC Stacking,COF-C2-80,ABC Stacking,3.123000,0.202500
10.1021_acs.chemmater.3c01952,10.1021_acs.chemmater.3c01952-p003-f01,10.1021_acs.chemmater.3c01952-p003-f01-s04,ABC Stacking,COF-C2-80,ABC Stacking,3.143000,0.201600
10.1021_acs.chemmater.3c01952,10.1021_acs.chemmater.3c01952-p003-f01,10.1021_acs.chemmater.3c01952-p003-f01-s04,ABC Stacking,COF-C2-80,ABC Stacking,3.163000,0.200700
10.1021_acs.chemmater.3c01952,10.1021_acs.chemmater.3c01952-p003-f01,10.1021_acs.chemmater.3c01952-p003-f01-s04,ABC Stacking,COF-C2-80,ABC Stacking,3.183000,0.199800
10.1021_acs.chemmater.3c01952,10.1021_acs.chemmater.3c01952-p003-f01,10.1021_acs.chemmater.3c01952-p003-f01-s04,ABC Stacking,COF-C2-80,ABC Stacking,3.203000,0.198900
10.1021_acs.chemmater.3c01952,10.1021_acs.chemmater.3c01952-p003-f01,10.1021_acs.chemmater.3c01952-p003-f01-s04,ABC Stacking,COF-C2-80,ABC Stacking,3.223000,0.198000
10.1021_acs.chemmater.3c01952,10.1021_acs.chemmater.3c01952-p003-f01,10.1021_acs.chemmater.3c01952-p003-f01-s04,ABC Stacking,COF-C2-80,ABC Stacking,3.243000,0.197100
10.1021_acs.chemmater.3c01952,10.1021_acs.chemmater.3c01952-p003-f01,10.1021_acs.chemmater.3c01952-p003-f01-s04,ABC Stacking,COF-C2-80,ABC Stacking,3.263000,0.196300
10.1021_acs.chemmater.3c01952,10.1021_acs.chemmater.3c01952-p003-f01,10.1021_acs.chemmater.3c01952-p003-f01-s04,ABC Stacking,COF-C2-80,ABC Stacking,3.283000,0.195400
10.1021_acs.chemmater.3c01952,10.1021_acs.chemmater.3c01952-p003-f01,10.1021_acs.chemmater.3c01952-p003-f01-s04,ABC Stacking,COF-C2-80,ABC Stacking,3.303000,0.194500
10.1021_acs.chemmater.3c01952,10.1021_acs.chemmater.3c01952-p003-f01,10.1021_acs.chemmater.3c01952-p003-f01-s04,ABC Stacking,COF-C2-80,ABC Stacking,3.323000,0.193600
10.1021_acs.chemmater.3c01952,10.1021_acs.chemmater.3c01952-p003-f01,10.1021_acs.chemmater.3c01952-p003-f01-s04,ABC Stacking,COF-C2-80,ABC Stacking,3.343000,0.192700
10.1021_acs.chemmater.3c01952,10.1021_acs.chemmater.3c01952-p003-f01,10.1021_acs.chemmater.3c01952-p003-f01-s04,ABC Stacking,COF-C2-80,ABC Stacking,3.363000,0.191800
10.1021_acs.chemmater.3c01952,10.1021_acs.chemmater.3c01952-p003-f01,10.1021_acs.chemmater.3c01952-p003-f01-s04,ABC Stacking,COF-C2-80,ABC Stacking,3.383000,0.190900
10.1021_acs.chemmater.3c01952,10.1021_acs.chemmater.3c01952-p003-f01,10.1021_acs.chemmater.3c01952-p003-f01-s04,ABC Stacking,COF-C2-80,ABC Stacking,3.403000,0.190000
10.1021_acs.chemmater.3c01952,10.1021_acs.chemmater.3c01952-p003-f01,10.1021_acs.chemmater.3c01952-p003-f01-s04,ABC Stacking,COF-C2-80,ABC Stacking,3.423000,0.189100
10.1021_acs.chemmater.3c01952,10.1021_acs.chemmater.3c01952-p003-f01,10.1021_acs.chemmater.3c01952-p003-f01-s04,ABC Stacking,COF-C2-80,ABC Stacking,3.443000,0.188300
10.1021_acs.chemmater.3c01952,10.1021_acs.chemmater.3c01952-p003-f01,10.1021_acs.chemmater.3c01952-p003-f01-s04,ABC Stacking,COF-C2-80,ABC Stacking,3.463000,0.187400
10.1021_acs.chemmater.3c01952,10.1021_acs.chemmater.3c01952-p003-f01,10.1021_acs.chemmater.3c01952-p003-f01-s04,ABC Stacking,COF-C2-80,ABC Stacking,3.483000,0.186500
10.1021_acs.chemmater.3c01952,10.1021_acs.chemmater.3c01952-p003-f01,10.1021_acs.chemmater.3c01952-p003-f01-s04,ABC Stacking,COF-C2-80,ABC Stacking,3.503000,0.185600
10.1021_acs.chemmater.3c01952,10.1021_acs.chemmater.3c01952-p003-f01,10.1021_acs.chemmater.3c01952-p003-f01-s04,ABC Stacking,COF-C2-80,ABC Stacking,3.523000,0.184700
10.1021_acs.chemmater.3c01952,10.1021_acs.chemmater.3c01952-p003-f01,10.1021_acs.chemmater.3c01952-p003-f01-s04,ABC Stacking,COF-C2-80,ABC Stacking,3.543000,0.183900
10.1021_acs.chemmater.3c01952,10.1021_acs.chemmater.3c01952-p003-f01,10.1021_acs.chemmater.3c01952-p003-f01-s04,ABC Stacking,COF-C2-80,ABC Stacking,3.563000,0.183000
10.1021_acs.chemmater.3c01952,10.1021_acs.chemmater.3c01952-p003-f01,10.1021_acs.chemmater.3c01952-p003-f01-s04,ABC Stacking,COF-C2-80,ABC Stacking,3.583000,0.182100
10.1021_acs.chemmater.3c01952,10.1021_acs.chemmater.3c01952-p003-f01,10.1021_acs.chemmater.3c01952-p003-f01-s04,ABC Stacking,COF-C2-80,ABC Stacking,3.603000,0.181200
10.1021_acs.chemmater.3c01952,10.1021_acs.chemmater.3c01952-p003-f01,10.1021_acs.chemmater.3c01952-p003-f01-s04,ABC Stacking,COF-C2-80,ABC Stacking,3.623000,0.180400
10.1021_acs.chemmater.3c01952,10.1021_acs.chemmater.3c01952-p003-f01,10.1021_acs.chemmater.3c01952-p003-f01-s04,ABC Stacking,COF-C2-80,ABC Stacking,3.643000,0.179500
10.1021_acs.chemmater.3c01952,10.1021_acs.chemmater.3c01952-p003-f01,10.1021_acs.chemmater.3c01952-p003-f01-s04,ABC Stacking,COF-C2-80,ABC Stacking,3.663000,0.178600
10.1021_acs.chemmater.3c01952,10.1021_acs.chemmater.3c01952-p003-f01,10.1021_acs.chemmater.3c01952-p003-f01-s04,ABC Stacking,COF-C2-80,ABC Stacking,3.683000,0.177800
10.1021_acs.chemmater.3c01952,10.1021_acs.chemmater.3c01952-p003-f01,10.1021_acs.chemmater.3c01952-p003-f01-s04,ABC Stacking,COF-C2-80,ABC Stacking,3.703000,0.176900
10.1021_acs.chemmater.3c01952,10.1021_acs.chemmater.3c01952-p003-f01,10.1021_acs.chemmater.3c01952-p003-f01-s04,ABC Stacking,COF-C2-80,ABC Stacking,3.723000,0.176000
10.1021_acs.chemmater.3c01952,10.1021_acs.chemmater.3c01952-p003-f01,10.1021_acs.chemmater.3c01952-p003-f01-s04,ABC Stacking,COF-C2-80,ABC Stacking,3.743000,0.175200
10.1021_acs.chemmater.3c01952,10.1021_acs.chemmater.3c01952-p003-f01,10.1021_acs.chemmater.3c01952-p003-f01-s04,ABC Stacking,COF-C2-80,ABC Stacking,3.763000,0.174300
10.1021_acs.chemmater.3c01952,10.1021_acs.chemmater.3c01952-p003-f01,10.1021_acs.chemmater.3c01952-p003-f01-s04,ABC Stacking,COF-C2-80,ABC Stacking,3.783000,0.173400
10.1021_acs.chemmater.3c01952,10.1021_acs.chemmater.3c01952-p003-f01,10.1021_acs.chemmater.3c01952-p003-f01-s04,ABC Stacking,COF-C2-80,ABC Stacking,3.803000,0.172600
10.1021_acs.chemmater.3c01952,10.1021_acs.chemmater.3c01952-p003-f01,10.1021_acs.chemmater.3c01952-p003-f01-s04,ABC Stacking,COF-C2-80,ABC Stacking,3.823000,0.171700
10.1021_acs.chemmater.3c01952,10.1021_acs.chemmater.3c01952-p003-f01,10.1021_acs.chemmater.3c01952-p003-f01-s04,ABC Stacking,COF-C2-80,ABC Stacking,3.843000,0.170800
10.1021_acs.chemmater.3c01952,10.1021_acs.chemmater.3c01952-p003-f01,10.1021_acs.chemmater.3c01952-p003-f01-s04,ABC Stacking,COF-C2-80,ABC Stacking,3.863000,0.170000
10.1021_acs.chemmater.3c01952,10.1021_acs.chemmater.3c01952-p003-f01,10.1021_acs.chemmater.3c01952-p003-f01-s04,ABC Stacking,COF-C2-80,ABC Stacking,3.883000,0.169100
10.1021_acs.chemmater.3c01952,10.1021_acs.chemmater.3c01952-p003-f01,10.1021_acs.chemmater.3c01952-p003-f01-s04,ABC Stacking,COF-C2-80,ABC Stacking,3.903000,0.168300
10.1021_acs.chemmater.3c01952,10.1021_acs.chemmater.3c01952-p003-f01,10.1021_acs.chemmater.3c01952-p003-f01-s04,ABC Stacking,COF-C2-80,ABC Stacking,3.923000,0.167400
10.1021_acs.chemmater.3c01952,10.1021_acs.chemmater.3c01952-p003-f01,10.1021_acs.chemmater.3c01952-p003-f01-s04,ABC Stacking,COF-C2-80,ABC Stacking,3.943000,0.166600
10.1021_acs.chemmater.3c01952,10.1021_acs.chemmater.3c01952-p003-f01,10.1021_acs.chemmater.3c01952-p003-f01-s04,ABC Stacking,COF-C2-80,ABC Stacking,3.963000,0.165700
10.1021_acs.chemmater.3c01952,10.1021_acs.chemmater.3c01952-p003-f01,10.1021_acs.chemmater.3c01952-p003-f01-s04,ABC Stacking,COF-C2-80,ABC Stacking,3.983000,0.164900
10.1021_acs.chemmater.3c01952,10.1021_acs.chemmater.3c01952-p003-f01,10.1021_acs.chemmater.3c01952-p003-f01-s04,ABC Stacking,COF-C2-80,ABC Stacking,4.003000,0.164000
10.1021_acs.chemmater.3c01952,10.1021_acs.chemmater.3c01952-p003-f01,10.1021_acs.chemmater.3c01952-p003-f01-s04,ABC Stacking,COF-C2-80,ABC Stacking,4.023000,0.163200
10.1021_acs.chemmater.3c01952,10.1021_acs.chemmater.3c01952-p003-f01,10.1021_acs.chemmater.3c01952-p003-f01-s04,ABC Stacking,COF-C2-80,ABC Stacking,4.043000,0.162300
10.1021_acs.chemmater.3c01952,10.1021_acs.chemmater.3c01952-p003-f01,10.1021_acs.chemmater.3c01952-p003-f01-s04,ABC Stacking,COF-C2-80,ABC Stacking,4.063000,0.161500
10.1021_acs.chemmater.3c01952,10.1021_acs.chemmater.3c01952-p003-f01,10.1021_acs.chemmater.3c01952-p003-f01-s04,ABC Stacking,COF-C2-80,ABC Stacking,4.083000,0.160600
10.1021_acs.chemmater.3c01952,10.1021_acs.chemmater.3c01952-p003-f01,10.1021_acs.chemmater.3c01952-p003-f01-s04,ABC Stacking,COF-C2-80,ABC Stacking,4.103000,0.159800
10.1021_acs.chemmater.3c01952,10.1021_acs.chemmater.3c01952-p003-f01,10.1021_acs.chemmater.3c01952-p003-f01-s04,ABC Stacking,COF-C2-80,ABC Stacking,4.123000,0.159000
10.1021_acs.chemmater.3c01952,10.1021_acs.chemmater.3c01952-p003-f01,10.1021_acs.chemmater.3c01952-p003-f01-s04,ABC Stacking,COF-C2-80,ABC Stacking,4.143000,0.158100
10.1021_acs.chemmater.3c01952,10.1021_acs.chemmater.3c01952-p003-f01,10.1021_acs.chemmater.3c01952-p003-f01-s04,ABC Stacking,COF-C2-80,ABC Stacking,4.163000,0.157300
10.1021_acs.chemmater.3c01952,10.1021_acs.chemmater.3c01952-p003-f01,10.1021_acs.chemmater.3c01952-p003-f01-s04,ABC Stacking,COF-C2-80,ABC Stacking,4.183000,0.156400
10.1021_acs.chemmater.3c01952,10.1021_acs.chemmater.3c01952-p003-f01,10.1021_acs.chemmater.3c01952-p003-f01-s04,ABC Stacking,COF-C2-80,ABC Stacking,4.203000,0.155600
10.1021_acs.chemmater.3c01952,10.1021_acs.chemmater.3c01952-p003-f01,10.1021_acs.chemmater.3c01952-p003-f01-s04,ABC Stacking,COF-C2-80,ABC Stacking,4.223000,0.154800
10.1021_acs.chemmater.3c01952,10.1021_acs.chemmater.3c01952-p003-f01,10.1021_acs.chemmater.3c01952-p003-f01-s04,ABC Stacking,COF-C2-80,ABC Stacking,4.243000,0.154000
10.1021_acs.chemmater.3c01952,10.1021_acs.chemmater.3c01952-p003-f01,10.1021_acs.chemmater.3c01952-p003-f01-s04,ABC Stacking,COF-C2-80,ABC Stacking,4.263000,0.153100
10.1021_acs.chemmater.3c01952,10.1021_acs.chemmater.3c01952-p003-f01,10.1021_acs.chemmater.3c01952-p003-f01-s04,ABC Stacking,COF-C2-80,ABC Stacking,4.283000,0.152300
10.1021_acs.chemmater.3c01952,10.1021_acs.chemmater.3c01952-p003-f01,10.1021_acs.chemmater.3c01952-p003-f01-s04,ABC Stacking,COF-C2-80,ABC Stacking,4.303000,0.151500
10.1021_acs.chemmater.3c01952,10.1021_acs.chemmater.3c01952-p003-f01,10.1021_acs.chemmater.3c01952-p003-f01-s04,ABC Stacking,COF-C2-80,ABC Stacking,4.323000,0.150600
10.1021_acs.chemmater.3c01952,10.1021_acs.chemmater.3c01952-p003-f01,10.1021_acs.chemmater.3c01952-p003-f01-s04,ABC Stacking,COF-C2-80,ABC Stacking,4.343000,0.149800
10.1021_acs.chemmater.3c01952,10.1021_acs.chemmater.3c01952-p003-f01,10.1021_acs.chemmater.3c01952-p003-f01-s04,ABC Stacking,COF-C2-80,ABC Stacking,4.363000,0.149000
10.1021_acs.chemmater.3c01952,10.1021_acs.chemmater.3c01952-p003-f01,10.1021_acs.chemmater.3c01952-p003-f01-s04,ABC Stacking,COF-C2-80,ABC Stacking,4.383000,0.148200
10.1021_acs.chemmater.3c01952,10.1021_acs.chemmater.3c01952-p003-f01,10.1021_acs.chemmater.3c01952-p003-f01-s04,ABC Stacking,COF-C2-80,ABC Stacking,4.403000,0.147400
10.1021_acs.chemmater.3c01952,10.1021_acs.chemmater.3c01952-p003-f01,10.1021_acs.chemmater.3c01952-p003-f01-s04,ABC Stacking,COF-C2-80,ABC Stacking,4.423000,0.146500
10.1021_acs.chemmater.3c01952,10.1021_acs.chemmater.3c01952-p003-f01,10.1021_acs.chemmater.3c01952-p003-f01-s04,ABC Stacking,COF-C2-80,ABC Stacking,4.443000,0.145700
10.1021_acs.chemmater.3c01952,10.1021_acs.chemmater.3c01952-p003-f01,10.1021_acs.chemmater.3c01952-p003-f01-s04,ABC Stacking,COF-C2-80,ABC Stacking,4.463000,0.144900
10.1021_acs.chemmater.3c01952,10.1021_acs.chemmater.3c01952-p003-f01,10.1021_acs.chemmater.3c01952-p003-f01-s04,ABC Stacking,COF-C2-80,ABC Stacking,4.483000,0.144100
10.1021_acs.chemmater.3c01952,10.1021_acs.chemmater.3c01952-p003-f01,10.1021_acs.chemmater.3c01952-p003-f01-s04,ABC Stacking,COF-C2-80,ABC Stacking,4.503000,0.143300
10.1021_acs.chemmater.3c01952,10.1021_acs.chemmater.3c01952-p003-f01,10.1021_acs.chemmater.3c01952-p003-f01-s04,ABC Stacking,COF-C2-80,ABC Stacking,4.523000,0.142500
10.1021_acs.chemmater.3c01952,10.1021_acs.chemmater.3c01952-p003-f01,10.1021_acs.chemmater.3c01952-p003-f01-s04,ABC Stacking,COF-C2-80,ABC Stacking,4.543000,0.141700
10.1021_acs.chemmater.3c01952,10.1021_acs.chemmater.3c01952-p003-f01,10.1021_acs.chemmater.3c01952-p003-f01-s04,ABC Stacking,COF-C2-80,ABC Stacking,4.563000,0.140900
10.1021_acs.chemmater.3c01952,10.1021_acs.chemmater.3c01952-p003-f01,10.1021_acs.chemmater.3c01952-p003-f01-s04,ABC Stacking,COF-C2-80,ABC Stacking,4.583000,0.140100
10.1021_acs.chemmater.3c01952,10.1021_acs.chemmater.3c01952-p003-f01,10.1021_acs.chemmater.3c01952-p003-f01-s04,ABC Stacking,COF-C2-80,ABC Stacking,4.603000,0.139300
10.1021_acs.chemmater.3c01952,10.1021_acs.chemmater.3c01952-p003-f01,10.1021_acs.chemmater.3c01952-p003-f01-s04,ABC Stacking,COF-C2-80,ABC Stacking,4.623000,0.138500
10.1021_acs.chemmater.3c01952,10.1021_acs.chemmater.3c01952-p003-f01,10.1021_acs.chemmater.3c01952-p003-f01-s04,ABC Stacking,COF-C2-80,ABC Stacking,4.643000,0.137700
10.1021_acs.chemmater.3c01952,10.1021_acs.chemmater.3c01952-p003-f01,10.1021_acs.chemmater.3c01952-p003-f01-s04,ABC Stacking,COF-C2-80,ABC Stacking,4.663000,0.136900
10.1021_acs.chemmater.3c01952,10.1021_acs.chemmater.3c01952-p003-f01,10.1021_acs.chemmater.3c01952-p003-f01-s04,ABC Stacking,COF-C2-80,ABC Stacking,4.683000,0.136100
10.1021_acs.chemmater.3c01952,10.1021_acs.chemmater.3c01952-p003-f01,10.1021_acs.chemmater.3c01952-p003-f01-s04,ABC Stacking,COF-C2-80,ABC Stacking,4.703000,0.135300
10.1021_acs.chemmater.3c01952,10.1021_acs.chemmater.3c01952-p003-f01,10.1021_acs.chemmater.3c01952-p003-f01-s04,ABC Stacking,COF-C2-80,ABC Stacking,4.723000,0.134500
10.1021_acs.chemmater.3c01952,10.1021_acs.chemmater.3c01952-p003-f01,10.1021_acs.chemmater.3c01952-p003-f01-s04,ABC Stacking,COF-C2-80,ABC Stacking,4.743000,0.133700
10.1021_acs.chemmater.3c01952,10.1021_acs.chemmater.3c01952-p003-f01,10.1021_acs.chemmater.3c01952-p003-f01-s04,ABC Stacking,COF-C2-80,ABC Stacking,4.763000,0.132900
10.1021_acs.chemmater.3c01952,10.1021_acs.chemmater.3c01952-p003-f01,10.1021_acs.chemmater.3c01952-p003-f01-s04,ABC Stacking,COF-C2-80,ABC Stacking,4.783000,0.132100
10.1021_acs.chemmater.3c01952,10.1021_acs.chemmater.3c01952-p003-f01,10.1021_acs.chemmater.3c01952-p003-f01-s04,ABC Stacking,COF-C2-80,ABC Stacking,4.803000,0.131300
10.1021_acs.chemmater.3c01952,10.1021_acs.chemmater.3c01952-p003-f01,10.1021_acs.chemmater.3c01952-p003-f01-s04,ABC Stacking,COF-C2-80,ABC Stacking,4.823000,0.130500
10.1021_acs.chemmater.3c01952,10.1021_acs.chemmater.3c01952-p003-f01,10.1021_acs.chemmater.3c01952-p003-f01-s04,ABC Stacking,COF-C2-80,ABC Stacking,4.843000,0.129700
10.1021_acs.chemmater.3c01952,10.1021_acs.chemmater.3c01952-p003-f01,10.1021_acs.chemmater.3c01952-p003-f01-s04,ABC Stacking,COF-C2-80,ABC Stacking,4.863000,0.129000
10.1021_acs.chemmater.3c01952,10.1021_acs.chemmater.3c01952-p003-f01,10.1021_acs.chemmater.3c01952-p003-f01-s04,ABC Stacking,COF-C2-80,ABC Stacking,4.883000,0.128200
10.1021_acs.chemmater.3c01952,10.1021_acs.chemmater.3c01952-p003-f01,10.1021_acs.chemmater.3c01952-p003-f01-s04,ABC Stacking,COF-C2-80,ABC Stacking,4.903000,0.127400
10.1021_acs.chemmater.3c01952,10.1021_acs.chemmater.3c01952-p003-f01,10.1021_acs.chemmater.3c01952-p003-f01-s04,ABC Stacking,COF-C2-80,ABC Stacking,4.923000,0.126600
10.1021_acs.chemmater.3c01952,10.1021_acs.chemmater.3c01952-p003-f01,10.1021_acs.chemmater.3c01952-p003-f01-s04,ABC Stacking,COF-C2-80,ABC Stacking,4.943000,0.125900
10.1021_acs.chemmater.3c01952,10.1021_acs.chemmater.3c01952-p003-f01,10.1021_acs.chemmater.3c01952-p003-f01-s04,ABC Stacking,COF-C2-80,ABC Stacking,4.963000,0.125100
10.1021_acs.chemmater.3c01952,10.1021_acs.chemmater.3c01952-p003-f01,10.1021_acs.chemmater.3c01952-p003-f01-s04,ABC Stacking,COF-C2-80,ABC Stacking,4.983000,0.124300
10.1021_acs.chemmater.3c01952,10.1021_acs.chemmater.3c01952-p003-f01,10.1021_acs.chemmater.3c01952-p003-f01-s04,ABC Stacking,COF-C2-80,ABC Stacking,5.003000,0.123600
10.1021_acs.chemmater.3c01952,10.1021_acs.chemmater.3c01952-p003-f01,10.1021_acs.chemmater.3c01952-p003-f01-s04,ABC Stacking,COF-C2-80,ABC Stacking,5.023000,0.122800
10.1021_acs.chemmater.3c01952,10.1021_acs.chemmater.3c01952-p003-f01,10.1021_acs.chemmater.3c01952-p003-f01-s04,ABC Stacking,COF-C2-80,ABC Stacking,5.043000,0.122000
10.1021_acs.chemmater.3c01952,10.1021_acs.chemmater.3c01952-p003-f01,10.1021_acs.chemmater.3c01952-p003-f01-s04,ABC Stacking,COF-C2-80,ABC Stacking,5.063000,0.121300
10.1021_acs.chemmater.3c01952,10.1021_acs.chemmater.3c01952-p003-f01,10.1021_acs.chemmater.3c01952-p003-f01-s04,ABC Stacking,COF-C2-80,ABC Stacking,5.083000,0.120500
10.1021_acs.chemmater.3c01952,10.1021_acs.chemmater.3c01952-p003-f01,10.1021_acs.chemmater.3c01952-p003-f01-s04,ABC Stacking,COF-C2-80,ABC Stacking,5.103000,0.119700
10.1021_acs.chemmater.3c01952,10.1021_acs.chemmater.3c01952-p003-f01,10.1021_acs.chemmater.3c01952-p003-f01-s04,ABC Stacking,COF-C2-80,ABC Stacking,5.123000,0.119000
10.1021_acs.chemmater.3c01952,10.1021_acs.chemmater.3c01952-p003-f01,10.1021_acs.chemmater.3c01952-p003-f01-s04,ABC Stacking,COF-C2-80,ABC Stacking,5.143000,0.118200
10.1021_acs.chemmater.3c01952,10.1021_acs.chemmater.3c01952-p003-f01,10.1021_acs.chemmater.3c01952-p003-f01-s04,ABC Stacking,COF-C2-80,ABC Stacking,5.163000,0.117500
10.1021_acs.chemmater.3c01952,10.1021_acs.chemmater.3c01952-p003-f01,10.1021_acs.chemmater.3c01952-p003-f01-s04,ABC Stacking,COF-C2-80,ABC Stacking,5.183000,0.116700
10.1021_acs.chemmater.3c01952,10.1021_acs.chemmater.3c01952-p003-f01,10.1021_acs.chemmater.3c01952-p003-f01-s04,ABC Stacking,COF-C2-80,ABC Stacking,5.203000,0.116000
10.1021_acs.chemmater.3c01952,10.1021_acs.chemmater.3c01952-p003-f01,10.1021_acs.chemmater.3c01952-p003-f01-s04,ABC Stacking,COF-C2-80,ABC Stacking,5.223000,0.115200
10.1021_acs.chemmater.3c01952,10.1021_acs.chemmater.3c01952-p003-f01,10.1021_acs.chemmater.3c01952-p003-f01-s04,ABC Stacking,COF-C2-80,ABC Stacking,5.243000,0.114500
10.1021_acs.chemmater.3c01952,10.1021_acs.chemmater.3c01952-p003-f01,10.1021_acs.chemmater.3c01952-p003-f01-s04,ABC Stacking,COF-C2-80,ABC Stacking,5.263000,0.113700
10.1021_acs.chemmater.3c01952,10.1021_acs.chemmater.3c01952-p003-f01,10.1021_acs.chemmater.3c01952-p003-f01-s04,ABC Stacking,COF-C2-80,ABC Stacking,5.283000,0.113000
10.1021_acs.chemmater.3c01952,10.1021_acs.chemmater.3c01952-p003-f01,10.1021_acs.chemmater.3c01952-p003-f01-s04,ABC Stacking,COF-C2-80,ABC Stacking,5.303000,0.112200
10.1021_acs.chemmater.3c01952,10.1021_acs.chemmater.3c01952-p003-f01,10.1021_acs.chemmater.3c01952-p003-f01-s04,ABC Stacking,COF-C2-80,ABC Stacking,5.323000,0.111500
10.1021_acs.chemmater.3c01952,10.1021_acs.chemmater.3c01952-p003-f01,10.1021_acs.chemmater.3c01952-p003-f01-s04,ABC Stacking,COF-C2-80,ABC Stacking,5.343000,0.110800
10.1021_acs.chemmater.3c01952,10.1021_acs.chemmater.3c01952-p003-f01,10.1021_acs.chemmater.3c01952-p003-f01-s04,ABC Stacking,COF-C2-80,ABC Stacking,5.363000,0.110000
10.1021_acs.chemmater.3c01952,10.1021_acs.chemmater.3c01952-p003-f01,10.1021_acs.chemmater.3c01952-p003-f01-s04,ABC Stacking,COF-C2-80,ABC Stacking,5.383000,0.109300
10.1021_acs.chemmater.3c01952,10.1021_acs.chemmater.3c01952-p003-f01,10.1021_acs.chemmater.3c01952-p003-f01-s04,ABC Stacking,COF-C2-80,ABC Stacking,5.403000,0.108600
10.1021_acs.chemmater.3c01952,10.1021_acs.chemmater.3c01952-p003-f01,10.1021_acs.chemmater.3c01952-p003-f01-s04,ABC Stacking,COF-C2-80,ABC Stacking,5.423000,0.107800
10.1021_acs.chemmater.3c01952,10.1021_acs.chemmater.3c01952-p003-f01,10.1021_acs.chemmater.3c01952-p003-f01-s04,ABC Stacking,COF-C2-80,ABC Stacking,5.443000,0.107100
10.1021_acs.chemmater.3c01952,10.1021_acs.chemmater.3c01952-p003-f01,10.1021_acs.chemmater.3c01952-p003-f01-s04,ABC Stacking,COF-C2-80,ABC Stacking,5.463000,0.106400
10.1021_acs.chemmater.3c01952,10.1021_acs.chemmater.3c01952-p003-f01,10.1021_acs.chemmater.3c01952-p003-f01-s04,ABC Stacking,COF-C2-80,ABC Stacking,5.483000,0.105700
10.1021_acs.chemmater.3c01952,10.1021_acs.chemmater.3c01952-p003-f01,10.1021_acs.chemmater.3c01952-p003-f01-s04,ABC Stacking,COF-C2-80,ABC Stacking,5.503000,0.104900
10.1021_acs.chemmater.3c01952,10.1021_acs.chemmater.3c01952-p003-f01,10.1021_acs.chemmater.3c01952-p003-f01-s04,ABC Stacking,COF-C2-80,ABC Stacking,5.523000,0.104200
10.1021_acs.chemmater.3c01952,10.1021_acs.chemmater.3c01952-p003-f01,10.1021_acs.chemmater.3c01952-p003-f01-s04,ABC Stacking,COF-C2-80,ABC Stacking,5.543000,0.103500
10.1021_acs.chemmater.3c01952,10.1021_acs.chemmater.3c01952-p003-f01,10.1021_acs.chemmater.3c01952-p003-f01-s04,ABC Stacking,COF-C2-80,ABC Stacking,5.563000,0.102800
10.1021_acs.chemmater.3c01952,10.1021_acs.chemmater.3c01952-p003-f01,10.1021_acs.chemmater.3c01952-p003-f01-s04,ABC Stacking,COF-C2-80,ABC Stacking,5.583000,0.102100
10.1021_acs.chemmater.3c01952,10.1021_acs.chemmater.3c01952-p003-f01,10.1021_acs.chemmater.3c01952-p003-f01-s04,ABC Stacking,COF-C2-80,ABC Stacking,5.603000,0.101400
10.1021_acs.chemmater.3c01952,10.1021_acs.chemmater.3c01952-p003-f01,10.1021_acs.chemmater.3c01952-p003-f01-s04,ABC Stacking,COF-C2-80,ABC Stacking,5.623000,0.100700
10.1021_acs.chemmater.3c01952,10.1021_acs.chemmater.3c01952-p003-f01,10.1021_acs.chemmater.3c01952-p003-f01-s04,ABC Stacking,COF-C2-80,ABC Stacking,5.643000,0.100000
10.1021_acs.chemmater.3c01952,10.1021_acs.chemmater.3c01952-p003-f01,10.1021_acs.chemmater.3c01952-p003-f01-s04,ABC Stacking,COF-C2-80,ABC Stacking,5.663000,0.099300
10.1021_acs.chemmater.3c01952,10.1021_acs.chemmater.3c01952-p003-f01,10.1021_acs.chemmater.3c01952-p003-f01-s04,ABC Stacking,COF-C2-80,ABC Stacking,5.683000,0.098600
10.1021_acs.chemmater.3c01952,10.1021_acs.chemmater.3c01952-p003-f01,10.1021_acs.chemmater.3c01952-p003-f01-s04,ABC Stacking,COF-C2-80,ABC Stacking,5.703000,0.097900
10.1021_acs.chemmater.3c01952,10.1021_acs.chemmater.3c01952-p003-f01,10.1021_acs.chemmater.3c01952-p003-f01-s04,ABC Stacking,COF-C2-80,ABC Stacking,5.723000,0.097200
10.1021_acs.chemmater.3c01952,10.1021_acs.chemmater.3c01952-p003-f01,10.1021_acs.chemmater.3c01952-p003-f01-s04,ABC Stacking,COF-C2-80,ABC Stacking,5.743000,0.096500
10.1021_acs.chemmater.3c01952,10.1021_acs.chemmater.3c01952-p003-f01,10.1021_acs.chemmater.3c01952-p003-f01-s04,ABC Stacking,COF-C2-80,ABC Stacking,5.763000,0.095800
10.1021_acs.chemmater.3c01952,10.1021_acs.chemmater.3c01952-p003-f01,10.1021_acs.chemmater.3c01952-p003-f01-s04,ABC Stacking,COF-C2-80,ABC Stacking,5.783000,0.097400
10.1021_acs.chemmater.3c01952,10.1021_acs.chemmater.3c01952-p003-f01,10.1021_acs.chemmater.3c01952-p003-f01-s04,ABC Stacking,COF-C2-80,ABC Stacking,5.803000,0.101400
10.1021_acs.chemmater.3c01952,10.1021_acs.chemmater.3c01952-p003-f01,10.1021_acs.chemmater.3c01952-p003-f01-s04,ABC Stacking,COF-C2-80,ABC Stacking,5.823000,0.056300
10.1021_acs.chemmater.3c01952,10.1021_acs.chemmater.3c01952-p003-f01,10.1021_acs.chemmater.3c01952-p003-f01-s04,ABC Stacking,COF-C2-80,ABC Stacking,5.843000,-0.247300
10.1021_acs.chemmater.3c01952,10.1021_acs.chemmater.3c01952-p003-f01,10.1021_acs.chemmater.3c01952-p003-f01-s04,ABC Stacking,COF-C2-80,ABC Stacking,5.863000,-0.616900
10.1021_acs.chemmater.3c01952,10.1021_acs.chemmater.3c01952-p003-f01,10.1021_acs.chemmater.3c01952-p003-f01-s04,ABC Stacking,COF-C2-80,ABC Stacking,5.883000,-0.210600
10.1021_acs.chemmater.3c01952,10.1021_acs.chemmater.3c01952-p003-f01,10.1021_acs.chemmater.3c01952-p003-f01-s04,ABC Stacking,COF-C2-80,ABC Stacking,5.903000,0.925800
10.1021_acs.chemmater.3c01952,10.1021_acs.chemmater.3c01952-p003-f01,10.1021_acs.chemmater.3c01952-p003-f01-s04,ABC Stacking,COF-C2-80,ABC Stacking,5.923000,2.703700
10.1021_acs.chemmater.3c01952,10.1021_acs.chemmater.3c01952-p003-f01,10.1021_acs.chemmater.3c01952-p003-f01-s04,ABC Stacking,COF-C2-80,ABC Stacking,5.943000,4.996000
10.1021_acs.chemmater.3c01952,10.1021_acs.chemmater.3c01952-p003-f01,10.1021_acs.chemmater.3c01952-p003-f01-s04,ABC Stacking,COF-C2-80,ABC Stacking,5.963000,7.664700
10.1021_acs.chemmater.3c01952,10.1021_acs.chemmater.3c01952-p003-f01,10.1021_acs.chemmater.3c01952-p003-f01-s04,ABC Stacking,COF-C2-80,ABC Stacking,5.983000,10.490000
10.1021_acs.chemmater.3c01952,10.1021_acs.chemmater.3c01952-p003-f01,10.1021_acs.chemmater.3c01952-p003-f01-s04,ABC Stacking,COF-C2-80,ABC Stacking,6.003000,13.183400
10.1021_acs.chemmater.3c01952,10.1021_acs.chemmater.3c01952-p003-f01,10.1021_acs.chemmater.3c01952-p003-f01-s04,ABC Stacking,COF-C2-80,ABC Stacking,6.023000,15.248100
10.1021_acs.chemmater.3c01952,10.1021_acs.chemmater.3c01952-p003-f01,10.1021_acs.chemmater.3c01952-p003-f01-s04,ABC Stacking,COF-C2-80,ABC Stacking,6.043000,16.261800
10.1021_acs.chemmater.3c01952,10.1021_acs.chemmater.3c01952-p003-f01,10.1021_acs.chemmater.3c01952-p003-f01-s04,ABC Stacking,COF-C2-80,ABC Stacking,6.063000,16.457100
10.1021_acs.chemmater.3c01952,10.1021_acs.chemmater.3c01952-p003-f01,10.1021_acs.chemmater.3c01952-p003-f01-s04,ABC Stacking,COF-C2-80,ABC Stacking,6.083000,16.342800
10.1021_acs.chemmater.3c01952,10.1021_acs.chemmater.3c01952-p003-f01,10.1021_acs.chemmater.3c01952-p003-f01-s04,ABC Stacking,COF-C2-80,ABC Stacking,6.103000,15.693100
10.1021_acs.chemmater.3c01952,10.1021_acs.chemmater.3c01952-p003-f01,10.1021_acs.chemmater.3c01952-p003-f01-s04,ABC Stacking,COF-C2-80,ABC Stacking,6.123000,14.615300
10.1021_acs.chemmater.3c01952,10.1021_acs.chemmater.3c01952-p003-f01,10.1021_acs.chemmater.3c01952-p003-f01-s04,ABC Stacking,COF-C2-80,ABC Stacking,6.143000,13.270400
10.1021_acs.chemmater.3c01952,10.1021_acs.chemmater.3c01952-p003-f01,10.1021_acs.chemmater.3c01952-p003-f01-s04,ABC Stacking,COF-C2-80,ABC Stacking,6.163000,11.470300
10.1021_acs.chemmater.3c01952,10.1021_acs.chemmater.3c01952-p003-f01,10.1021_acs.chemmater.3c01952-p003-f01-s04,ABC Stacking,COF-C2-80,ABC Stacking,6.183000,9.338500
10.1021_acs.chemmater.3c01952,10.1021_acs.chemmater.3c01952-p003-f01,10.1021_acs.chemmater.3c01952-p003-f01-s04,ABC Stacking,COF-C2-80,ABC Stacking,6.203000,7.140600
10.1021_acs.chemmater.3c01952,10.1021_acs.chemmater.3c01952-p003-f01,10.1021_acs.chemmater.3c01952-p003-f01-s04,ABC Stacking,COF-C2-80,ABC Stacking,6.223000,5.016600
10.1021_acs.chemmater.3c01952,10.1021_acs.chemmater.3c01952-p003-f01,10.1021_acs.chemmater.3c01952-p003-f01-s04,ABC Stacking,COF-C2-80,ABC Stacking,6.243000,3.101300
10.1021_acs.chemmater.3c01952,10.1021_acs.chemmater.3c01952-p003-f01,10.1021_acs.chemmater.3c01952-p003-f01-s04,ABC Stacking,COF-C2-80,ABC Stacking,6.263000,1.518000
10.1021_acs.chemmater.3c01952,10.1021_acs.chemmater.3c01952-p003-f01,10.1021_acs.chemmater.3c01952-p003-f01-s04,ABC Stacking,COF-C2-80,ABC Stacking,6.283000,0.360400
10.1021_acs.chemmater.3c01952,10.1021_acs.chemmater.3c01952-p003-f01,10.1021_acs.chemmater.3c01952-p003-f01-s04,ABC Stacking,COF-C2-80,ABC Stacking,6.303000,-0.234000
10.1021_acs.chemmater.3c01952,10.1021_acs.chemmater.3c01952-p003-f01,10.1021_acs.chemmater.3c01952-p003-f01-s04,ABC Stacking,COF-C2-80,ABC Stacking,6.323000,-0.318100
10.1021_acs.chemmater.3c01952,10.1021_acs.chemmater.3c01952-p003-f01,10.1021_acs.chemmater.3c01952-p003-f01-s04,ABC Stacking,COF-C2-80,ABC Stacking,6.343000,-0.073600
10.1021_acs.chemmater.3c01952,10.1021_acs.chemmater.3c01952-p003-f01,10.1021_acs.chemmater.3c01952-p003-f01-s04,ABC Stacking,COF-C2-80,ABC Stacking,6.363000,0.048300
10.1021_acs.chemmater.3c01952,10.1021_acs.chemmater.3c01952-p003-f01,10.1021_acs.chemmater.3c01952-p003-f01-s04,ABC Stacking,COF-C2-80,ABC Stacking,6.383000,0.075400
10.1021_acs.chemmater.3c01952,10.1021_acs.chemmater.3c01952-p003-f01,10.1021_acs.chemmater.3c01952-p003-f01-s04,ABC Stacking,COF-C2-80,ABC Stacking,6.403000,0.074700
10.1021_acs.chemmater.3c01952,10.1021_acs.chemmater.3c01952-p003-f01,10.1021_acs.chemmater.3c01952-p003-f01-s04,ABC Stacking,COF-C2-80,ABC Stacking,6.423000,0.074100
10.1021_acs.chemmater.3c01952,10.1021_acs.chemmater.3c01952-p003-f01,10.1021_acs.chemmater.3c01952-p003-f01-s04,ABC Stacking,COF-C2-80,ABC Stacking,6.443000,0.073500
10.1021_acs.chemmater.3c01952,10.1021_acs.chemmater.3c01952-p003-f01,10.1021_acs.chemmater.3c01952-p003-f01-s04,ABC Stacking,COF-C2-80,ABC Stacking,6.463000,0.072900
10.1021_acs.chemmater.3c01952,10.1021_acs.chemmater.3c01952-p003-f01,10.1021_acs.chemmater.3c01952-p003-f01-s04,ABC Stacking,COF-C2-80,ABC Stacking,6.483000,0.072300
10.1021_acs.chemmater.3c01952,10.1021_acs.chemmater.3c01952-p003-f01,10.1021_acs.chemmater.3c01952-p003-f01-s04,ABC Stacking,COF-C2-80,ABC Stacking,6.503000,0.071700
10.1021_acs.chemmater.3c01952,10.1021_acs.chemmater.3c01952-p003-f01,10.1021_acs.chemmater.3c01952-p003-f01-s04,ABC Stacking,COF-C2-80,ABC Stacking,6.523000,0.071100
10.1021_acs.chemmater.3c01952,10.1021_acs.chemmater.3c01952-p003-f01,10.1021_acs.chemmater.3c01952-p003-f01-s04,ABC Stacking,COF-C2-80,ABC Stacking,6.543000,0.070400
10.1021_acs.chemmater.3c01952,10.1021_acs.chemmater.3c01952-p003-f01,10.1021_acs.chemmater.3c01952-p003-f01-s04,ABC Stacking,COF-C2-80,ABC Stacking,6.563000,0.069800
10.1021_acs.chemmater.3c01952,10.1021_acs.chemmater.3c01952-p003-f01,10.1021_acs.chemmater.3c01952-p003-f01-s04,ABC Stacking,COF-C2-80,ABC Stacking,6.583000,0.069200
10.1021_acs.chemmater.3c01952,10.1021_acs.chemmater.3c01952-p003-f01,10.1021_acs.chemmater.3c01952-p003-f01-s04,ABC Stacking,COF-C2-80,ABC Stacking,6.603000,0.068600
10.1021_acs.chemmater.3c01952,10.1021_acs.chemmater.3c01952-p003-f01,10.1021_acs.chemmater.3c01952-p003-f01-s04,ABC Stacking,COF-C2-80,ABC Stacking,6.623000,0.068000
10.1021_acs.chemmater.3c01952,10.1021_acs.chemmater.3c01952-p003-f01,10.1021_acs.chemmater.3c01952-p003-f01-s04,ABC Stacking,COF-C2-80,ABC Stacking,6.643000,0.067400
10.1021_acs.chemmater.3c01952,10.1021_acs.chemmater.3c01952-p003-f01,10.1021_acs.chemmater.3c01952-p003-f01-s04,ABC Stacking,COF-C2-80,ABC Stacking,6.663000,0.066900
10.1021_acs.chemmater.3c01952,10.1021_acs.chemmater.3c01952-p003-f01,10.1021_acs.chemmater.3c01952-p003-f01-s04,ABC Stacking,COF-C2-80,ABC Stacking,6.683000,0.066300
10.1021_acs.chemmater.3c01952,10.1021_acs.chemmater.3c01952-p003-f01,10.1021_acs.chemmater.3c01952-p003-f01-s04,ABC Stacking,COF-C2-80,ABC Stacking,6.703000,0.065700
10.1021_acs.chemmater.3c01952,10.1021_acs.chemmater.3c01952-p003-f01,10.1021_acs.chemmater.3c01952-p003-f01-s04,ABC Stacking,COF-C2-80,ABC Stacking,6.723000,0.065100
10.1021_acs.chemmater.3c01952,10.1021_acs.chemmater.3c01952-p003-f01,10.1021_acs.chemmater.3c01952-p003-f01-s04,ABC Stacking,COF-C2-80,ABC Stacking,6.743000,0.064500
10.1021_acs.chemmater.3c01952,10.1021_acs.chemmater.3c01952-p003-f01,10.1021_acs.chemmater.3c01952-p003-f01-s04,ABC Stacking,COF-C2-80,ABC Stacking,6.763000,0.063900
10.1021_acs.chemmater.3c01952,10.1021_acs.chemmater.3c01952-p003-f01,10.1021_acs.chemmater.3c01952-p003-f01-s04,ABC Stacking,COF-C2-80,ABC Stacking,6.783000,0.063300
10.1021_acs.chemmater.3c01952,10.1021_acs.chemmater.3c01952-p003-f01,10.1021_acs.chemmater.3c01952-p003-f01-s04,ABC Stacking,COF-C2-80,ABC Stacking,6.803000,0.062700
10.1021_acs.chemmater.3c01952,10.1021_acs.chemmater.3c01952-p003-f01,10.1021_acs.chemmater.3c01952-p003-f01-s04,ABC Stacking,COF-C2-80,ABC Stacking,6.823000,0.062200
10.1021_acs.chemmater.3c01952,10.1021_acs.chemmater.3c01952-p003-f01,10.1021_acs.chemmater.3c01952-p003-f01-s04,ABC Stacking,COF-C2-80,ABC Stacking,6.843000,0.061600
10.1021_acs.chemmater.3c01952,10.1021_acs.chemmater.3c01952-p003-f01,10.1021_acs.chemmater.3c01952-p003-f01-s04,ABC Stacking,COF-C2-80,ABC Stacking,6.863000,0.061000
10.1021_acs.chemmater.3c01952,10.1021_acs.chemmater.3c01952-p003-f01,10.1021_acs.chemmater.3c01952-p003-f01-s04,ABC Stacking,COF-C2-80,ABC Stacking,6.883000,0.060400
10.1021_acs.chemmater.3c01952,10.1021_acs.chemmater.3c01952-p003-f01,10.1021_acs.chemmater.3c01952-p003-f01-s04,ABC Stacking,COF-C2-80,ABC Stacking,6.903000,0.059900
10.1021_acs.chemmater.3c01952,10.1021_acs.chemmater.3c01952-p003-f01,10.1021_acs.chemmater.3c01952-p003-f01-s04,ABC Stacking,COF-C2-80,ABC Stacking,6.923000,0.059300
10.1021_acs.chemmater.3c01952,10.1021_acs.chemmater.3c01952-p003-f01,10.1021_acs.chemmater.3c01952-p003-f01-s04,ABC Stacking,COF-C2-80,ABC Stacking,6.943000,0.058700
10.1021_acs.chemmater.3c01952,10.1021_acs.chemmater.3c01952-p003-f01,10.1021_acs.chemmater.3c01952-p003-f01-s04,ABC Stacking,COF-C2-80,ABC Stacking,6.963000,0.058200
10.1021_acs.chemmater.3c01952,10.1021_acs.chemmater.3c01952-p003-f01,10.1021_acs.chemmater.3c01952-p003-f01-s04,ABC Stacking,COF-C2-80,ABC Stacking,6.983000,0.057600
10.1021_acs.chemmater.3c01952,10.1021_acs.chemmater.3c01952-p003-f01,10.1021_acs.chemmater.3c01952-p003-f01-s04,ABC Stacking,COF-C2-80,ABC Stacking,7.003000,0.057000
10.1021_acs.chemmater.3c01952,10.1021_acs.chemmater.3c01952-p003-f01,10.1021_acs.chemmater.3c01952-p003-f01-s04,ABC Stacking,COF-C2-80,ABC Stacking,7.023000,0.056500
10.1021_acs.chemmater.3c01952,10.1021_acs.chemmater.3c01952-p003-f01,10.1021_acs.chemmater.3c01952-p003-f01-s04,ABC Stacking,COF-C2-80,ABC Stacking,7.043000,0.055900
10.1021_acs.chemmater.3c01952,10.1021_acs.chemmater.3c01952-p003-f01,10.1021_acs.chemmater.3c01952-p003-f01-s04,ABC Stacking,COF-C2-80,ABC Stacking,7.063000,0.055400
10.1021_acs.chemmater.3c01952,10.1021_acs.chemmater.3c01952-p003-f01,10.1021_acs.chemmater.3c01952-p003-f01-s04,ABC Stacking,COF-C2-80,ABC Stacking,7.083000,0.054800
10.1021_acs.chemmater.3c01952,10.1021_acs.chemmater.3c01952-p003-f01,10.1021_acs.chemmater.3c01952-p003-f01-s04,ABC Stacking,COF-C2-80,ABC Stacking,7.103000,0.054300
10.1021_acs.chemmater.3c01952,10.1021_acs.chemmater.3c01952-p003-f01,10.1021_acs.chemmater.3c01952-p003-f01-s04,ABC Stacking,COF-C2-80,ABC Stacking,7.123000,0.053700
10.1021_acs.chemmater.3c01952,10.1021_acs.chemmater.3c01952-p003-f01,10.1021_acs.chemmater.3c01952-p003-f01-s04,ABC Stacking,COF-C2-80,ABC Stacking,7.143000,0.053200
10.1021_acs.chemmater.3c01952,10.1021_acs.chemmater.3c01952-p003-f01,10.1021_acs.chemmater.3c01952-p003-f01-s04,ABC Stacking,COF-C2-80,ABC Stacking,7.163000,0.052600
10.1021_acs.chemmater.3c01952,10.1021_acs.chemmater.3c01952-p003-f01,10.1021_acs.chemmater.3c01952-p003-f01-s04,ABC Stacking,COF-C2-80,ABC Stacking,7.183000,0.052100
10.1021_acs.chemmater.3c01952,10.1021_acs.chemmater.3c01952-p003-f01,10.1021_acs.chemmater.3c01952-p003-f01-s04,ABC Stacking,COF-C2-80,ABC Stacking,7.203000,0.051500
10.1021_acs.chemmater.3c01952,10.1021_acs.chemmater.3c01952-p003-f01,10.1021_acs.chemmater.3c01952-p003-f01-s04,ABC Stacking,COF-C2-80,ABC Stacking,7.223000,0.051000
10.1021_acs.chemmater.3c01952,10.1021_acs.chemmater.3c01952-p003-f01,10.1021_acs.chemmater.3c01952-p003-f01-s04,ABC Stacking,COF-C2-80,ABC Stacking,7.243000,0.050400
10.1021_acs.chemmater.3c01952,10.1021_acs.chemmater.3c01952-p003-f01,10.1021_acs.chemmater.3c01952-p003-f01-s04,ABC Stacking,COF-C2-80,ABC Stacking,7.263000,0.049900
10.1021_acs.chemmater.3c01952,10.1021_acs.chemmater.3c01952-p003-f01,10.1021_acs.chemmater.3c01952-p003-f01-s04,ABC Stacking,COF-C2-80,ABC Stacking,7.283000,0.049400
10.1021_acs.chemmater.3c01952,10.1021_acs.chemmater.3c01952-p003-f01,10.1021_acs.chemmater.3c01952-p003-f01-s04,ABC Stacking,COF-C2-80,ABC Stacking,7.303000,0.048800
10.1021_acs.chemmater.3c01952,10.1021_acs.chemmater.3c01952-p003-f01,10.1021_acs.chemmater.3c01952-p003-f01-s04,ABC Stacking,COF-C2-80,ABC Stacking,7.323000,0.048300
10.1021_acs.chemmater.3c01952,10.1021_acs.chemmater.3c01952-p003-f01,10.1021_acs.chemmater.3c01952-p003-f01-s04,ABC Stacking,COF-C2-80,ABC Stacking,7.343000,0.047700
10.1021_acs.chemmater.3c01952,10.1021_acs.chemmater.3c01952-p003-f01,10.1021_acs.chemmater.3c01952-p003-f01-s04,ABC Stacking,COF-C2-80,ABC Stacking,7.363000,0.047200
10.1021_acs.chemmater.3c01952,10.1021_acs.chemmater.3c01952-p003-f01,10.1021_acs.chemmater.3c01952-p003-f01-s04,ABC Stacking,COF-C2-80,ABC Stacking,7.383000,0.046700
10.1021_acs.chemmater.3c01952,10.1021_acs.chemmater.3c01952-p003-f01,10.1021_acs.chemmater.3c01952-p003-f01-s04,ABC Stacking,COF-C2-80,ABC Stacking,7.403000,0.046200
10.1021_acs.chemmater.3c01952,10.1021_acs.chemmater.3c01952-p003-f01,10.1021_acs.chemmater.3c01952-p003-f01-s04,ABC Stacking,COF-C2-80,ABC Stacking,7.423000,0.045600
10.1021_acs.chemmater.3c01952,10.1021_acs.chemmater.3c01952-p003-f01,10.1021_acs.chemmater.3c01952-p003-f01-s04,ABC Stacking,COF-C2-80,ABC Stacking,7.443000,0.045100
10.1021_acs.chemmater.3c01952,10.1021_acs.chemmater.3c01952-p003-f01,10.1021_acs.chemmater.3c01952-p003-f01-s04,ABC Stacking,COF-C2-80,ABC Stacking,7.463000,0.044600
10.1021_acs.chemmater.3c01952,10.1021_acs.chemmater.3c01952-p003-f01,10.1021_acs.chemmater.3c01952-p003-f01-s04,ABC Stacking,COF-C2-80,ABC Stacking,7.483000,0.044100
10.1021_acs.chemmater.3c01952,10.1021_acs.chemmater.3c01952-p003-f01,10.1021_acs.chemmater.3c01952-p003-f01-s04,ABC Stacking,COF-C2-80,ABC Stacking,7.503000,0.043500
10.1021_acs.chemmater.3c01952,10.1021_acs.chemmater.3c01952-p003-f01,10.1021_acs.chemmater.3c01952-p003-f01-s04,ABC Stacking,COF-C2-80,ABC Stacking,7.523000,0.043000
10.1021_acs.chemmater.3c01952,10.1021_acs.chemmater.3c01952-p003-f01,10.1021_acs.chemmater.3c01952-p003-f01-s04,ABC Stacking,COF-C2-80,ABC Stacking,7.543000,0.042500
10.1021_acs.chemmater.3c01952,10.1021_acs.chemmater.3c01952-p003-f01,10.1021_acs.chemmater.3c01952-p003-f01-s04,ABC Stacking,COF-C2-80,ABC Stacking,7.563000,0.042000
10.1021_acs.chemmater.3c01952,10.1021_acs.chemmater.3c01952-p003-f01,10.1021_acs.chemmater.3c01952-p003-f01-s04,ABC Stacking,COF-C2-80,ABC Stacking,7.583000,0.041500
10.1021_acs.chemmater.3c01952,10.1021_acs.chemmater.3c01952-p003-f01,10.1021_acs.chemmater.3c01952-p003-f01-s04,ABC Stacking,COF-C2-80,ABC Stacking,7.603000,0.041000
10.1021_acs.chemmater.3c01952,10.1021_acs.chemmater.3c01952-p003-f01,10.1021_acs.chemmater.3c01952-p003-f01-s04,ABC Stacking,COF-C2-80,ABC Stacking,7.623000,0.040500
10.1021_acs.chemmater.3c01952,10.1021_acs.chemmater.3c01952-p003-f01,10.1021_acs.chemmater.3c01952-p003-f01-s04,ABC Stacking,COF-C2-80,ABC Stacking,7.643000,0.039900
10.1021_acs.chemmater.3c01952,10.1021_acs.chemmater.3c01952-p003-f01,10.1021_acs.chemmater.3c01952-p003-f01-s04,ABC Stacking,COF-C2-80,ABC Stacking,7.663000,0.039400
10.1021_acs.chemmater.3c01952,10.1021_acs.chemmater.3c01952-p003-f01,10.1021_acs.chemmater.3c01952-p003-f01-s04,ABC Stacking,COF-C2-80,ABC Stacking,7.683000,0.038900
10.1021_acs.chemmater.3c01952,10.1021_acs.chemmater.3c01952-p003-f01,10.1021_acs.chemmater.3c01952-p003-f01-s04,ABC Stacking,COF-C2-80,ABC Stacking,7.703000,0.038400
10.1021_acs.chemmater.3c01952,10.1021_acs.chemmater.3c01952-p003-f01,10.1021_acs.chemmater.3c01952-p003-f01-s04,ABC Stacking,COF-C2-80,ABC Stacking,7.723000,0.037900
10.1021_acs.chemmater.3c01952,10.1021_acs.chemmater.3c01952-p003-f01,10.1021_acs.chemmater.3c01952-p003-f01-s04,ABC Stacking,COF-C2-80,ABC Stacking,7.743000,0.037400
10.1021_acs.chemmater.3c01952,10.1021_acs.chemmater.3c01952-p003-f01,10.1021_acs.chemmater.3c01952-p003-f01-s04,ABC Stacking,COF-C2-80,ABC Stacking,7.763000,0.036900
10.1021_acs.chemmater.3c01952,10.1021_acs.chemmater.3c01952-p003-f01,10.1021_acs.chemmater.3c01952-p003-f01-s04,ABC Stacking,COF-C2-80,ABC Stacking,7.783000,0.036400
10.1021_acs.chemmater.3c01952,10.1021_acs.chemmater.3c01952-p003-f01,10.1021_acs.chemmater.3c01952-p003-f01-s04,ABC Stacking,COF-C2-80,ABC Stacking,7.803000,0.035900
10.1021_acs.chemmater.3c01952,10.1021_acs.chemmater.3c01952-p003-f01,10.1021_acs.chemmater.3c01952-p003-f01-s04,ABC Stacking,COF-C2-80,ABC Stacking,7.823000,0.035400
10.1021_acs.chemmater.3c01952,10.1021_acs.chemmater.3c01952-p003-f01,10.1021_acs.chemmater.3c01952-p003-f01-s04,ABC Stacking,COF-C2-80,ABC Stacking,7.843000,0.034900
10.1021_acs.chemmater.3c01952,10.1021_acs.chemmater.3c01952-p003-f01,10.1021_acs.chemmater.3c01952-p003-f01-s04,ABC Stacking,COF-C2-80,ABC Stacking,7.863000,0.034400
10.1021_acs.chemmater.3c01952,10.1021_acs.chemmater.3c01952-p003-f01,10.1021_acs.chemmater.3c01952-p003-f01-s04,ABC Stacking,COF-C2-80,ABC Stacking,7.883000,0.034000
10.1021_acs.chemmater.3c01952,10.1021_acs.chemmater.3c01952-p003-f01,10.1021_acs.chemmater.3c01952-p003-f01-s04,ABC Stacking,COF-C2-80,ABC Stacking,7.903000,0.033500
10.1021_acs.chemmater.3c01952,10.1021_acs.chemmater.3c01952-p003-f01,10.1021_acs.chemmater.3c01952-p003-f01-s04,ABC Stacking,COF-C2-80,ABC Stacking,7.923000,0.033000
10.1021_acs.chemmater.3c01952,10.1021_acs.chemmater.3c01952-p003-f01,10.1021_acs.chemmater.3c01952-p003-f01-s04,ABC Stacking,COF-C2-80,ABC Stacking,7.943000,0.032500
10.1021_acs.chemmater.3c01952,10.1021_acs.chemmater.3c01952-p003-f01,10.1021_acs.chemmater.3c01952-p003-f01-s04,ABC Stacking,COF-C2-80,ABC Stacking,7.963000,0.032000
10.1021_acs.chemmater.3c01952,10.1021_acs.chemmater.3c01952-p003-f01,10.1021_acs.chemmater.3c01952-p003-f01-s04,ABC Stacking,COF-C2-80,ABC Stacking,7.983000,0.031500
10.1021_acs.chemmater.3c01952,10.1021_acs.chemmater.3c01952-p003-f01,10.1021_acs.chemmater.3c01952-p003-f01-s04,ABC Stacking,COF-C2-80,ABC Stacking,8.003000,0.031100
10.1021_acs.chemmater.3c01952,10.1021_acs.chemmater.3c01952-p003-f01,10.1021_acs.chemmater.3c01952-p003-f01-s04,ABC Stacking,COF-C2-80,ABC Stacking,8.023000,0.030600
10.1021_acs.chemmater.3c01952,10.1021_acs.chemmater.3c01952-p003-f01,10.1021_acs.chemmater.3c01952-p003-f01-s04,ABC Stacking,COF-C2-80,ABC Stacking,8.043000,0.030100
10.1021_acs.chemmater.3c01952,10.1021_acs.chemmater.3c01952-p003-f01,10.1021_acs.chemmater.3c01952-p003-f01-s04,ABC Stacking,COF-C2-80,ABC Stacking,8.063000,0.029600
10.1021_acs.chemmater.3c01952,10.1021_acs.chemmater.3c01952-p003-f01,10.1021_acs.chemmater.3c01952-p003-f01-s04,ABC Stacking,COF-C2-80,ABC Stacking,8.083000,0.029200
10.1021_acs.chemmater.3c01952,10.1021_acs.chemmater.3c01952-p003-f01,10.1021_acs.chemmater.3c01952-p003-f01-s04,ABC Stacking,COF-C2-80,ABC Stacking,8.103000,0.028700
10.1021_acs.chemmater.3c01952,10.1021_acs.chemmater.3c01952-p003-f01,10.1021_acs.chemmater.3c01952-p003-f01-s04,ABC Stacking,COF-C2-80,ABC Stacking,8.123000,0.028200
10.1021_acs.chemmater.3c01952,10.1021_acs.chemmater.3c01952-p003-f01,10.1021_acs.chemmater.3c01952-p003-f01-s04,ABC Stacking,COF-C2-80,ABC Stacking,8.143000,0.027800
10.1021_acs.chemmater.3c01952,10.1021_acs.chemmater.3c01952-p003-f01,10.1021_acs.chemmater.3c01952-p003-f01-s04,ABC Stacking,COF-C2-80,ABC Stacking,8.163000,0.027300
10.1021_acs.chemmater.3c01952,10.1021_acs.chemmater.3c01952-p003-f01,10.1021_acs.chemmater.3c01952-p003-f01-s04,ABC Stacking,COF-C2-80,ABC Stacking,8.183000,0.026800
10.1021_acs.chemmater.3c01952,10.1021_acs.chemmater.3c01952-p003-f01,10.1021_acs.chemmater.3c01952-p003-f01-s04,ABC Stacking,COF-C2-80,ABC Stacking,8.203000,0.026400
10.1021_acs.chemmater.3c01952,10.1021_acs.chemmater.3c01952-p003-f01,10.1021_acs.chemmater.3c01952-p003-f01-s04,ABC Stacking,COF-C2-80,ABC Stacking,8.223000,0.025900
10.1021_acs.chemmater.3c01952,10.1021_acs.chemmater.3c01952-p003-f01,10.1021_acs.chemmater.3c01952-p003-f01-s04,ABC Stacking,COF-C2-80,ABC Stacking,8.243000,0.025500
10.1021_acs.chemmater.3c01952,10.1021_acs.chemmater.3c01952-p003-f01,10.1021_acs.chemmater.3c01952-p003-f01-s04,ABC Stacking,COF-C2-80,ABC Stacking,8.263000,0.025000
10.1021_acs.chemmater.3c01952,10.1021_acs.chemmater.3c01952-p003-f01,10.1021_acs.chemmater.3c01952-p003-f01-s04,ABC Stacking,COF-C2-80,ABC Stacking,8.283000,0.024600
10.1021_acs.chemmater.3c01952,10.1021_acs.chemmater.3c01952-p003-f01,10.1021_acs.chemmater.3c01952-p003-f01-s04,ABC Stacking,COF-C2-80,ABC Stacking,8.303000,0.024100
10.1021_acs.chemmater.3c01952,10.1021_acs.chemmater.3c01952-p003-f01,10.1021_acs.chemmater.3c01952-p003-f01-s04,ABC Stacking,COF-C2-80,ABC Stacking,8.323000,0.023700
10.1021_acs.chemmater.3c01952,10.1021_acs.chemmater.3c01952-p003-f01,10.1021_acs.chemmater.3c01952-p003-f01-s04,ABC Stacking,COF-C2-80,ABC Stacking,8.343000,0.023200
10.1021_acs.chemmater.3c01952,10.1021_acs.chemmater.3c01952-p003-f01,10.1021_acs.chemmater.3c01952-p003-f01-s04,ABC Stacking,COF-C2-80,ABC Stacking,8.363000,0.022800
10.1021_acs.chemmater.3c01952,10.1021_acs.chemmater.3c01952-p003-f01,10.1021_acs.chemmater.3c01952-p003-f01-s04,ABC Stacking,COF-C2-80,ABC Stacking,8.383000,0.022300
10.1021_acs.chemmater.3c01952,10.1021_acs.chemmater.3c01952-p003-f01,10.1021_acs.chemmater.3c01952-p003-f01-s04,ABC Stacking,COF-C2-80,ABC Stacking,8.403000,0.021900
10.1021_acs.chemmater.3c01952,10.1021_acs.chemmater.3c01952-p003-f01,10.1021_acs.chemmater.3c01952-p003-f01-s04,ABC Stacking,COF-C2-80,ABC Stacking,8.423000,0.021500
10.1021_acs.chemmater.3c01952,10.1021_acs.chemmater.3c01952-p003-f01,10.1021_acs.chemmater.3c01952-p003-f01-s04,ABC Stacking,COF-C2-80,ABC Stacking,8.443000,0.021000
10.1021_acs.chemmater.3c01952,10.1021_acs.chemmater.3c01952-p003-f01,10.1021_acs.chemmater.3c01952-p003-f01-s04,ABC Stacking,COF-C2-80,ABC Stacking,8.463000,0.020600
10.1021_acs.chemmater.3c01952,10.1021_acs.chemmater.3c01952-p003-f01,10.1021_acs.chemmater.3c01952-p003-f01-s04,ABC Stacking,COF-C2-80,ABC Stacking,8.483000,0.020200
10.1021_acs.chemmater.3c01952,10.1021_acs.chemmater.3c01952-p003-f01,10.1021_acs.chemmater.3c01952-p003-f01-s04,ABC Stacking,COF-C2-80,ABC Stacking,8.503000,0.019700
10.1021_acs.chemmater.3c01952,10.1021_acs.chemmater.3c01952-p003-f01,10.1021_acs.chemmater.3c01952-p003-f01-s04,ABC Stacking,COF-C2-80,ABC Stacking,8.523000,0.019300
10.1021_acs.chemmater.3c01952,10.1021_acs.chemmater.3c01952-p003-f01,10.1021_acs.chemmater.3c01952-p003-f01-s04,ABC Stacking,COF-C2-80,ABC Stacking,8.543000,0.018900
10.1021_acs.chemmater.3c01952,10.1021_acs.chemmater.3c01952-p003-f01,10.1021_acs.chemmater.3c01952-p003-f01-s04,ABC Stacking,COF-C2-80,ABC Stacking,8.563000,0.018500
10.1021_acs.chemmater.3c01952,10.1021_acs.chemmater.3c01952-p003-f01,10.1021_acs.chemmater.3c01952-p003-f01-s04,ABC Stacking,COF-C2-80,ABC Stacking,8.583000,0.018100
10.1021_acs.chemmater.3c01952,10.1021_acs.chemmater.3c01952-p003-f01,10.1021_acs.chemmater.3c01952-p003-f01-s04,ABC Stacking,COF-C2-80,ABC Stacking,8.603000,0.017700
10.1021_acs.chemmater.3c01952,10.1021_acs.chemmater.3c01952-p003-f01,10.1021_acs.chemmater.3c01952-p003-f01-s04,ABC Stacking,COF-C2-80,ABC Stacking,8.623000,0.017200
10.1021_acs.chemmater.3c01952,10.1021_acs.chemmater.3c01952-p003-f01,10.1021_acs.chemmater.3c01952-p003-f01-s04,ABC Stacking,COF-C2-80,ABC Stacking,8.643000,0.016800
10.1021_acs.chemmater.3c01952,10.1021_acs.chemmater.3c01952-p003-f01,10.1021_acs.chemmater.3c01952-p003-f01-s04,ABC Stacking,COF-C2-80,ABC Stacking,8.663000,0.016400
10.1021_acs.chemmater.3c01952,10.1021_acs.chemmater.3c01952-p003-f01,10.1021_acs.chemmater.3c01952-p003-f01-s04,ABC Stacking,COF-C2-80,ABC Stacking,8.683000,0.016000
10.1021_acs.chemmater.3c01952,10.1021_acs.chemmater.3c01952-p003-f01,10.1021_acs.chemmater.3c01952-p003-f01-s04,ABC Stacking,COF-C2-80,ABC Stacking,8.703000,0.015600
10.1021_acs.chemmater.3c01952,10.1021_acs.chemmater.3c01952-p003-f01,10.1021_acs.chemmater.3c01952-p003-f01-s04,ABC Stacking,COF-C2-80,ABC Stacking,8.723000,0.015200
10.1021_acs.chemmater.3c01952,10.1021_acs.chemmater.3c01952-p003-f01,10.1021_acs.chemmater.3c01952-p003-f01-s04,ABC Stacking,COF-C2-80,ABC Stacking,8.743000,0.014800
10.1021_acs.chemmater.3c01952,10.1021_acs.chemmater.3c01952-p003-f01,10.1021_acs.chemmater.3c01952-p003-f01-s04,ABC Stacking,COF-C2-80,ABC Stacking,8.763000,0.014500
10.1021_acs.chemmater.3c01952,10.1021_acs.chemmater.3c01952-p003-f01,10.1021_acs.chemmater.3c01952-p003-f01-s04,ABC Stacking,COF-C2-80,ABC Stacking,8.783000,0.014100
10.1021_acs.chemmater.3c01952,10.1021_acs.chemmater.3c01952-p003-f01,10.1021_acs.chemmater.3c01952-p003-f01-s04,ABC Stacking,COF-C2-80,ABC Stacking,8.803000,0.013700
10.1021_acs.chemmater.3c01952,10.1021_acs.chemmater.3c01952-p003-f01,10.1021_acs.chemmater.3c01952-p003-f01-s04,ABC Stacking,COF-C2-80,ABC Stacking,8.823000,0.013300
10.1021_acs.chemmater.3c01952,10.1021_acs.chemmater.3c01952-p003-f01,10.1021_acs.chemmater.3c01952-p003-f01-s04,ABC Stacking,COF-C2-80,ABC Stacking,8.843000,0.012900
10.1021_acs.chemmater.3c01952,10.1021_acs.chemmater.3c01952-p003-f01,10.1021_acs.chemmater.3c01952-p003-f01-s04,ABC Stacking,COF-C2-80,ABC Stacking,8.863000,0.012600
10.1021_acs.chemmater.3c01952,10.1021_acs.chemmater.3c01952-p003-f01,10.1021_acs.chemmater.3c01952-p003-f01-s04,ABC Stacking,COF-C2-80,ABC Stacking,8.883000,0.012200
10.1021_acs.chemmater.3c01952,10.1021_acs.chemmater.3c01952-p003-f01,10.1021_acs.chemmater.3c01952-p003-f01-s04,ABC Stacking,COF-C2-80,ABC Stacking,8.903000,0.011800
10.1021_acs.chemmater.3c01952,10.1021_acs.chemmater.3c01952-p003-f01,10.1021_acs.chemmater.3c01952-p003-f01-s04,ABC Stacking,COF-C2-80,ABC Stacking,8.923000,0.011500
10.1021_acs.chemmater.3c01952,10.1021_acs.chemmater.3c01952-p003-f01,10.1021_acs.chemmater.3c01952-p003-f01-s04,ABC Stacking,COF-C2-80,ABC Stacking,8.943000,0.011100
10.1021_acs.chemmater.3c01952,10.1021_acs.chemmater.3c01952-p003-f01,10.1021_acs.chemmater.3c01952-p003-f01-s04,ABC Stacking,COF-C2-80,ABC Stacking,8.963000,0.010800
10.1021_acs.chemmater.3c01952,10.1021_acs.chemmater.3c01952-p003-f01,10.1021_acs.chemmater.3c01952-p003-f01-s04,ABC Stacking,COF-C2-80,ABC Stacking,8.983000,0.010400
10.1021_acs.chemmater.3c01952,10.1021_acs.chemmater.3c01952-p003-f01,10.1021_acs.chemmater.3c01952-p003-f01-s04,ABC Stacking,COF-C2-80,ABC Stacking,9.003000,0.010100
10.1021_acs.chemmater.3c01952,10.1021_acs.chemmater.3c01952-p003-f01,10.1021_acs.chemmater.3c01952-p003-f01-s04,ABC Stacking,COF-C2-80,ABC Stacking,9.023000,0.009700
10.1021_acs.chemmater.3c01952,10.1021_acs.chemmater.3c01952-p003-f01,10.1021_acs.chemmater.3c01952-p003-f01-s04,ABC Stacking,COF-C2-80,ABC Stacking,9.043000,0.009400
10.1021_acs.chemmater.3c01952,10.1021_acs.chemmater.3c01952-p003-f01,10.1021_acs.chemmater.3c01952-p003-f01-s04,ABC Stacking,COF-C2-80,ABC Stacking,9.063000,0.009000
10.1021_acs.chemmater.3c01952,10.1021_acs.chemmater.3c01952-p003-f01,10.1021_acs.chemmater.3c01952-p003-f01-s04,ABC Stacking,COF-C2-80,ABC Stacking,9.083000,0.008700
10.1021_acs.chemmater.3c01952,10.1021_acs.chemmater.3c01952-p003-f01,10.1021_acs.chemmater.3c01952-p003-f01-s04,ABC Stacking,COF-C2-80,ABC Stacking,9.103000,0.008400
10.1021_acs.chemmater.3c01952,10.1021_acs.chemmater.3c01952-p003-f01,10.1021_acs.chemmater.3c01952-p003-f01-s04,ABC Stacking,COF-C2-80,ABC Stacking,9.123000,0.008100
10.1021_acs.chemmater.3c01952,10.1021_acs.chemmater.3c01952-p003-f01,10.1021_acs.chemmater.3c01952-p003-f01-s04,ABC Stacking,COF-C2-80,ABC Stacking,9.143000,0.007700
10.1021_acs.chemmater.3c01952,10.1021_acs.chemmater.3c01952-p003-f01,10.1021_acs.chemmater.3c01952-p003-f01-s04,ABC Stacking,COF-C2-80,ABC Stacking,9.163000,0.007400
10.1021_acs.chemmater.3c01952,10.1021_acs.chemmater.3c01952-p003-f01,10.1021_acs.chemmater.3c01952-p003-f01-s04,ABC Stacking,COF-C2-80,ABC Stacking,9.183000,0.007100
10.1021_acs.chemmater.3c01952,10.1021_acs.chemmater.3c01952-p003-f01,10.1021_acs.chemmater.3c01952-p003-f01-s04,ABC Stacking,COF-C2-80,ABC Stacking,9.203000,0.006800
10.1021_acs.chemmater.3c01952,10.1021_acs.chemmater.3c01952-p003-f01,10.1021_acs.chemmater.3c01952-p003-f01-s04,ABC Stacking,COF-C2-80,ABC Stacking,9.223000,0.006500
10.1021_acs.chemmater.3c01952,10.1021_acs.chemmater.3c01952-p003-f01,10.1021_acs.chemmater.3c01952-p003-f01-s04,ABC Stacking,COF-C2-80,ABC Stacking,9.243000,0.002600
10.1021_acs.chemmater.3c01952,10.1021_acs.chemmater.3c01952-p003-f01,10.1021_acs.chemmater.3c01952-p003-f01-s04,ABC Stacking,COF-C2-80,ABC Stacking,9.263000,-0.034000
10.1021_acs.chemmater.3c01952,10.1021_acs.chemmater.3c01952-p003-f01,10.1021_acs.chemmater.3c01952-p003-f01-s04,ABC Stacking,COF-C2-80,ABC Stacking,9.283000,-0.254700
10.1021_acs.chemmater.3c01952,10.1021_acs.chemmater.3c01952-p003-f01,10.1021_acs.chemmater.3c01952-p003-f01-s04,ABC Stacking,COF-C2-80,ABC Stacking,9.303000,-0.767800
10.1021_acs.chemmater.3c01952,10.1021_acs.chemmater.3c01952-p003-f01,10.1021_acs.chemmater.3c01952-p003-f01-s04,ABC Stacking,COF-C2-80,ABC Stacking,9.323000,-1.945700
10.1021_acs.chemmater.3c01952,10.1021_acs.chemmater.3c01952-p003-f01,10.1021_acs.chemmater.3c01952-p003-f01-s04,ABC Stacking,COF-C2-80,ABC Stacking,9.343000,-2.088700
10.1021_acs.chemmater.3c01952,10.1021_acs.chemmater.3c01952-p003-f01,10.1021_acs.chemmater.3c01952-p003-f01-s04,ABC Stacking,COF-C2-80,ABC Stacking,9.363000,0.658100
10.1021_acs.chemmater.3c01952,10.1021_acs.chemmater.3c01952-p003-f01,10.1021_acs.chemmater.3c01952-p003-f01-s04,ABC Stacking,COF-C2-80,ABC Stacking,9.383000,7.711800
10.1021_acs.chemmater.3c01952,10.1021_acs.chemmater.3c01952-p003-f01,10.1021_acs.chemmater.3c01952-p003-f01-s04,ABC Stacking,COF-C2-80,ABC Stacking,9.403000,18.895700
10.1021_acs.chemmater.3c01952,10.1021_acs.chemmater.3c01952-p003-f01,10.1021_acs.chemmater.3c01952-p003-f01-s04,ABC Stacking,COF-C2-80,ABC Stacking,9.423000,33.851000
10.1021_acs.chemmater.3c01952,10.1021_acs.chemmater.3c01952-p003-f01,10.1021_acs.chemmater.3c01952-p003-f01-s04,ABC Stacking,COF-C2-80,ABC Stacking,9.443000,51.372300
10.1021_acs.chemmater.3c01952,10.1021_acs.chemmater.3c01952-p003-f01,10.1021_acs.chemmater.3c01952-p003-f01-s04,ABC Stacking,COF-C2-80,ABC Stacking,9.463000,68.885700
10.1021_acs.chemmater.3c01952,10.1021_acs.chemmater.3c01952-p003-f01,10.1021_acs.chemmater.3c01952-p003-f01-s04,ABC Stacking,COF-C2-80,ABC Stacking,9.483000,83.295300
10.1021_acs.chemmater.3c01952,10.1021_acs.chemmater.3c01952-p003-f01,10.1021_acs.chemmater.3c01952-p003-f01-s04,ABC Stacking,COF-C2-80,ABC Stacking,9.503000,91.993900
10.1021_acs.chemmater.3c01952,10.1021_acs.chemmater.3c01952-p003-f01,10.1021_acs.chemmater.3c01952-p003-f01-s04,ABC Stacking,COF-C2-80,ABC Stacking,9.523000,93.095900
10.1021_acs.chemmater.3c01952,10.1021_acs.chemmater.3c01952-p003-f01,10.1021_acs.chemmater.3c01952-p003-f01-s04,ABC Stacking,COF-C2-80,ABC Stacking,9.543000,87.829700
10.1021_acs.chemmater.3c01952,10.1021_acs.chemmater.3c01952-p003-f01,10.1021_acs.chemmater.3c01952-p003-f01-s04,ABC Stacking,COF-C2-80,ABC Stacking,9.563000,77.729300
10.1021_acs.chemmater.3c01952,10.1021_acs.chemmater.3c01952-p003-f01,10.1021_acs.chemmater.3c01952-p003-f01-s04,ABC Stacking,COF-C2-80,ABC Stacking,9.583000,64.322500
10.1021_acs.chemmater.3c01952,10.1021_acs.chemmater.3c01952-p003-f01,10.1021_acs.chemmater.3c01952-p003-f01-s04,ABC Stacking,COF-C2-80,ABC Stacking,9.603000,49.719700
10.1021_acs.chemmater.3c01952,10.1021_acs.chemmater.3c01952-p003-f01,10.1021_acs.chemmater.3c01952-p003-f01-s04,ABC Stacking,COF-C2-80,ABC Stacking,9.623000,36.748200
10.1021_acs.chemmater.3c01952,10.1021_acs.chemmater.3c01952-p003-f01,10.1021_acs.chemmater.3c01952-p003-f01-s04,ABC Stacking,COF-C2-80,ABC Stacking,9.643000,27.142700
10.1021_acs.chemmater.3c01952,10.1021_acs.chemmater.3c01952-p003-f01,10.1021_acs.chemmater.3c01952-p003-f01-s04,ABC Stacking,COF-C2-80,ABC Stacking,9.663000,19.708800
10.1021_acs.chemmater.3c01952,10.1021_acs.chemmater.3c01952-p003-f01,10.1021_acs.chemmater.3c01952-p003-f01-s04,ABC Stacking,COF-C2-80,ABC Stacking,9.683000,14.225900
10.1021_acs.chemmater.3c01952,10.1021_acs.chemmater.3c01952-p003-f01,10.1021_acs.chemmater.3c01952-p003-f01-s04,ABC Stacking,COF-C2-80,ABC Stacking,9.703000,10.417600
10.1021_acs.chemmater.3c01952,10.1021_acs.chemmater.3c01952-p003-f01,10.1021_acs.chemmater.3c01952-p003-f01-s04,ABC Stacking,COF-C2-80,ABC Stacking,9.723000,7.572200
10.1021_acs.chemmater.3c01952,10.1021_acs.chemmater.3c01952-p003-f01,10.1021_acs.chemmater.3c01952-p003-f01-s04,ABC Stacking,COF-C2-80,ABC Stacking,9.743000,5.307500
10.1021_acs.chemmater.3c01952,10.1021_acs.chemmater.3c01952-p003-f01,10.1021_acs.chemmater.3c01952-p003-f01-s04,ABC Stacking,COF-C2-80,ABC Stacking,9.763000,3.201000
10.1021_acs.chemmater.3c01952,10.1021_acs.chemmater.3c01952-p003-f01,10.1021_acs.chemmater.3c01952-p003-f01-s04,ABC Stacking,COF-C2-80,ABC Stacking,9.783000,1.024300
10.1021_acs.chemmater.3c01952,10.1021_acs.chemmater.3c01952-p003-f01,10.1021_acs.chemmater.3c01952-p003-f01-s04,ABC Stacking,COF-C2-80,ABC Stacking,9.803000,-0.415000
10.1021_acs.chemmater.3c01952,10.1021_acs.chemmater.3c01952-p003-f01,10.1021_acs.chemmater.3c01952-p003-f01-s04,ABC Stacking,COF-C2-80,ABC Stacking,9.823000,-0.735800
10.1021_acs.chemmater.3c01952,10.1021_acs.chemmater.3c01952-p003-f01,10.1021_acs.chemmater.3c01952-p003-f01-s04,ABC Stacking,COF-C2-80,ABC Stacking,9.843000,-0.174100
10.1021_acs.chemmater.3c01952,10.1021_acs.chemmater.3c01952-p003-f01,10.1021_acs.chemmater.3c01952-p003-f01-s04,ABC Stacking,COF-C2-80,ABC Stacking,9.863000,-0.080400
10.1021_acs.chemmater.3c01952,10.1021_acs.chemmater.3c01952-p003-f01,10.1021_acs.chemmater.3c01952-p003-f01-s04,ABC Stacking,COF-C2-80,ABC Stacking,9.883000,-0.035600
10.1021_acs.chemmater.3c01952,10.1021_acs.chemmater.3c01952-p003-f01,10.1021_acs.chemmater.3c01952-p003-f01-s04,ABC Stacking,COF-C2-80,ABC Stacking,9.903000,-0.000500
10.1021_acs.chemmater.3c01952,10.1021_acs.chemmater.3c01952-p003-f01,10.1021_acs.chemmater.3c01952-p003-f01-s04,ABC Stacking,COF-C2-80,ABC Stacking,9.923000,0.000000
10.1021_acs.chemmater.3c01952,10.1021_acs.chemmater.3c01952-p003-f01,10.1021_acs.chemmater.3c01952-p003-f01-s04,ABC Stacking,COF-C2-80,ABC Stacking,9.943000,0.000000
10.1021_acs.chemmater.3c01952,10.1021_acs.chemmater.3c01952-p003-f01,10.1021_acs.chemmater.3c01952-p003-f01-s04,ABC Stacking,COF-C2-80,ABC Stacking,9.963000,0.000000
10.1021_acs.chemmater.3c01952,10.1021_acs.chemmater.3c01952-p003-f01,10.1021_acs.chemmater.3c01952-p003-f01-s04,ABC Stacking,COF-C2-80,ABC Stacking,9.983000,0.000000
10.1021_acs.chemmater.3c01952,10.1021_acs.chemmater.3c01952-p003-f01,10.1021_acs.chemmater.3c01952-p003-f01-s04,ABC Stacking,COF-C2-80,ABC Stacking,10.003000,0.000000
10.1021_acs.chemmater.3c01952,10.1021_acs.chemmater.3c01952-p003-f01,10.1021_acs.chemmater.3c01952-p003-f01-s04,ABC Stacking,COF-C2-80,ABC Stacking,10.023000,0.000000
10.1021_acs.chemmater.3c01952,10.1021_acs.chemmater.3c01952-p003-f01,10.1021_acs.chemmater.3c01952-p003-f01-s04,ABC Stacking,COF-C2-80,ABC Stacking,10.043000,0.000000
10.1021_acs.chemmater.3c01952,10.1021_acs.chemmater.3c01952-p003-f01,10.1021_acs.chemmater.3c01952-p003-f01-s04,ABC Stacking,COF-C2-80,ABC Stacking,10.063000,0.000000
10.1021_acs.chemmater.3c01952,10.1021_acs.chemmater.3c01952-p003-f01,10.1021_acs.chemmater.3c01952-p003-f01-s04,ABC Stacking,COF-C2-80,ABC Stacking,10.083000,0.000000
10.1021_acs.chemmater.3c01952,10.1021_acs.chemmater.3c01952-p003-f01,10.1021_acs.chemmater.3c01952-p003-f01-s04,ABC Stacking,COF-C2-80,ABC Stacking,10.103000,0.000000
10.1021_acs.chemmater.3c01952,10.1021_acs.chemmater.3c01952-p003-f01,10.1021_acs.chemmater.3c01952-p003-f01-s04,ABC Stacking,COF-C2-80,ABC Stacking,10.123000,0.000000
10.1021_acs.chemmater.3c01952,10.1021_acs.chemmater.3c01952-p003-f01,10.1021_acs.chemmater.3c01952-p003-f01-s04,ABC Stacking,COF-C2-80,ABC Stacking,10.143000,0.000000
10.1021_acs.chemmater.3c01952,10.1021_acs.chemmater.3c01952-p003-f01,10.1021_acs.chemmater.3c01952-p003-f01-s04,ABC Stacking,COF-C2-80,ABC Stacking,10.163000,0.000000
10.1021_acs.chemmater.3c01952,10.1021_acs.chemmater.3c01952-p003-f01,10.1021_acs.chemmater.3c01952-p003-f01-s04,ABC Stacking,COF-C2-80,ABC Stacking,10.183000,0.000000
10.1021_acs.chemmater.3c01952,10.1021_acs.chemmater.3c01952-p003-f01,10.1021_acs.chemmater.3c01952-p003-f01-s04,ABC Stacking,COF-C2-80,ABC Stacking,10.203000,0.000000
10.1021_acs.chemmater.3c01952,10.1021_acs.chemmater.3c01952-p003-f01,10.1021_acs.chemmater.3c01952-p003-f01-s04,ABC Stacking,COF-C2-80,ABC Stacking,10.223000,0.000000
10.1021_acs.chemmater.3c01952,10.1021_acs.chemmater.3c01952-p003-f01,10.1021_acs.chemmater.3c01952-p003-f01-s04,ABC Stacking,COF-C2-80,ABC Stacking,10.243000,0.000000
10.1021_acs.chemmater.3c01952,10.1021_acs.chemmater.3c01952-p003-f01,10.1021_acs.chemmater.3c01952-p003-f01-s04,ABC Stacking,COF-C2-80,ABC Stacking,10.263000,0.000000
10.1021_acs.chemmater.3c01952,10.1021_acs.chemmater.3c01952-p003-f01,10.1021_acs.chemmater.3c01952-p003-f01-s04,ABC Stacking,COF-C2-80,ABC Stacking,10.283000,0.000000
10.1021_acs.chemmater.3c01952,10.1021_acs.chemmater.3c01952-p003-f01,10.1021_acs.chemmater.3c01952-p003-f01-s04,ABC Stacking,COF-C2-80,ABC Stacking,10.303000,0.000000
10.1021_acs.chemmater.3c01952,10.1021_acs.chemmater.3c01952-p003-f01,10.1021_acs.chemmater.3c01952-p003-f01-s04,ABC Stacking,COF-C2-80,ABC Stacking,10.323000,0.000000
10.1021_acs.chemmater.3c01952,10.1021_acs.chemmater.3c01952-p003-f01,10.1021_acs.chemmater.3c01952-p003-f01-s04,ABC Stacking,COF-C2-80,ABC Stacking,10.343000,0.000000
10.1021_acs.chemmater.3c01952,10.1021_acs.chemmater.3c01952-p003-f01,10.1021_acs.chemmater.3c01952-p003-f01-s04,ABC Stacking,COF-C2-80,ABC Stacking,10.363000,0.000000
10.1021_acs.chemmater.3c01952,10.1021_acs.chemmater.3c01952-p003-f01,10.1021_acs.chemmater.3c01952-p003-f01-s04,ABC Stacking,COF-C2-80,ABC Stacking,10.383000,0.000000
10.1021_acs.chemmater.3c01952,10.1021_acs.chemmater.3c01952-p003-f01,10.1021_acs.chemmater.3c01952-p003-f01-s04,ABC Stacking,COF-C2-80,ABC Stacking,10.403000,0.000000
10.1021_acs.chemmater.3c01952,10.1021_acs.chemmater.3c01952-p003-f01,10.1021_acs.chemmater.3c01952-p003-f01-s04,ABC Stacking,COF-C2-80,ABC Stacking,10.423000,0.000000
10.1021_acs.chemmater.3c01952,10.1021_acs.chemmater.3c01952-p003-f01,10.1021_acs.chemmater.3c01952-p003-f01-s04,ABC Stacking,COF-C2-80,ABC Stacking,10.443000,0.000000
10.1021_acs.chemmater.3c01952,10.1021_acs.chemmater.3c01952-p003-f01,10.1021_acs.chemmater.3c01952-p003-f01-s04,ABC Stacking,COF-C2-80,ABC Stacking,10.463000,0.000000
10.1021_acs.chemmater.3c01952,10.1021_acs.chemmater.3c01952-p003-f01,10.1021_acs.chemmater.3c01952-p003-f01-s04,ABC Stacking,COF-C2-80,ABC Stacking,10.483000,0.000000
10.1021_acs.chemmater.3c01952,10.1021_acs.chemmater.3c01952-p003-f01,10.1021_acs.chemmater.3c01952-p003-f01-s04,ABC Stacking,COF-C2-80,ABC Stacking,10.503000,0.000000
10.1021_acs.chemmater.3c01952,10.1021_acs.chemmater.3c01952-p003-f01,10.1021_acs.chemmater.3c01952-p003-f01-s04,ABC Stacking,COF-C2-80,ABC Stacking,10.523000,0.000000
10.1021_acs.chemmater.3c01952,10.1021_acs.chemmater.3c01952-p003-f01,10.1021_acs.chemmater.3c01952-p003-f01-s04,ABC Stacking,COF-C2-80,ABC Stacking,10.543000,0.000000
10.1021_acs.chemmater.3c01952,10.1021_acs.chemmater.3c01952-p003-f01,10.1021_acs.chemmater.3c01952-p003-f01-s04,ABC Stacking,COF-C2-80,ABC Stacking,10.563000,0.000000
10.1021_acs.chemmater.3c01952,10.1021_acs.chemmater.3c01952-p003-f01,10.1021_acs.chemmater.3c01952-p003-f01-s04,ABC Stacking,COF-C2-80,ABC Stacking,10.583000,0.000000
10.1021_acs.chemmater.3c01952,10.1021_acs.chemmater.3c01952-p003-f01,10.1021_acs.chemmater.3c01952-p003-f01-s04,ABC Stacking,COF-C2-80,ABC Stacking,10.603000,0.000000
10.1021_acs.chemmater.3c01952,10.1021_acs.chemmater.3c01952-p003-f01,10.1021_acs.chemmater.3c01952-p003-f01-s04,ABC Stacking,COF-C2-80,ABC Stacking,10.623000,0.000000
10.1021_acs.chemmater.3c01952,10.1021_acs.chemmater.3c01952-p003-f01,10.1021_acs.chemmater.3c01952-p003-f01-s04,ABC Stacking,COF-C2-80,ABC Stacking,10.643000,0.000000
10.1021_acs.chemmater.3c01952,10.1021_acs.chemmater.3c01952-p003-f01,10.1021_acs.chemmater.3c01952-p003-f01-s04,ABC Stacking,COF-C2-80,ABC Stacking,10.663000,0.000000
10.1021_acs.chemmater.3c01952,10.1021_acs.chemmater.3c01952-p003-f01,10.1021_acs.chemmater.3c01952-p003-f01-s04,ABC Stacking,COF-C2-80,ABC Stacking,10.683000,0.000000
10.1021_acs.chemmater.3c01952,10.1021_acs.chemmater.3c01952-p003-f01,10.1021_acs.chemmater.3c01952-p003-f01-s04,ABC Stacking,COF-C2-80,ABC Stacking,10.703000,0.000000
10.1021_acs.chemmater.3c01952,10.1021_acs.chemmater.3c01952-p003-f01,10.1021_acs.chemmater.3c01952-p003-f01-s04,ABC Stacking,COF-C2-80,ABC Stacking,10.723000,0.000000
10.1021_acs.chemmater.3c01952,10.1021_acs.chemmater.3c01952-p003-f01,10.1021_acs.chemmater.3c01952-p003-f01-s04,ABC Stacking,COF-C2-80,ABC Stacking,10.743000,0.000000
10.1021_acs.chemmater.3c01952,10.1021_acs.chemmater.3c01952-p003-f01,10.1021_acs.chemmater.3c01952-p003-f01-s04,ABC Stacking,COF-C2-80,ABC Stacking,10.763000,0.000000
10.1021_acs.chemmater.3c01952,10.1021_acs.chemmater.3c01952-p003-f01,10.1021_acs.chemmater.3c01952-p003-f01-s04,ABC Stacking,COF-C2-80,ABC Stacking,10.783000,0.000000
10.1021_acs.chemmater.3c01952,10.1021_acs.chemmater.3c01952-p003-f01,10.1021_acs.chemmater.3c01952-p003-f01-s04,ABC Stacking,COF-C2-80,ABC Stacking,10.803000,0.000000
10.1021_acs.chemmater.3c01952,10.1021_acs.chemmater.3c01952-p003-f01,10.1021_acs.chemmater.3c01952-p003-f01-s04,ABC Stacking,COF-C2-80,ABC Stacking,10.823000,0.000000
10.1021_acs.chemmater.3c01952,10.1021_acs.chemmater.3c01952-p003-f01,10.1021_acs.chemmater.3c01952-p003-f01-s04,ABC Stacking,COF-C2-80,ABC Stacking,10.843000,0.000000
10.1021_acs.chemmater.3c01952,10.1021_acs.chemmater.3c01952-p003-f01,10.1021_acs.chemmater.3c01952-p003-f01-s04,ABC Stacking,COF-C2-80,ABC Stacking,10.863000,0.000000
10.1021_acs.chemmater.3c01952,10.1021_acs.chemmater.3c01952-p003-f01,10.1021_acs.chemmater.3c01952-p003-f01-s04,ABC Stacking,COF-C2-80,ABC Stacking,10.883000,0.000000
10.1021_acs.chemmater.3c01952,10.1021_acs.chemmater.3c01952-p003-f01,10.1021_acs.chemmater.3c01952-p003-f01-s04,ABC Stacking,COF-C2-80,ABC Stacking,10.903000,0.000000
10.1021_acs.chemmater.3c01952,10.1021_acs.chemmater.3c01952-p003-f01,10.1021_acs.chemmater.3c01952-p003-f01-s04,ABC Stacking,COF-C2-80,ABC Stacking,10.923000,0.000000
10.1021_acs.chemmater.3c01952,10.1021_acs.chemmater.3c01952-p003-f01,10.1021_acs.chemmater.3c01952-p003-f01-s04,ABC Stacking,COF-C2-80,ABC Stacking,10.943000,0.000000
10.1021_acs.chemmater.3c01952,10.1021_acs.chemmater.3c01952-p003-f01,10.1021_acs.chemmater.3c01952-p003-f01-s04,ABC Stacking,COF-C2-80,ABC Stacking,10.963000,0.000000
10.1021_acs.chemmater.3c01952,10.1021_acs.chemmater.3c01952-p003-f01,10.1021_acs.chemmater.3c01952-p003-f01-s04,ABC Stacking,COF-C2-80,ABC Stacking,10.983000,0.000000
10.1021_acs.chemmater.3c01952,10.1021_acs.chemmater.3c01952-p003-f01,10.1021_acs.chemmater.3c01952-p003-f01-s04,ABC Stacking,COF-C2-80,ABC Stacking,11.003000,0.000000
10.1021_acs.chemmater.3c01952,10.1021_acs.chemmater.3c01952-p003-f01,10.1021_acs.chemmater.3c01952-p003-f01-s04,ABC Stacking,COF-C2-80,ABC Stacking,11.023000,0.000000
10.1021_acs.chemmater.3c01952,10.1021_acs.chemmater.3c01952-p003-f01,10.1021_acs.chemmater.3c01952-p003-f01-s04,ABC Stacking,COF-C2-80,ABC Stacking,11.043000,0.000000
10.1021_acs.chemmater.3c01952,10.1021_acs.chemmater.3c01952-p003-f01,10.1021_acs.chemmater.3c01952-p003-f01-s04,ABC Stacking,COF-C2-80,ABC Stacking,11.063000,-0.019300
10.1021_acs.chemmater.3c01952,10.1021_acs.chemmater.3c01952-p003-f01,10.1021_acs.chemmater.3c01952-p003-f01-s04,ABC Stacking,COF-C2-80,ABC Stacking,11.083000,-0.215500
10.1021_acs.chemmater.3c01952,10.1021_acs.chemmater.3c01952-p003-f01,10.1021_acs.chemmater.3c01952-p003-f01-s04,ABC Stacking,COF-C2-80,ABC Stacking,11.103000,-0.432700
10.1021_acs.chemmater.3c01952,10.1021_acs.chemmater.3c01952-p003-f01,10.1021_acs.chemmater.3c01952-p003-f01-s04,ABC Stacking,COF-C2-80,ABC Stacking,11.123000,-0.354800
10.1021_acs.chemmater.3c01952,10.1021_acs.chemmater.3c01952-p003-f01,10.1021_acs.chemmater.3c01952-p003-f01-s04,ABC Stacking,COF-C2-80,ABC Stacking,11.143000,0.458600
10.1021_acs.chemmater.3c01952,10.1021_acs.chemmater.3c01952-p003-f01,10.1021_acs.chemmater.3c01952-p003-f01-s04,ABC Stacking,COF-C2-80,ABC Stacking,11.163000,1.820100
10.1021_acs.chemmater.3c01952,10.1021_acs.chemmater.3c01952-p003-f01,10.1021_acs.chemmater.3c01952-p003-f01-s04,ABC Stacking,COF-C2-80,ABC Stacking,11.183000,3.547800
10.1021_acs.chemmater.3c01952,10.1021_acs.chemmater.3c01952-p003-f01,10.1021_acs.chemmater.3c01952-p003-f01-s04,ABC Stacking,COF-C2-80,ABC Stacking,11.203000,5.459100
10.1021_acs.chemmater.3c01952,10.1021_acs.chemmater.3c01952-p003-f01,10.1021_acs.chemmater.3c01952-p003-f01-s04,ABC Stacking,COF-C2-80,ABC Stacking,11.223000,7.496100
10.1021_acs.chemmater.3c01952,10.1021_acs.chemmater.3c01952-p003-f01,10.1021_acs.chemmater.3c01952-p003-f01-s04,ABC Stacking,COF-C2-80,ABC Stacking,11.243000,9.481000
10.1021_acs.chemmater.3c01952,10.1021_acs.chemmater.3c01952-p003-f01,10.1021_acs.chemmater.3c01952-p003-f01-s04,ABC Stacking,COF-C2-80,ABC Stacking,11.263000,11.194000
10.1021_acs.chemmater.3c01952,10.1021_acs.chemmater.3c01952-p003-f01,10.1021_acs.chemmater.3c01952-p003-f01-s04,ABC Stacking,COF-C2-80,ABC Stacking,11.283000,12.488700
10.1021_acs.chemmater.3c01952,10.1021_acs.chemmater.3c01952-p003-f01,10.1021_acs.chemmater.3c01952-p003-f01-s04,ABC Stacking,COF-C2-80,ABC Stacking,11.303000,13.560400
10.1021_acs.chemmater.3c01952,10.1021_acs.chemmater.3c01952-p003-f01,10.1021_acs.chemmater.3c01952-p003-f01-s04,ABC Stacking,COF-C2-80,ABC Stacking,11.323000,14.645700
10.1021_acs.chemmater.3c01952,10.1021_acs.chemmater.3c01952-p003-f01,10.1021_acs.chemmater.3c01952-p003-f01-s04,ABC Stacking,COF-C2-80,ABC Stacking,11.343000,15.938600
10.1021_acs.chemmater.3c01952,10.1021_acs.chemmater.3c01952-p003-f01,10.1021_acs.chemmater.3c01952-p003-f01-s04,ABC Stacking,COF-C2-80,ABC Stacking,11.363000,16.988800
10.1021_acs.chemmater.3c01952,10.1021_acs.chemmater.3c01952-p003-f01,10.1021_acs.chemmater.3c01952-p003-f01-s04,ABC Stacking,COF-C2-80,ABC Stacking,11.383000,17.562600
10.1021_acs.chemmater.3c01952,10.1021_acs.chemmater.3c01952-p003-f01,10.1021_acs.chemmater.3c01952-p003-f01-s04,ABC Stacking,COF-C2-80,ABC Stacking,11.403000,17.491500
10.1021_acs.chemmater.3c01952,10.1021_acs.chemmater.3c01952-p003-f01,10.1021_acs.chemmater.3c01952-p003-f01-s04,ABC Stacking,COF-C2-80,ABC Stacking,11.423000,16.519900
10.1021_acs.chemmater.3c01952,10.1021_acs.chemmater.3c01952-p003-f01,10.1021_acs.chemmater.3c01952-p003-f01-s04,ABC Stacking,COF-C2-80,ABC Stacking,11.443000,14.567600
10.1021_acs.chemmater.3c01952,10.1021_acs.chemmater.3c01952-p003-f01,10.1021_acs.chemmater.3c01952-p003-f01-s04,ABC Stacking,COF-C2-80,ABC Stacking,11.463000,11.768600
10.1021_acs.chemmater.3c01952,10.1021_acs.chemmater.3c01952-p003-f01,10.1021_acs.chemmater.3c01952-p003-f01-s04,ABC Stacking,COF-C2-80,ABC Stacking,11.483000,8.626700
10.1021_acs.chemmater.3c01952,10.1021_acs.chemmater.3c01952-p003-f01,10.1021_acs.chemmater.3c01952-p003-f01-s04,ABC Stacking,COF-C2-80,ABC Stacking,11.503000,5.551300
10.1021_acs.chemmater.3c01952,10.1021_acs.chemmater.3c01952-p003-f01,10.1021_acs.chemmater.3c01952-p003-f01-s04,ABC Stacking,COF-C2-80,ABC Stacking,11.523000,2.913500
10.1021_acs.chemmater.3c01952,10.1021_acs.chemmater.3c01952-p003-f01,10.1021_acs.chemmater.3c01952-p003-f01-s04,ABC Stacking,COF-C2-80,ABC Stacking,11.543000,1.010800
10.1021_acs.chemmater.3c01952,10.1021_acs.chemmater.3c01952-p003-f01,10.1021_acs.chemmater.3c01952-p003-f01-s04,ABC Stacking,COF-C2-80,ABC Stacking,11.563000,-0.088900
10.1021_acs.chemmater.3c01952,10.1021_acs.chemmater.3c01952-p003-f01,10.1021_acs.chemmater.3c01952-p003-f01-s04,ABC Stacking,COF-C2-80,ABC Stacking,11.583000,-0.465600
10.1021_acs.chemmater.3c01952,10.1021_acs.chemmater.3c01952-p003-f01,10.1021_acs.chemmater.3c01952-p003-f01-s04,ABC Stacking,COF-C2-80,ABC Stacking,11.603000,-0.341500
10.1021_acs.chemmater.3c01952,10.1021_acs.chemmater.3c01952-p003-f01,10.1021_acs.chemmater.3c01952-p003-f01-s04,ABC Stacking,COF-C2-80,ABC Stacking,11.623000,-0.142000
10.1021_acs.chemmater.3c01952,10.1021_acs.chemmater.3c01952-p003-f01,10.1021_acs.chemmater.3c01952-p003-f01-s04,ABC Stacking,COF-C2-80,ABC Stacking,11.643000,-0.003800
10.1021_acs.chemmater.3c01952,10.1021_acs.chemmater.3c01952-p003-f01,10.1021_acs.chemmater.3c01952-p003-f01-s04,ABC Stacking,COF-C2-80,ABC Stacking,11.663000,0.001600
10.1021_acs.chemmater.3c01952,10.1021_acs.chemmater.3c01952-p003-f01,10.1021_acs.chemmater.3c01952-p003-f01-s04,ABC Stacking,COF-C2-80,ABC Stacking,11.683000,0.002400
10.1021_acs.chemmater.3c01952,10.1021_acs.chemmater.3c01952-p003-f01,10.1021_acs.chemmater.3c01952-p003-f01-s04,ABC Stacking,COF-C2-80,ABC Stacking,11.703000,0.002600
10.1021_acs.chemmater.3c01952,10.1021_acs.chemmater.3c01952-p003-f01,10.1021_acs.chemmater.3c01952-p003-f01-s04,ABC Stacking,COF-C2-80,ABC Stacking,11.723000,0.002700
10.1021_acs.chemmater.3c01952,10.1021_acs.chemmater.3c01952-p003-f01,10.1021_acs.chemmater.3c01952-p003-f01-s04,ABC Stacking,COF-C2-80,ABC Stacking,11.743000,0.002900
10.1021_acs.chemmater.3c01952,10.1021_acs.chemmater.3c01952-p003-f01,10.1021_acs.chemmater.3c01952-p003-f01-s04,ABC Stacking,COF-C2-80,ABC Stacking,11.763000,0.003000
10.1021_acs.chemmater.3c01952,10.1021_acs.chemmater.3c01952-p003-f01,10.1021_acs.chemmater.3c01952-p003-f01-s04,ABC Stacking,COF-C2-80,ABC Stacking,11.783000,0.003200
10.1021_acs.chemmater.3c01952,10.1021_acs.chemmater.3c01952-p003-f01,10.1021_acs.chemmater.3c01952-p003-f01-s04,ABC Stacking,COF-C2-80,ABC Stacking,11.803000,0.003300
10.1021_acs.chemmater.3c01952,10.1021_acs.chemmater.3c01952-p003-f01,10.1021_acs.chemmater.3c01952-p003-f01-s04,ABC Stacking,COF-C2-80,ABC Stacking,11.823000,0.003500
10.1021_acs.chemmater.3c01952,10.1021_acs.chemmater.3c01952-p003-f01,10.1021_acs.chemmater.3c01952-p003-f01-s04,ABC Stacking,COF-C2-80,ABC Stacking,11.843000,0.003600
10.1021_acs.chemmater.3c01952,10.1021_acs.chemmater.3c01952-p003-f01,10.1021_acs.chemmater.3c01952-p003-f01-s04,ABC Stacking,COF-C2-80,ABC Stacking,11.863000,0.003800
10.1021_acs.chemmater.3c01952,10.1021_acs.chemmater.3c01952-p003-f01,10.1021_acs.chemmater.3c01952-p003-f01-s04,ABC Stacking,COF-C2-80,ABC Stacking,11.883000,0.003900
10.1021_acs.chemmater.3c01952,10.1021_acs.chemmater.3c01952-p003-f01,10.1021_acs.chemmater.3c01952-p003-f01-s04,ABC Stacking,COF-C2-80,ABC Stacking,11.903000,0.004100
10.1021_acs.chemmater.3c01952,10.1021_acs.chemmater.3c01952-p003-f01,10.1021_acs.chemmater.3c01952-p003-f01-s04,ABC Stacking,COF-C2-80,ABC Stacking,11.923000,0.004300
10.1021_acs.chemmater.3c01952,10.1021_acs.chemmater.3c01952-p003-f01,10.1021_acs.chemmater.3c01952-p003-f01-s04,ABC Stacking,COF-C2-80,ABC Stacking,11.943000,0.004400
10.1021_acs.chemmater.3c01952,10.1021_acs.chemmater.3c01952-p003-f01,10.1021_acs.chemmater.3c01952-p003-f01-s04,ABC Stacking,COF-C2-80,ABC Stacking,11.963000,0.004600
10.1021_acs.chemmater.3c01952,10.1021_acs.chemmater.3c01952-p003-f01,10.1021_acs.chemmater.3c01952-p003-f01-s04,ABC Stacking,COF-C2-80,ABC Stacking,11.983000,0.004700
10.1021_acs.chemmater.3c01952,10.1021_acs.chemmater.3c01952-p003-f01,10.1021_acs.chemmater.3c01952-p003-f01-s04,ABC Stacking,COF-C2-80,ABC Stacking,12.003000,-0.025900
10.1021_acs.chemmater.3c01952,10.1021_acs.chemmater.3c01952-p003-f01,10.1021_acs.chemmater.3c01952-p003-f01-s04,ABC Stacking,COF-C2-80,ABC Stacking,12.023000,-0.038200
10.1021_acs.chemmater.3c01952,10.1021_acs.chemmater.3c01952-p003-f01,10.1021_acs.chemmater.3c01952-p003-f01-s04,ABC Stacking,COF-C2-80,ABC Stacking,12.043000,0.004600
10.1021_acs.chemmater.3c01952,10.1021_acs.chemmater.3c01952-p003-f01,10.1021_acs.chemmater.3c01952-p003-f01-s04,ABC Stacking,COF-C2-80,ABC Stacking,12.063000,0.054400
10.1021_acs.chemmater.3c01952,10.1021_acs.chemmater.3c01952-p003-f01,10.1021_acs.chemmater.3c01952-p003-f01-s04,ABC Stacking,COF-C2-80,ABC Stacking,12.083000,0.157700
10.1021_acs.chemmater.3c01952,10.1021_acs.chemmater.3c01952-p003-f01,10.1021_acs.chemmater.3c01952-p003-f01-s04,ABC Stacking,COF-C2-80,ABC Stacking,12.103000,0.330000
10.1021_acs.chemmater.3c01952,10.1021_acs.chemmater.3c01952-p003-f01,10.1021_acs.chemmater.3c01952-p003-f01-s04,ABC Stacking,COF-C2-80,ABC Stacking,12.123000,0.570600
10.1021_acs.chemmater.3c01952,10.1021_acs.chemmater.3c01952-p003-f01,10.1021_acs.chemmater.3c01952-p003-f01-s04,ABC Stacking,COF-C2-80,ABC Stacking,12.143000,0.786500
10.1021_acs.chemmater.3c01952,10.1021_acs.chemmater.3c01952-p003-f01,10.1021_acs.chemmater.3c01952-p003-f01-s04,ABC Stacking,COF-C2-80,ABC Stacking,12.163000,0.932900
10.1021_acs.chemmater.3c01952,10.1021_acs.chemmater.3c01952-p003-f01,10.1021_acs.chemmater.3c01952-p003-f01-s04,ABC Stacking,COF-C2-80,ABC Stacking,12.183000,0.995600
10.1021_acs.chemmater.3c01952,10.1021_acs.chemmater.3c01952-p003-f01,10.1021_acs.chemmater.3c01952-p003-f01-s04,ABC Stacking,COF-C2-80,ABC Stacking,12.203000,0.987300
10.1021_acs.chemmater.3c01952,10.1021_acs.chemmater.3c01952-p003-f01,10.1021_acs.chemmater.3c01952-p003-f01-s04,ABC Stacking,COF-C2-80,ABC Stacking,12.223000,0.935400
10.1021_acs.chemmater.3c01952,10.1021_acs.chemmater.3c01952-p003-f01,10.1021_acs.chemmater.3c01952-p003-f01-s04,ABC Stacking,COF-C2-80,ABC Stacking,12.243000,0.807700
10.1021_acs.chemmater.3c01952,10.1021_acs.chemmater.3c01952-p003-f01,10.1021_acs.chemmater.3c01952-p003-f01-s04,ABC Stacking,COF-C2-80,ABC Stacking,12.263000,0.598200
10.1021_acs.chemmater.3c01952,10.1021_acs.chemmater.3c01952-p003-f01,10.1021_acs.chemmater.3c01952-p003-f01-s04,ABC Stacking,COF-C2-80,ABC Stacking,12.283000,0.407000
10.1021_acs.chemmater.3c01952,10.1021_acs.chemmater.3c01952-p003-f01,10.1021_acs.chemmater.3c01952-p003-f01-s04,ABC Stacking,COF-C2-80,ABC Stacking,12.303000,0.264300
10.1021_acs.chemmater.3c01952,10.1021_acs.chemmater.3c01952-p003-f01,10.1021_acs.chemmater.3c01952-p003-f01-s04,ABC Stacking,COF-C2-80,ABC Stacking,12.323000,0.173800
10.1021_acs.chemmater.3c01952,10.1021_acs.chemmater.3c01952-p003-f01,10.1021_acs.chemmater.3c01952-p003-f01-s04,ABC Stacking,COF-C2-80,ABC Stacking,12.343000,0.078400
10.1021_acs.chemmater.3c01952,10.1021_acs.chemmater.3c01952-p003-f01,10.1021_acs.chemmater.3c01952-p003-f01-s04,ABC Stacking,COF-C2-80,ABC Stacking,12.363000,-0.000500
10.1021_acs.chemmater.3c01952,10.1021_acs.chemmater.3c01952-p003-f01,10.1021_acs.chemmater.3c01952-p003-f01-s04,ABC Stacking,COF-C2-80,ABC Stacking,12.383000,-0.036500
10.1021_acs.chemmater.3c01952,10.1021_acs.chemmater.3c01952-p003-f01,10.1021_acs.chemmater.3c01952-p003-f01-s04,ABC Stacking,COF-C2-80,ABC Stacking,12.403000,-0.015400
10.1021_acs.chemmater.3c01952,10.1021_acs.chemmater.3c01952-p003-f01,10.1021_acs.chemmater.3c01952-p003-f01-s04,ABC Stacking,COF-C2-80,ABC Stacking,12.423000,0.008900
10.1021_acs.chemmater.3c01952,10.1021_acs.chemmater.3c01952-p003-f01,10.1021_acs.chemmater.3c01952-p003-f01-s04,ABC Stacking,COF-C2-80,ABC Stacking,12.443000,0.009100
10.1021_acs.chemmater.3c01952,10.1021_acs.chemmater.3c01952-p003-f01,10.1021_acs.chemmater.3c01952-p003-f01-s04,ABC Stacking,COF-C2-80,ABC Stacking,12.463000,0.009300
10.1021_acs.chemmater.3c01952,10.1021_acs.chemmater.3c01952-p003-f01,10.1021_acs.chemmater.3c01952-p003-f01-s04,ABC Stacking,COF-C2-80,ABC Stacking,12.483000,0.009500
10.1021_acs.chemmater.3c01952,10.1021_acs.chemmater.3c01952-p003-f01,10.1021_acs.chemmater.3c01952-p003-f01-s04,ABC Stacking,COF-C2-80,ABC Stacking,12.503000,0.009700
10.1021_acs.chemmater.3c01952,10.1021_acs.chemmater.3c01952-p003-f01,10.1021_acs.chemmater.3c01952-p003-f01-s04,ABC Stacking,COF-C2-80,ABC Stacking,12.523000,0.010000
10.1021_acs.chemmater.3c01952,10.1021_acs.chemmater.3c01952-p003-f01,10.1021_acs.chemmater.3c01952-p003-f01-s04,ABC Stacking,COF-C2-80,ABC Stacking,12.543000,0.010200
10.1021_acs.chemmater.3c01952,10.1021_acs.chemmater.3c01952-p003-f01,10.1021_acs.chemmater.3c01952-p003-f01-s04,ABC Stacking,COF-C2-80,ABC Stacking,12.563000,0.010400
10.1021_acs.chemmater.3c01952,10.1021_acs.chemmater.3c01952-p003-f01,10.1021_acs.chemmater.3c01952-p003-f01-s04,ABC Stacking,COF-C2-80,ABC Stacking,12.583000,-0.024000
10.1021_acs.chemmater.3c01952,10.1021_acs.chemmater.3c01952-p003-f01,10.1021_acs.chemmater.3c01952-p003-f01-s04,ABC Stacking,COF-C2-80,ABC Stacking,12.603000,-0.103600
10.1021_acs.chemmater.3c01952,10.1021_acs.chemmater.3c01952-p003-f01,10.1021_acs.chemmater.3c01952-p003-f01-s04,ABC Stacking,COF-C2-80,ABC Stacking,12.623000,-0.223100
10.1021_acs.chemmater.3c01952,10.1021_acs.chemmater.3c01952-p003-f01,10.1021_acs.chemmater.3c01952-p003-f01-s04,ABC Stacking,COF-C2-80,ABC Stacking,12.643000,-0.671200
10.1021_acs.chemmater.3c01952,10.1021_acs.chemmater.3c01952-p003-f01,10.1021_acs.chemmater.3c01952-p003-f01-s04,ABC Stacking,COF-C2-80,ABC Stacking,12.663000,-0.263000
10.1021_acs.chemmater.3c01952,10.1021_acs.chemmater.3c01952-p003-f01,10.1021_acs.chemmater.3c01952-p003-f01-s04,ABC Stacking,COF-C2-80,ABC Stacking,12.683000,1.258800
10.1021_acs.chemmater.3c01952,10.1021_acs.chemmater.3c01952-p003-f01,10.1021_acs.chemmater.3c01952-p003-f01-s04,ABC Stacking,COF-C2-80,ABC Stacking,12.703000,3.557700
10.1021_acs.chemmater.3c01952,10.1021_acs.chemmater.3c01952-p003-f01,10.1021_acs.chemmater.3c01952-p003-f01-s04,ABC Stacking,COF-C2-80,ABC Stacking,12.723000,6.071800
10.1021_acs.chemmater.3c01952,10.1021_acs.chemmater.3c01952-p003-f01,10.1021_acs.chemmater.3c01952-p003-f01-s04,ABC Stacking,COF-C2-80,ABC Stacking,12.743000,8.526900
10.1021_acs.chemmater.3c01952,10.1021_acs.chemmater.3c01952-p003-f01,10.1021_acs.chemmater.3c01952-p003-f01-s04,ABC Stacking,COF-C2-80,ABC Stacking,12.763000,10.758600
10.1021_acs.chemmater.3c01952,10.1021_acs.chemmater.3c01952-p003-f01,10.1021_acs.chemmater.3c01952-p003-f01-s04,ABC Stacking,COF-C2-80,ABC Stacking,12.783000,13.220100
10.1021_acs.chemmater.3c01952,10.1021_acs.chemmater.3c01952-p003-f01,10.1021_acs.chemmater.3c01952-p003-f01-s04,ABC Stacking,COF-C2-80,ABC Stacking,12.803000,16.229700
10.1021_acs.chemmater.3c01952,10.1021_acs.chemmater.3c01952-p003-f01,10.1021_acs.chemmater.3c01952-p003-f01-s04,ABC Stacking,COF-C2-80,ABC Stacking,12.823000,19.977900
10.1021_acs.chemmater.3c01952,10.1021_acs.chemmater.3c01952-p003-f01,10.1021_acs.chemmater.3c01952-p003-f01-s04,ABC Stacking,COF-C2-80,ABC Stacking,12.843000,25.233600
10.1021_acs.chemmater.3c01952,10.1021_acs.chemmater.3c01952-p003-f01,10.1021_acs.chemmater.3c01952-p003-f01-s04,ABC Stacking,COF-C2-80,ABC Stacking,12.863000,32.625800
10.1021_acs.chemmater.3c01952,10.1021_acs.chemmater.3c01952-p003-f01,10.1021_acs.chemmater.3c01952-p003-f01-s04,ABC Stacking,COF-C2-80,ABC Stacking,12.883000,40.926000
10.1021_acs.chemmater.3c01952,10.1021_acs.chemmater.3c01952-p003-f01,10.1021_acs.chemmater.3c01952-p003-f01-s04,ABC Stacking,COF-C2-80,ABC Stacking,12.903000,48.356800
10.1021_acs.chemmater.3c01952,10.1021_acs.chemmater.3c01952-p003-f01,10.1021_acs.chemmater.3c01952-p003-f01-s04,ABC Stacking,COF-C2-80,ABC Stacking,12.923000,53.707700
10.1021_acs.chemmater.3c01952,10.1021_acs.chemmater.3c01952-p003-f01,10.1021_acs.chemmater.3c01952-p003-f01-s04,ABC Stacking,COF-C2-80,ABC Stacking,12.943000,55.770500
10.1021_acs.chemmater.3c01952,10.1021_acs.chemmater.3c01952-p003-f01,10.1021_acs.chemmater.3c01952-p003-f01-s04,ABC Stacking,COF-C2-80,ABC Stacking,12.963000,53.390100
10.1021_acs.chemmater.3c01952,10.1021_acs.chemmater.3c01952-p003-f01,10.1021_acs.chemmater.3c01952-p003-f01-s04,ABC Stacking,COF-C2-80,ABC Stacking,12.983000,46.826900
10.1021_acs.chemmater.3c01952,10.1021_acs.chemmater.3c01952-p003-f01,10.1021_acs.chemmater.3c01952-p003-f01-s04,ABC Stacking,COF-C2-80,ABC Stacking,13.003000,37.288500
10.1021_acs.chemmater.3c01952,10.1021_acs.chemmater.3c01952-p003-f01,10.1021_acs.chemmater.3c01952-p003-f01-s04,ABC Stacking,COF-C2-80,ABC Stacking,13.023000,26.559200
10.1021_acs.chemmater.3c01952,10.1021_acs.chemmater.3c01952-p003-f01,10.1021_acs.chemmater.3c01952-p003-f01-s04,ABC Stacking,COF-C2-80,ABC Stacking,13.043000,16.791500
10.1021_acs.chemmater.3c01952,10.1021_acs.chemmater.3c01952-p003-f01,10.1021_acs.chemmater.3c01952-p003-f01-s04,ABC Stacking,COF-C2-80,ABC Stacking,13.063000,8.729400
10.1021_acs.chemmater.3c01952,10.1021_acs.chemmater.3c01952-p003-f01,10.1021_acs.chemmater.3c01952-p003-f01-s04,ABC Stacking,COF-C2-80,ABC Stacking,13.083000,2.954700
10.1021_acs.chemmater.3c01952,10.1021_acs.chemmater.3c01952-p003-f01,10.1021_acs.chemmater.3c01952-p003-f01-s04,ABC Stacking,COF-C2-80,ABC Stacking,13.103000,-0.410000
10.1021_acs.chemmater.3c01952,10.1021_acs.chemmater.3c01952-p003-f01,10.1021_acs.chemmater.3c01952-p003-f01-s04,ABC Stacking,COF-C2-80,ABC Stacking,13.123000,-1.353100
10.1021_acs.chemmater.3c01952,10.1021_acs.chemmater.3c01952-p003-f01,10.1021_acs.chemmater.3c01952-p003-f01-s04,ABC Stacking,COF-C2-80,ABC Stacking,13.143000,-0.919200
10.1021_acs.chemmater.3c01952,10.1021_acs.chemmater.3c01952-p003-f01,10.1021_acs.chemmater.3c01952-p003-f01-s04,ABC Stacking,COF-C2-80,ABC Stacking,13.163000,-0.335300
10.1021_acs.chemmater.3c01952,10.1021_acs.chemmater.3c01952-p003-f01,10.1021_acs.chemmater.3c01952-p003-f01-s04,ABC Stacking,COF-C2-80,ABC Stacking,13.183000,-0.072500
10.1021_acs.chemmater.3c01952,10.1021_acs.chemmater.3c01952-p003-f01,10.1021_acs.chemmater.3c01952-p003-f01-s04,ABC Stacking,COF-C2-80,ABC Stacking,13.203000,0.018800
10.1021_acs.chemmater.3c01952,10.1021_acs.chemmater.3c01952-p003-f01,10.1021_acs.chemmater.3c01952-p003-f01-s04,ABC Stacking,COF-C2-80,ABC Stacking,13.223000,0.019100
10.1021_acs.chemmater.3c01952,10.1021_acs.chemmater.3c01952-p003-f01,10.1021_acs.chemmater.3c01952-p003-f01-s04,ABC Stacking,COF-C2-80,ABC Stacking,13.243000,0.019400
10.1021_acs.chemmater.3c01952,10.1021_acs.chemmater.3c01952-p003-f01,10.1021_acs.chemmater.3c01952-p003-f01-s04,ABC Stacking,COF-C2-80,ABC Stacking,13.263000,0.019700
10.1021_acs.chemmater.3c01952,10.1021_acs.chemmater.3c01952-p003-f01,10.1021_acs.chemmater.3c01952-p003-f01-s04,ABC Stacking,COF-C2-80,ABC Stacking,13.283000,0.020000
10.1021_acs.chemmater.3c01952,10.1021_acs.chemmater.3c01952-p003-f01,10.1021_acs.chemmater.3c01952-p003-f01-s04,ABC Stacking,COF-C2-80,ABC Stacking,13.303000,0.020300
10.1021_acs.chemmater.3c01952,10.1021_acs.chemmater.3c01952-p003-f01,10.1021_acs.chemmater.3c01952-p003-f01-s04,ABC Stacking,COF-C2-80,ABC Stacking,13.323000,0.020600
10.1021_acs.chemmater.3c01952,10.1021_acs.chemmater.3c01952-p003-f01,10.1021_acs.chemmater.3c01952-p003-f01-s04,ABC Stacking,COF-C2-80,ABC Stacking,13.343000,0.020900
10.1021_acs.chemmater.3c01952,10.1021_acs.chemmater.3c01952-p003-f01,10.1021_acs.chemmater.3c01952-p003-f01-s04,ABC Stacking,COF-C2-80,ABC Stacking,13.363000,0.021200
10.1021_acs.chemmater.3c01952,10.1021_acs.chemmater.3c01952-p003-f01,10.1021_acs.chemmater.3c01952-p003-f01-s04,ABC Stacking,COF-C2-80,ABC Stacking,13.383000,0.021500
10.1021_acs.chemmater.3c01952,10.1021_acs.chemmater.3c01952-p003-f01,10.1021_acs.chemmater.3c01952-p003-f01-s04,ABC Stacking,COF-C2-80,ABC Stacking,13.403000,0.021800
10.1021_acs.chemmater.3c01952,10.1021_acs.chemmater.3c01952-p003-f01,10.1021_acs.chemmater.3c01952-p003-f01-s04,ABC Stacking,COF-C2-80,ABC Stacking,13.423000,0.022100
10.1021_acs.chemmater.3c01952,10.1021_acs.chemmater.3c01952-p003-f01,10.1021_acs.chemmater.3c01952-p003-f01-s04,ABC Stacking,COF-C2-80,ABC Stacking,13.443000,0.022400
10.1021_acs.chemmater.3c01952,10.1021_acs.chemmater.3c01952-p003-f01,10.1021_acs.chemmater.3c01952-p003-f01-s04,ABC Stacking,COF-C2-80,ABC Stacking,13.463000,0.022700
10.1021_acs.chemmater.3c01952,10.1021_acs.chemmater.3c01952-p003-f01,10.1021_acs.chemmater.3c01952-p003-f01-s04,ABC Stacking,COF-C2-80,ABC Stacking,13.483000,0.023100
10.1021_acs.chemmater.3c01952,10.1021_acs.chemmater.3c01952-p003-f01,10.1021_acs.chemmater.3c01952-p003-f01-s04,ABC Stacking,COF-C2-80,ABC Stacking,13.503000,0.023400
10.1021_acs.chemmater.3c01952,10.1021_acs.chemmater.3c01952-p003-f01,10.1021_acs.chemmater.3c01952-p003-f01-s04,ABC Stacking,COF-C2-80,ABC Stacking,13.523000,0.023700
10.1021_acs.chemmater.3c01952,10.1021_acs.chemmater.3c01952-p003-f01,10.1021_acs.chemmater.3c01952-p003-f01-s04,ABC Stacking,COF-C2-80,ABC Stacking,13.543000,0.024000
10.1021_acs.chemmater.3c01952,10.1021_acs.chemmater.3c01952-p003-f01,10.1021_acs.chemmater.3c01952-p003-f01-s04,ABC Stacking,COF-C2-80,ABC Stacking,13.563000,0.024300
10.1021_acs.chemmater.3c01952,10.1021_acs.chemmater.3c01952-p003-f01,10.1021_acs.chemmater.3c01952-p003-f01-s04,ABC Stacking,COF-C2-80,ABC Stacking,13.583000,0.024600
10.1021_acs.chemmater.3c01952,10.1021_acs.chemmater.3c01952-p003-f01,10.1021_acs.chemmater.3c01952-p003-f01-s04,ABC Stacking,COF-C2-80,ABC Stacking,13.603000,0.024900
10.1021_acs.chemmater.3c01952,10.1021_acs.chemmater.3c01952-p003-f01,10.1021_acs.chemmater.3c01952-p003-f01-s04,ABC Stacking,COF-C2-80,ABC Stacking,13.623000,0.025200
10.1021_acs.chemmater.3c01952,10.1021_acs.chemmater.3c01952-p003-f01,10.1021_acs.chemmater.3c01952-p003-f01-s04,ABC Stacking,COF-C2-80,ABC Stacking,13.643000,0.025500
10.1021_acs.chemmater.3c01952,10.1021_acs.chemmater.3c01952-p003-f01,10.1021_acs.chemmater.3c01952-p003-f01-s04,ABC Stacking,COF-C2-80,ABC Stacking,13.663000,0.025900
10.1021_acs.chemmater.3c01952,10.1021_acs.chemmater.3c01952-p003-f01,10.1021_acs.chemmater.3c01952-p003-f01-s04,ABC Stacking,COF-C2-80,ABC Stacking,13.683000,0.026200
10.1021_acs.chemmater.3c01952,10.1021_acs.chemmater.3c01952-p003-f01,10.1021_acs.chemmater.3c01952-p003-f01-s04,ABC Stacking,COF-C2-80,ABC Stacking,13.703000,0.026500
10.1021_acs.chemmater.3c01952,10.1021_acs.chemmater.3c01952-p003-f01,10.1021_acs.chemmater.3c01952-p003-f01-s04,ABC Stacking,COF-C2-80,ABC Stacking,13.723000,0.026800
10.1021_acs.chemmater.3c01952,10.1021_acs.chemmater.3c01952-p003-f01,10.1021_acs.chemmater.3c01952-p003-f01-s04,ABC Stacking,COF-C2-80,ABC Stacking,13.743000,0.027100
10.1021_acs.chemmater.3c01952,10.1021_acs.chemmater.3c01952-p003-f01,10.1021_acs.chemmater.3c01952-p003-f01-s04,ABC Stacking,COF-C2-80,ABC Stacking,13.763000,0.027400
10.1021_acs.chemmater.3c01952,10.1021_acs.chemmater.3c01952-p003-f01,10.1021_acs.chemmater.3c01952-p003-f01-s04,ABC Stacking,COF-C2-80,ABC Stacking,13.783000,0.027700
10.1021_acs.chemmater.3c01952,10.1021_acs.chemmater.3c01952-p003-f01,10.1021_acs.chemmater.3c01952-p003-f01-s04,ABC Stacking,COF-C2-80,ABC Stacking,13.803000,0.028000
10.1021_acs.chemmater.3c01952,10.1021_acs.chemmater.3c01952-p003-f01,10.1021_acs.chemmater.3c01952-p003-f01-s04,ABC Stacking,COF-C2-80,ABC Stacking,13.823000,0.028300
10.1021_acs.chemmater.3c01952,10.1021_acs.chemmater.3c01952-p003-f01,10.1021_acs.chemmater.3c01952-p003-f01-s04,ABC Stacking,COF-C2-80,ABC Stacking,13.843000,0.028600
10.1021_acs.chemmater.3c01952,10.1021_acs.chemmater.3c01952-p003-f01,10.1021_acs.chemmater.3c01952-p003-f01-s04,ABC Stacking,COF-C2-80,ABC Stacking,13.863000,0.029000
10.1021_acs.chemmater.3c01952,10.1021_acs.chemmater.3c01952-p003-f01,10.1021_acs.chemmater.3c01952-p003-f01-s04,ABC Stacking,COF-C2-80,ABC Stacking,13.883000,0.029300
10.1021_acs.chemmater.3c01952,10.1021_acs.chemmater.3c01952-p003-f01,10.1021_acs.chemmater.3c01952-p003-f01-s04,ABC Stacking,COF-C2-80,ABC Stacking,13.903000,0.029600
10.1021_acs.chemmater.3c01952,10.1021_acs.chemmater.3c01952-p003-f01,10.1021_acs.chemmater.3c01952-p003-f01-s04,ABC Stacking,COF-C2-80,ABC Stacking,13.923000,0.029900
10.1021_acs.chemmater.3c01952,10.1021_acs.chemmater.3c01952-p003-f01,10.1021_acs.chemmater.3c01952-p003-f01-s04,ABC Stacking,COF-C2-80,ABC Stacking,13.943000,0.030200
10.1021_acs.chemmater.3c01952,10.1021_acs.chemmater.3c01952-p003-f01,10.1021_acs.chemmater.3c01952-p003-f01-s04,ABC Stacking,COF-C2-80,ABC Stacking,13.963000,0.030500
10.1021_acs.chemmater.3c01952,10.1021_acs.chemmater.3c01952-p003-f01,10.1021_acs.chemmater.3c01952-p003-f01-s04,ABC Stacking,COF-C2-80,ABC Stacking,13.983000,0.030800
10.1021_acs.chemmater.3c01952,10.1021_acs.chemmater.3c01952-p003-f01,10.1021_acs.chemmater.3c01952-p003-f01-s04,ABC Stacking,COF-C2-80,ABC Stacking,14.003000,0.031100
10.1021_acs.chemmater.3c01952,10.1021_acs.chemmater.3c01952-p003-f01,10.1021_acs.chemmater.3c01952-p003-f01-s04,ABC Stacking,COF-C2-80,ABC Stacking,14.023000,0.031400
10.1021_acs.chemmater.3c01952,10.1021_acs.chemmater.3c01952-p003-f01,10.1021_acs.chemmater.3c01952-p003-f01-s04,ABC Stacking,COF-C2-80,ABC Stacking,14.043000,0.031700
10.1021_acs.chemmater.3c01952,10.1021_acs.chemmater.3c01952-p003-f01,10.1021_acs.chemmater.3c01952-p003-f01-s04,ABC Stacking,COF-C2-80,ABC Stacking,14.063000,0.032000
10.1021_acs.chemmater.3c01952,10.1021_acs.chemmater.3c01952-p003-f01,10.1021_acs.chemmater.3c01952-p003-f01-s04,ABC Stacking,COF-C2-80,ABC Stacking,14.083000,0.032300
10.1021_acs.chemmater.3c01952,10.1021_acs.chemmater.3c01952-p003-f01,10.1021_acs.chemmater.3c01952-p003-f01-s04,ABC Stacking,COF-C2-80,ABC Stacking,14.103000,0.032600
10.1021_acs.chemmater.3c01952,10.1021_acs.chemmater.3c01952-p003-f01,10.1021_acs.chemmater.3c01952-p003-f01-s04,ABC Stacking,COF-C2-80,ABC Stacking,14.123000,0.032900
10.1021_acs.chemmater.3c01952,10.1021_acs.chemmater.3c01952-p003-f01,10.1021_acs.chemmater.3c01952-p003-f01-s04,ABC Stacking,COF-C2-80,ABC Stacking,14.143000,0.033200
10.1021_acs.chemmater.3c01952,10.1021_acs.chemmater.3c01952-p003-f01,10.1021_acs.chemmater.3c01952-p003-f01-s04,ABC Stacking,COF-C2-80,ABC Stacking,14.163000,0.033500
10.1021_acs.chemmater.3c01952,10.1021_acs.chemmater.3c01952-p003-f01,10.1021_acs.chemmater.3c01952-p003-f01-s04,ABC Stacking,COF-C2-80,ABC Stacking,14.183000,0.033800
10.1021_acs.chemmater.3c01952,10.1021_acs.chemmater.3c01952-p003-f01,10.1021_acs.chemmater.3c01952-p003-f01-s04,ABC Stacking,COF-C2-80,ABC Stacking,14.203000,0.034100
10.1021_acs.chemmater.3c01952,10.1021_acs.chemmater.3c01952-p003-f01,10.1021_acs.chemmater.3c01952-p003-f01-s04,ABC Stacking,COF-C2-80,ABC Stacking,14.223000,0.034400
10.1021_acs.chemmater.3c01952,10.1021_acs.chemmater.3c01952-p003-f01,10.1021_acs.chemmater.3c01952-p003-f01-s04,ABC Stacking,COF-C2-80,ABC Stacking,14.243000,0.034700
10.1021_acs.chemmater.3c01952,10.1021_acs.chemmater.3c01952-p003-f01,10.1021_acs.chemmater.3c01952-p003-f01-s04,ABC Stacking,COF-C2-80,ABC Stacking,14.263000,0.034900
10.1021_acs.chemmater.3c01952,10.1021_acs.chemmater.3c01952-p003-f01,10.1021_acs.chemmater.3c01952-p003-f01-s04,ABC Stacking,COF-C2-80,ABC Stacking,14.283000,0.035200
10.1021_acs.chemmater.3c01952,10.1021_acs.chemmater.3c01952-p003-f01,10.1021_acs.chemmater.3c01952-p003-f01-s04,ABC Stacking,COF-C2-80,ABC Stacking,14.303000,0.035500
10.1021_acs.chemmater.3c01952,10.1021_acs.chemmater.3c01952-p003-f01,10.1021_acs.chemmater.3c01952-p003-f01-s04,ABC Stacking,COF-C2-80,ABC Stacking,14.323000,0.035800
10.1021_acs.chemmater.3c01952,10.1021_acs.chemmater.3c01952-p003-f01,10.1021_acs.chemmater.3c01952-p003-f01-s04,ABC Stacking,COF-C2-80,ABC Stacking,14.343000,0.036100
10.1021_acs.chemmater.3c01952,10.1021_acs.chemmater.3c01952-p003-f01,10.1021_acs.chemmater.3c01952-p003-f01-s04,ABC Stacking,COF-C2-80,ABC Stacking,14.363000,0.036400
10.1021_acs.chemmater.3c01952,10.1021_acs.chemmater.3c01952-p003-f01,10.1021_acs.chemmater.3c01952-p003-f01-s04,ABC Stacking,COF-C2-80,ABC Stacking,14.383000,0.036700
10.1021_acs.chemmater.3c01952,10.1021_acs.chemmater.3c01952-p003-f01,10.1021_acs.chemmater.3c01952-p003-f01-s04,ABC Stacking,COF-C2-80,ABC Stacking,14.403000,0.036900
10.1021_acs.chemmater.3c01952,10.1021_acs.chemmater.3c01952-p003-f01,10.1021_acs.chemmater.3c01952-p003-f01-s04,ABC Stacking,COF-C2-80,ABC Stacking,14.423000,0.037200
10.1021_acs.chemmater.3c01952,10.1021_acs.chemmater.3c01952-p003-f01,10.1021_acs.chemmater.3c01952-p003-f01-s04,ABC Stacking,COF-C2-80,ABC Stacking,14.443000,0.037500
10.1021_acs.chemmater.3c01952,10.1021_acs.chemmater.3c01952-p003-f01,10.1021_acs.chemmater.3c01952-p003-f01-s04,ABC Stacking,COF-C2-80,ABC Stacking,14.463000,0.037800
10.1021_acs.chemmater.3c01952,10.1021_acs.chemmater.3c01952-p003-f01,10.1021_acs.chemmater.3c01952-p003-f01-s04,ABC Stacking,COF-C2-80,ABC Stacking,14.483000,0.038000
10.1021_acs.chemmater.3c01952,10.1021_acs.chemmater.3c01952-p003-f01,10.1021_acs.chemmater.3c01952-p003-f01-s04,ABC Stacking,COF-C2-80,ABC Stacking,14.503000,0.038300
10.1021_acs.chemmater.3c01952,10.1021_acs.chemmater.3c01952-p003-f01,10.1021_acs.chemmater.3c01952-p003-f01-s04,ABC Stacking,COF-C2-80,ABC Stacking,14.523000,0.038600
10.1021_acs.chemmater.3c01952,10.1021_acs.chemmater.3c01952-p003-f01,10.1021_acs.chemmater.3c01952-p003-f01-s04,ABC Stacking,COF-C2-80,ABC Stacking,14.543000,0.038800
10.1021_acs.chemmater.3c01952,10.1021_acs.chemmater.3c01952-p003-f01,10.1021_acs.chemmater.3c01952-p003-f01-s04,ABC Stacking,COF-C2-80,ABC Stacking,14.563000,0.039100
10.1021_acs.chemmater.3c01952,10.1021_acs.chemmater.3c01952-p003-f01,10.1021_acs.chemmater.3c01952-p003-f01-s04,ABC Stacking,COF-C2-80,ABC Stacking,14.583000,0.039400
10.1021_acs.chemmater.3c01952,10.1021_acs.chemmater.3c01952-p003-f01,10.1021_acs.chemmater.3c01952-p003-f01-s04,ABC Stacking,COF-C2-80,ABC Stacking,14.603000,0.039600
10.1021_acs.chemmater.3c01952,10.1021_acs.chemmater.3c01952-p003-f01,10.1021_acs.chemmater.3c01952-p003-f01-s04,ABC Stacking,COF-C2-80,ABC Stacking,14.623000,0.039900
10.1021_acs.chemmater.3c01952,10.1021_acs.chemmater.3c01952-p003-f01,10.1021_acs.chemmater.3c01952-p003-f01-s04,ABC Stacking,COF-C2-80,ABC Stacking,14.643000,0.040200
10.1021_acs.chemmater.3c01952,10.1021_acs.chemmater.3c01952-p003-f01,10.1021_acs.chemmater.3c01952-p003-f01-s04,ABC Stacking,COF-C2-80,ABC Stacking,14.663000,0.040400
10.1021_acs.chemmater.3c01952,10.1021_acs.chemmater.3c01952-p003-f01,10.1021_acs.chemmater.3c01952-p003-f01-s04,ABC Stacking,COF-C2-80,ABC Stacking,14.683000,0.040700
10.1021_acs.chemmater.3c01952,10.1021_acs.chemmater.3c01952-p003-f01,10.1021_acs.chemmater.3c01952-p003-f01-s04,ABC Stacking,COF-C2-80,ABC Stacking,14.703000,0.040900
10.1021_acs.chemmater.3c01952,10.1021_acs.chemmater.3c01952-p003-f01,10.1021_acs.chemmater.3c01952-p003-f01-s04,ABC Stacking,COF-C2-80,ABC Stacking,14.723000,0.041200
10.1021_acs.chemmater.3c01952,10.1021_acs.chemmater.3c01952-p003-f01,10.1021_acs.chemmater.3c01952-p003-f01-s04,ABC Stacking,COF-C2-80,ABC Stacking,14.743000,0.041400
10.1021_acs.chemmater.3c01952,10.1021_acs.chemmater.3c01952-p003-f01,10.1021_acs.chemmater.3c01952-p003-f01-s04,ABC Stacking,COF-C2-80,ABC Stacking,14.763000,0.041700
10.1021_acs.chemmater.3c01952,10.1021_acs.chemmater.3c01952-p003-f01,10.1021_acs.chemmater.3c01952-p003-f01-s04,ABC Stacking,COF-C2-80,ABC Stacking,14.783000,0.041900
10.1021_acs.chemmater.3c01952,10.1021_acs.chemmater.3c01952-p003-f01,10.1021_acs.chemmater.3c01952-p003-f01-s04,ABC Stacking,COF-C2-80,ABC Stacking,14.803000,0.042200
10.1021_acs.chemmater.3c01952,10.1021_acs.chemmater.3c01952-p003-f01,10.1021_acs.chemmater.3c01952-p003-f01-s04,ABC Stacking,COF-C2-80,ABC Stacking,14.823000,0.042400
10.1021_acs.chemmater.3c01952,10.1021_acs.chemmater.3c01952-p003-f01,10.1021_acs.chemmater.3c01952-p003-f01-s04,ABC Stacking,COF-C2-80,ABC Stacking,14.843000,0.042700
10.1021_acs.chemmater.3c01952,10.1021_acs.chemmater.3c01952-p003-f01,10.1021_acs.chemmater.3c01952-p003-f01-s04,ABC Stacking,COF-C2-80,ABC Stacking,14.863000,0.042900
10.1021_acs.chemmater.3c01952,10.1021_acs.chemmater.3c01952-p003-f01,10.1021_acs.chemmater.3c01952-p003-f01-s04,ABC Stacking,COF-C2-80,ABC Stacking,14.883000,0.043100
10.1021_acs.chemmater.3c01952,10.1021_acs.chemmater.3c01952-p003-f01,10.1021_acs.chemmater.3c01952-p003-f01-s04,ABC Stacking,COF-C2-80,ABC Stacking,14.903000,0.043400
10.1021_acs.chemmater.3c01952,10.1021_acs.chemmater.3c01952-p003-f01,10.1021_acs.chemmater.3c01952-p003-f01-s04,ABC Stacking,COF-C2-80,ABC Stacking,14.923000,0.043600
10.1021_acs.chemmater.3c01952,10.1021_acs.chemmater.3c01952-p003-f01,10.1021_acs.chemmater.3c01952-p003-f01-s04,ABC Stacking,COF-C2-80,ABC Stacking,14.943000,0.043800
10.1021_acs.chemmater.3c01952,10.1021_acs.chemmater.3c01952-p003-f01,10.1021_acs.chemmater.3c01952-p003-f01-s04,ABC Stacking,COF-C2-80,ABC Stacking,14.963000,0.044100
10.1021_acs.chemmater.3c01952,10.1021_acs.chemmater.3c01952-p003-f01,10.1021_acs.chemmater.3c01952-p003-f01-s04,ABC Stacking,COF-C2-80,ABC Stacking,14.983000,0.044300
10.1021_acs.chemmater.3c01952,10.1021_acs.chemmater.3c01952-p003-f01,10.1021_acs.chemmater.3c01952-p003-f01-s04,ABC Stacking,COF-C2-80,ABC Stacking,15.003000,0.044500
10.1021_acs.chemmater.3c01952,10.1021_acs.chemmater.3c01952-p003-f01,10.1021_acs.chemmater.3c01952-p003-f01-s04,ABC Stacking,COF-C2-80,ABC Stacking,15.023000,0.044700
10.1021_acs.chemmater.3c01952,10.1021_acs.chemmater.3c01952-p003-f01,10.1021_acs.chemmater.3c01952-p003-f01-s04,ABC Stacking,COF-C2-80,ABC Stacking,15.043000,0.045000
10.1021_acs.chemmater.3c01952,10.1021_acs.chemmater.3c01952-p003-f01,10.1021_acs.chemmater.3c01952-p003-f01-s04,ABC Stacking,COF-C2-80,ABC Stacking,15.063000,0.045200
10.1021_acs.chemmater.3c01952,10.1021_acs.chemmater.3c01952-p003-f01,10.1021_acs.chemmater.3c01952-p003-f01-s04,ABC Stacking,COF-C2-80,ABC Stacking,15.083000,0.045400
10.1021_acs.chemmater.3c01952,10.1021_acs.chemmater.3c01952-p003-f01,10.1021_acs.chemmater.3c01952-p003-f01-s04,ABC Stacking,COF-C2-80,ABC Stacking,15.103000,0.045600
10.1021_acs.chemmater.3c01952,10.1021_acs.chemmater.3c01952-p003-f01,10.1021_acs.chemmater.3c01952-p003-f01-s04,ABC Stacking,COF-C2-80,ABC Stacking,15.123000,0.045800
10.1021_acs.chemmater.3c01952,10.1021_acs.chemmater.3c01952-p003-f01,10.1021_acs.chemmater.3c01952-p003-f01-s04,ABC Stacking,COF-C2-80,ABC Stacking,15.143000,0.046000
10.1021_acs.chemmater.3c01952,10.1021_acs.chemmater.3c01952-p003-f01,10.1021_acs.chemmater.3c01952-p003-f01-s04,ABC Stacking,COF-C2-80,ABC Stacking,15.163000,0.046300
10.1021_acs.chemmater.3c01952,10.1021_acs.chemmater.3c01952-p003-f01,10.1021_acs.chemmater.3c01952-p003-f01-s04,ABC Stacking,COF-C2-80,ABC Stacking,15.183000,0.046500
10.1021_acs.chemmater.3c01952,10.1021_acs.chemmater.3c01952-p003-f01,10.1021_acs.chemmater.3c01952-p003-f01-s04,ABC Stacking,COF-C2-80,ABC Stacking,15.203000,0.046700
10.1021_acs.chemmater.3c01952,10.1021_acs.chemmater.3c01952-p003-f01,10.1021_acs.chemmater.3c01952-p003-f01-s04,ABC Stacking,COF-C2-80,ABC Stacking,15.223000,0.046900
10.1021_acs.chemmater.3c01952,10.1021_acs.chemmater.3c01952-p003-f01,10.1021_acs.chemmater.3c01952-p003-f01-s04,ABC Stacking,COF-C2-80,ABC Stacking,15.243000,0.047100
10.1021_acs.chemmater.3c01952,10.1021_acs.chemmater.3c01952-p003-f01,10.1021_acs.chemmater.3c01952-p003-f01-s04,ABC Stacking,COF-C2-80,ABC Stacking,15.263000,0.047300
10.1021_acs.chemmater.3c01952,10.1021_acs.chemmater.3c01952-p003-f01,10.1021_acs.chemmater.3c01952-p003-f01-s04,ABC Stacking,COF-C2-80,ABC Stacking,15.283000,0.040400
10.1021_acs.chemmater.3c01952,10.1021_acs.chemmater.3c01952-p003-f01,10.1021_acs.chemmater.3c01952-p003-f01-s04,ABC Stacking,COF-C2-80,ABC Stacking,15.303000,0.007100
10.1021_acs.chemmater.3c01952,10.1021_acs.chemmater.3c01952-p003-f01,10.1021_acs.chemmater.3c01952-p003-f01-s04,ABC Stacking,COF-C2-80,ABC Stacking,15.323000,0.016100
10.1021_acs.chemmater.3c01952,10.1021_acs.chemmater.3c01952-p003-f01,10.1021_acs.chemmater.3c01952-p003-f01-s04,ABC Stacking,COF-C2-80,ABC Stacking,15.343000,0.063900
10.1021_acs.chemmater.3c01952,10.1021_acs.chemmater.3c01952-p003-f01,10.1021_acs.chemmater.3c01952-p003-f01-s04,ABC Stacking,COF-C2-80,ABC Stacking,15.363000,0.125400
10.1021_acs.chemmater.3c01952,10.1021_acs.chemmater.3c01952-p003-f01,10.1021_acs.chemmater.3c01952-p003-f01-s04,ABC Stacking,COF-C2-80,ABC Stacking,15.383000,0.258100
10.1021_acs.chemmater.3c01952,10.1021_acs.chemmater.3c01952-p003-f01,10.1021_acs.chemmater.3c01952-p003-f01-s04,ABC Stacking,COF-C2-80,ABC Stacking,15.403000,0.447400
10.1021_acs.chemmater.3c01952,10.1021_acs.chemmater.3c01952-p003-f01,10.1021_acs.chemmater.3c01952-p003-f01-s04,ABC Stacking,COF-C2-80,ABC Stacking,15.423000,0.666900
10.1021_acs.chemmater.3c01952,10.1021_acs.chemmater.3c01952-p003-f01,10.1021_acs.chemmater.3c01952-p003-f01-s04,ABC Stacking,COF-C2-80,ABC Stacking,15.443000,0.889400
10.1021_acs.chemmater.3c01952,10.1021_acs.chemmater.3c01952-p003-f01,10.1021_acs.chemmater.3c01952-p003-f01-s04,ABC Stacking,COF-C2-80,ABC Stacking,15.463000,1.088400
10.1021_acs.chemmater.3c01952,10.1021_acs.chemmater.3c01952-p003-f01,10.1021_acs.chemmater.3c01952-p003-f01-s04,ABC Stacking,COF-C2-80,ABC Stacking,15.483000,1.238500
10.1021_acs.chemmater.3c01952,10.1021_acs.chemmater.3c01952-p003-f01,10.1021_acs.chemmater.3c01952-p003-f01-s04,ABC Stacking,COF-C2-80,ABC Stacking,15.503000,1.355800
10.1021_acs.chemmater.3c01952,10.1021_acs.chemmater.3c01952-p003-f01,10.1021_acs.chemmater.3c01952-p003-f01-s04,ABC Stacking,COF-C2-80,ABC Stacking,15.523000,1.447400
10.1021_acs.chemmater.3c01952,10.1021_acs.chemmater.3c01952-p003-f01,10.1021_acs.chemmater.3c01952-p003-f01-s04,ABC Stacking,COF-C2-80,ABC Stacking,15.543000,1.437900
10.1021_acs.chemmater.3c01952,10.1021_acs.chemmater.3c01952-p003-f01,10.1021_acs.chemmater.3c01952-p003-f01-s04,ABC Stacking,COF-C2-80,ABC Stacking,15.563000,1.285000
10.1021_acs.chemmater.3c01952,10.1021_acs.chemmater.3c01952-p003-f01,10.1021_acs.chemmater.3c01952-p003-f01-s04,ABC Stacking,COF-C2-80,ABC Stacking,15.583000,1.083900
10.1021_acs.chemmater.3c01952,10.1021_acs.chemmater.3c01952-p003-f01,10.1021_acs.chemmater.3c01952-p003-f01-s04,ABC Stacking,COF-C2-80,ABC Stacking,15.603000,0.840300
10.1021_acs.chemmater.3c01952,10.1021_acs.chemmater.3c01952-p003-f01,10.1021_acs.chemmater.3c01952-p003-f01-s04,ABC Stacking,COF-C2-80,ABC Stacking,15.623000,0.579900
10.1021_acs.chemmater.3c01952,10.1021_acs.chemmater.3c01952-p003-f01,10.1021_acs.chemmater.3c01952-p003-f01-s04,ABC Stacking,COF-C2-80,ABC Stacking,15.643000,0.334600
10.1021_acs.chemmater.3c01952,10.1021_acs.chemmater.3c01952-p003-f01,10.1021_acs.chemmater.3c01952-p003-f01-s04,ABC Stacking,COF-C2-80,ABC Stacking,15.663000,0.137700
10.1021_acs.chemmater.3c01952,10.1021_acs.chemmater.3c01952-p003-f01,10.1021_acs.chemmater.3c01952-p003-f01-s04,ABC Stacking,COF-C2-80,ABC Stacking,15.683000,0.020100
10.1021_acs.chemmater.3c01952,10.1021_acs.chemmater.3c01952-p003-f01,10.1021_acs.chemmater.3c01952-p003-f01-s04,ABC Stacking,COF-C2-80,ABC Stacking,15.703000,0.003200
10.1021_acs.chemmater.3c01952,10.1021_acs.chemmater.3c01952-p003-f01,10.1021_acs.chemmater.3c01952-p003-f01-s04,ABC Stacking,COF-C2-80,ABC Stacking,15.723000,0.026100
10.1021_acs.chemmater.3c01952,10.1021_acs.chemmater.3c01952-p003-f01,10.1021_acs.chemmater.3c01952-p003-f01-s04,ABC Stacking,COF-C2-80,ABC Stacking,15.743000,0.051600
10.1021_acs.chemmater.3c01952,10.1021_acs.chemmater.3c01952-p003-f01,10.1021_acs.chemmater.3c01952-p003-f01-s04,ABC Stacking,COF-C2-80,ABC Stacking,15.763000,0.050300
10.1021_acs.chemmater.3c01952,10.1021_acs.chemmater.3c01952-p003-f01,10.1021_acs.chemmater.3c01952-p003-f01-s04,ABC Stacking,COF-C2-80,ABC Stacking,15.783000,0.050500
10.1021_acs.chemmater.3c01952,10.1021_acs.chemmater.3c01952-p003-f01,10.1021_acs.chemmater.3c01952-p003-f01-s04,ABC Stacking,COF-C2-80,ABC Stacking,15.803000,0.051400
10.1021_acs.chemmater.3c01952,10.1021_acs.chemmater.3c01952-p003-f01,10.1021_acs.chemmater.3c01952-p003-f01-s04,ABC Stacking,COF-C2-80,ABC Stacking,15.823000,0.052000
10.1021_acs.chemmater.3c01952,10.1021_acs.chemmater.3c01952-p003-f01,10.1021_acs.chemmater.3c01952-p003-f01-s04,ABC Stacking,COF-C2-80,ABC Stacking,15.843000,0.052300
10.1021_acs.chemmater.3c01952,10.1021_acs.chemmater.3c01952-p003-f01,10.1021_acs.chemmater.3c01952-p003-f01-s04,ABC Stacking,COF-C2-80,ABC Stacking,15.863000,0.052400
10.1021_acs.chemmater.3c01952,10.1021_acs.chemmater.3c01952-p003-f01,10.1021_acs.chemmater.3c01952-p003-f01-s04,ABC Stacking,COF-C2-80,ABC Stacking,15.883000,0.052500
10.1021_acs.chemmater.3c01952,10.1021_acs.chemmater.3c01952-p003-f01,10.1021_acs.chemmater.3c01952-p003-f01-s04,ABC Stacking,COF-C2-80,ABC Stacking,15.903000,0.052700
10.1021_acs.chemmater.3c01952,10.1021_acs.chemmater.3c01952-p003-f01,10.1021_acs.chemmater.3c01952-p003-f01-s04,ABC Stacking,COF-C2-80,ABC Stacking,15.923000,0.037700
10.1021_acs.chemmater.3c01952,10.1021_acs.chemmater.3c01952-p003-f01,10.1021_acs.chemmater.3c01952-p003-f01-s04,ABC Stacking,COF-C2-80,ABC Stacking,15.943000,0.005800
10.1021_acs.chemmater.3c01952,10.1021_acs.chemmater.3c01952-p003-f01,10.1021_acs.chemmater.3c01952-p003-f01-s04,ABC Stacking,COF-C2-80,ABC Stacking,15.963000,0.030700
10.1021_acs.chemmater.3c01952,10.1021_acs.chemmater.3c01952-p003-f01,10.1021_acs.chemmater.3c01952-p003-f01-s04,ABC Stacking,COF-C2-80,ABC Stacking,15.983000,0.102400
10.1021_acs.chemmater.3c01952,10.1021_acs.chemmater.3c01952-p003-f01,10.1021_acs.chemmater.3c01952-p003-f01-s04,ABC Stacking,COF-C2-80,ABC Stacking,16.003000,0.205100
10.1021_acs.chemmater.3c01952,10.1021_acs.chemmater.3c01952-p003-f01,10.1021_acs.chemmater.3c01952-p003-f01-s04,ABC Stacking,COF-C2-80,ABC Stacking,16.023000,0.296900
10.1021_acs.chemmater.3c01952,10.1021_acs.chemmater.3c01952-p003-f01,10.1021_acs.chemmater.3c01952-p003-f01-s04,ABC Stacking,COF-C2-80,ABC Stacking,16.043000,0.431100
10.1021_acs.chemmater.3c01952,10.1021_acs.chemmater.3c01952-p003-f01,10.1021_acs.chemmater.3c01952-p003-f01-s04,ABC Stacking,COF-C2-80,ABC Stacking,16.063000,0.612100
10.1021_acs.chemmater.3c01952,10.1021_acs.chemmater.3c01952-p003-f01,10.1021_acs.chemmater.3c01952-p003-f01-s04,ABC Stacking,COF-C2-80,ABC Stacking,16.083000,0.811500
10.1021_acs.chemmater.3c01952,10.1021_acs.chemmater.3c01952-p003-f01,10.1021_acs.chemmater.3c01952-p003-f01-s04,ABC Stacking,COF-C2-80,ABC Stacking,16.103000,1.029100
10.1021_acs.chemmater.3c01952,10.1021_acs.chemmater.3c01952-p003-f01,10.1021_acs.chemmater.3c01952-p003-f01-s04,ABC Stacking,COF-C2-80,ABC Stacking,16.123000,1.195300
10.1021_acs.chemmater.3c01952,10.1021_acs.chemmater.3c01952-p003-f01,10.1021_acs.chemmater.3c01952-p003-f01-s04,ABC Stacking,COF-C2-80,ABC Stacking,16.143000,1.264900
10.1021_acs.chemmater.3c01952,10.1021_acs.chemmater.3c01952-p003-f01,10.1021_acs.chemmater.3c01952-p003-f01-s04,ABC Stacking,COF-C2-80,ABC Stacking,16.163000,1.330000
10.1021_acs.chemmater.3c01952,10.1021_acs.chemmater.3c01952-p003-f01,10.1021_acs.chemmater.3c01952-p003-f01-s04,ABC Stacking,COF-C2-80,ABC Stacking,16.183000,1.307300
10.1021_acs.chemmater.3c01952,10.1021_acs.chemmater.3c01952-p003-f01,10.1021_acs.chemmater.3c01952-p003-f01-s04,ABC Stacking,COF-C2-80,ABC Stacking,16.203000,1.157100
10.1021_acs.chemmater.3c01952,10.1021_acs.chemmater.3c01952-p003-f01,10.1021_acs.chemmater.3c01952-p003-f01-s04,ABC Stacking,COF-C2-80,ABC Stacking,16.223000,0.902800
10.1021_acs.chemmater.3c01952,10.1021_acs.chemmater.3c01952-p003-f01,10.1021_acs.chemmater.3c01952-p003-f01-s04,ABC Stacking,COF-C2-80,ABC Stacking,16.243000,0.649200
10.1021_acs.chemmater.3c01952,10.1021_acs.chemmater.3c01952-p003-f01,10.1021_acs.chemmater.3c01952-p003-f01-s04,ABC Stacking,COF-C2-80,ABC Stacking,16.263000,0.421400
10.1021_acs.chemmater.3c01952,10.1021_acs.chemmater.3c01952-p003-f01,10.1021_acs.chemmater.3c01952-p003-f01-s04,ABC Stacking,COF-C2-80,ABC Stacking,16.283000,0.238500
10.1021_acs.chemmater.3c01952,10.1021_acs.chemmater.3c01952-p003-f01,10.1021_acs.chemmater.3c01952-p003-f01-s04,ABC Stacking,COF-C2-80,ABC Stacking,16.303000,0.133900
10.1021_acs.chemmater.3c01952,10.1021_acs.chemmater.3c01952-p003-f01,10.1021_acs.chemmater.3c01952-p003-f01-s04,ABC Stacking,COF-C2-80,ABC Stacking,16.323000,0.066800
10.1021_acs.chemmater.3c01952,10.1021_acs.chemmater.3c01952-p003-f01,10.1021_acs.chemmater.3c01952-p003-f01-s04,ABC Stacking,COF-C2-80,ABC Stacking,16.343000,0.022300
10.1021_acs.chemmater.3c01952,10.1021_acs.chemmater.3c01952-p003-f01,10.1021_acs.chemmater.3c01952-p003-f01-s04,ABC Stacking,COF-C2-80,ABC Stacking,16.363000,0.040500
10.1021_acs.chemmater.3c01952,10.1021_acs.chemmater.3c01952-p003-f01,10.1021_acs.chemmater.3c01952-p003-f01-s04,ABC Stacking,COF-C2-80,ABC Stacking,16.383000,0.056500
10.1021_acs.chemmater.3c01952,10.1021_acs.chemmater.3c01952-p003-f01,10.1021_acs.chemmater.3c01952-p003-f01-s04,ABC Stacking,COF-C2-80,ABC Stacking,16.403000,0.054000
10.1021_acs.chemmater.3c01952,10.1021_acs.chemmater.3c01952-p003-f01,10.1021_acs.chemmater.3c01952-p003-f01-s04,ABC Stacking,COF-C2-80,ABC Stacking,16.423000,0.053700
10.1021_acs.chemmater.3c01952,10.1021_acs.chemmater.3c01952-p003-f01,10.1021_acs.chemmater.3c01952-p003-f01-s04,ABC Stacking,COF-C2-80,ABC Stacking,16.443000,0.054800
10.1021_acs.chemmater.3c01952,10.1021_acs.chemmater.3c01952-p003-f01,10.1021_acs.chemmater.3c01952-p003-f01-s04,ABC Stacking,COF-C2-80,ABC Stacking,16.463000,0.055900
10.1021_acs.chemmater.3c01952,10.1021_acs.chemmater.3c01952-p003-f01,10.1021_acs.chemmater.3c01952-p003-f01-s04,ABC Stacking,COF-C2-80,ABC Stacking,16.483000,0.056000
10.1021_acs.chemmater.3c01952,10.1021_acs.chemmater.3c01952-p003-f01,10.1021_acs.chemmater.3c01952-p003-f01-s04,ABC Stacking,COF-C2-80,ABC Stacking,16.503000,0.056100
10.1021_acs.chemmater.3c01952,10.1021_acs.chemmater.3c01952-p003-f01,10.1021_acs.chemmater.3c01952-p003-f01-s04,ABC Stacking,COF-C2-80,ABC Stacking,16.523000,0.056200
10.1021_acs.chemmater.3c01952,10.1021_acs.chemmater.3c01952-p003-f01,10.1021_acs.chemmater.3c01952-p003-f01-s04,ABC Stacking,COF-C2-80,ABC Stacking,16.543000,0.056200
10.1021_acs.chemmater.3c01952,10.1021_acs.chemmater.3c01952-p003-f01,10.1021_acs.chemmater.3c01952-p003-f01-s04,ABC Stacking,COF-C2-80,ABC Stacking,16.563000,0.056300
10.1021_acs.chemmater.3c01952,10.1021_acs.chemmater.3c01952-p003-f01,10.1021_acs.chemmater.3c01952-p003-f01-s04,ABC Stacking,COF-C2-80,ABC Stacking,16.583000,0.056400
10.1021_acs.chemmater.3c01952,10.1021_acs.chemmater.3c01952-p003-f01,10.1021_acs.chemmater.3c01952-p003-f01-s04,ABC Stacking,COF-C2-80,ABC Stacking,16.603000,0.056500
10.1021_acs.chemmater.3c01952,10.1021_acs.chemmater.3c01952-p003-f01,10.1021_acs.chemmater.3c01952-p003-f01-s04,ABC Stacking,COF-C2-80,ABC Stacking,16.623000,0.056600
10.1021_acs.chemmater.3c01952,10.1021_acs.chemmater.3c01952-p003-f01,10.1021_acs.chemmater.3c01952-p003-f01-s04,ABC Stacking,COF-C2-80,ABC Stacking,16.643000,0.056700
10.1021_acs.chemmater.3c01952,10.1021_acs.chemmater.3c01952-p003-f01,10.1021_acs.chemmater.3c01952-p003-f01-s04,ABC Stacking,COF-C2-80,ABC Stacking,16.663000,0.056700
10.1021_acs.chemmater.3c01952,10.1021_acs.chemmater.3c01952-p003-f01,10.1021_acs.chemmater.3c01952-p003-f01-s04,ABC Stacking,COF-C2-80,ABC Stacking,16.683000,0.056800
10.1021_acs.chemmater.3c01952,10.1021_acs.chemmater.3c01952-p003-f01,10.1021_acs.chemmater.3c01952-p003-f01-s04,ABC Stacking,COF-C2-80,ABC Stacking,16.703000,0.056900
10.1021_acs.chemmater.3c01952,10.1021_acs.chemmater.3c01952-p003-f01,10.1021_acs.chemmater.3c01952-p003-f01-s04,ABC Stacking,COF-C2-80,ABC Stacking,16.723000,0.056900
10.1021_acs.chemmater.3c01952,10.1021_acs.chemmater.3c01952-p003-f01,10.1021_acs.chemmater.3c01952-p003-f01-s04,ABC Stacking,COF-C2-80,ABC Stacking,16.743000,0.057000
10.1021_acs.chemmater.3c01952,10.1021_acs.chemmater.3c01952-p003-f01,10.1021_acs.chemmater.3c01952-p003-f01-s04,ABC Stacking,COF-C2-80,ABC Stacking,16.763000,0.057100
10.1021_acs.chemmater.3c01952,10.1021_acs.chemmater.3c01952-p003-f01,10.1021_acs.chemmater.3c01952-p003-f01-s04,ABC Stacking,COF-C2-80,ABC Stacking,16.783000,0.057200
10.1021_acs.chemmater.3c01952,10.1021_acs.chemmater.3c01952-p003-f01,10.1021_acs.chemmater.3c01952-p003-f01-s04,ABC Stacking,COF-C2-80,ABC Stacking,16.803000,0.057200
10.1021_acs.chemmater.3c01952,10.1021_acs.chemmater.3c01952-p003-f01,10.1021_acs.chemmater.3c01952-p003-f01-s04,ABC Stacking,COF-C2-80,ABC Stacking,16.823000,0.057300
10.1021_acs.chemmater.3c01952,10.1021_acs.chemmater.3c01952-p003-f01,10.1021_acs.chemmater.3c01952-p003-f01-s04,ABC Stacking,COF-C2-80,ABC Stacking,16.843000,0.057300
10.1021_acs.chemmater.3c01952,10.1021_acs.chemmater.3c01952-p003-f01,10.1021_acs.chemmater.3c01952-p003-f01-s04,ABC Stacking,COF-C2-80,ABC Stacking,16.863000,0.057400
10.1021_acs.chemmater.3c01952,10.1021_acs.chemmater.3c01952-p003-f01,10.1021_acs.chemmater.3c01952-p003-f01-s04,ABC Stacking,COF-C2-80,ABC Stacking,16.883000,0.057500
10.1021_acs.chemmater.3c01952,10.1021_acs.chemmater.3c01952-p003-f01,10.1021_acs.chemmater.3c01952-p003-f01-s04,ABC Stacking,COF-C2-80,ABC Stacking,16.903000,0.057500
10.1021_acs.chemmater.3c01952,10.1021_acs.chemmater.3c01952-p003-f01,10.1021_acs.chemmater.3c01952-p003-f01-s04,ABC Stacking,COF-C2-80,ABC Stacking,16.923000,0.057600
10.1021_acs.chemmater.3c01952,10.1021_acs.chemmater.3c01952-p003-f01,10.1021_acs.chemmater.3c01952-p003-f01-s04,ABC Stacking,COF-C2-80,ABC Stacking,16.943000,0.057600
10.1021_acs.chemmater.3c01952,10.1021_acs.chemmater.3c01952-p003-f01,10.1021_acs.chemmater.3c01952-p003-f01-s04,ABC Stacking,COF-C2-80,ABC Stacking,16.963000,0.057700
10.1021_acs.chemmater.3c01952,10.1021_acs.chemmater.3c01952-p003-f01,10.1021_acs.chemmater.3c01952-p003-f01-s04,ABC Stacking,COF-C2-80,ABC Stacking,16.983000,0.057800
10.1021_acs.chemmater.3c01952,10.1021_acs.chemmater.3c01952-p003-f01,10.1021_acs.chemmater.3c01952-p003-f01-s04,ABC Stacking,COF-C2-80,ABC Stacking,17.003000,0.057800
10.1021_acs.chemmater.3c01952,10.1021_acs.chemmater.3c01952-p003-f01,10.1021_acs.chemmater.3c01952-p003-f01-s04,ABC Stacking,COF-C2-80,ABC Stacking,17.023000,0.057900
10.1021_acs.chemmater.3c01952,10.1021_acs.chemmater.3c01952-p003-f01,10.1021_acs.chemmater.3c01952-p003-f01-s04,ABC Stacking,COF-C2-80,ABC Stacking,17.043000,0.057900
10.1021_acs.chemmater.3c01952,10.1021_acs.chemmater.3c01952-p003-f01,10.1021_acs.chemmater.3c01952-p003-f01-s04,ABC Stacking,COF-C2-80,ABC Stacking,17.063000,0.058000
10.1021_acs.chemmater.3c01952,10.1021_acs.chemmater.3c01952-p003-f01,10.1021_acs.chemmater.3c01952-p003-f01-s04,ABC Stacking,COF-C2-80,ABC Stacking,17.083000,0.058000
10.1021_acs.chemmater.3c01952,10.1021_acs.chemmater.3c01952-p003-f01,10.1021_acs.chemmater.3c01952-p003-f01-s04,ABC Stacking,COF-C2-80,ABC Stacking,17.103000,0.058000
10.1021_acs.chemmater.3c01952,10.1021_acs.chemmater.3c01952-p003-f01,10.1021_acs.chemmater.3c01952-p003-f01-s04,ABC Stacking,COF-C2-80,ABC Stacking,17.123000,0.058100
10.1021_acs.chemmater.3c01952,10.1021_acs.chemmater.3c01952-p003-f01,10.1021_acs.chemmater.3c01952-p003-f01-s04,ABC Stacking,COF-C2-80,ABC Stacking,17.143000,0.058100
10.1021_acs.chemmater.3c01952,10.1021_acs.chemmater.3c01952-p003-f01,10.1021_acs.chemmater.3c01952-p003-f01-s04,ABC Stacking,COF-C2-80,ABC Stacking,17.163000,0.058200
10.1021_acs.chemmater.3c01952,10.1021_acs.chemmater.3c01952-p003-f01,10.1021_acs.chemmater.3c01952-p003-f01-s04,ABC Stacking,COF-C2-80,ABC Stacking,17.183000,0.058200
10.1021_acs.chemmater.3c01952,10.1021_acs.chemmater.3c01952-p003-f01,10.1021_acs.chemmater.3c01952-p003-f01-s04,ABC Stacking,COF-C2-80,ABC Stacking,17.203000,0.058300
10.1021_acs.chemmater.3c01952,10.1021_acs.chemmater.3c01952-p003-f01,10.1021_acs.chemmater.3c01952-p003-f01-s04,ABC Stacking,COF-C2-80,ABC Stacking,17.223000,0.058300
10.1021_acs.chemmater.3c01952,10.1021_acs.chemmater.3c01952-p003-f01,10.1021_acs.chemmater.3c01952-p003-f01-s04,ABC Stacking,COF-C2-80,ABC Stacking,17.243000,0.058300
10.1021_acs.chemmater.3c01952,10.1021_acs.chemmater.3c01952-p003-f01,10.1021_acs.chemmater.3c01952-p003-f01-s04,ABC Stacking,COF-C2-80,ABC Stacking,17.263000,0.058400
10.1021_acs.chemmater.3c01952,10.1021_acs.chemmater.3c01952-p003-f01,10.1021_acs.chemmater.3c01952-p003-f01-s04,ABC Stacking,COF-C2-80,ABC Stacking,17.283000,0.058400
10.1021_acs.chemmater.3c01952,10.1021_acs.chemmater.3c01952-p003-f01,10.1021_acs.chemmater.3c01952-p003-f01-s04,ABC Stacking,COF-C2-80,ABC Stacking,17.303000,0.058400
10.1021_acs.chemmater.3c01952,10.1021_acs.chemmater.3c01952-p003-f01,10.1021_acs.chemmater.3c01952-p003-f01-s04,ABC Stacking,COF-C2-80,ABC Stacking,17.323000,0.058500
10.1021_acs.chemmater.3c01952,10.1021_acs.chemmater.3c01952-p003-f01,10.1021_acs.chemmater.3c01952-p003-f01-s04,ABC Stacking,COF-C2-80,ABC Stacking,17.343000,0.058500
10.1021_acs.chemmater.3c01952,10.1021_acs.chemmater.3c01952-p003-f01,10.1021_acs.chemmater.3c01952-p003-f01-s04,ABC Stacking,COF-C2-80,ABC Stacking,17.363000,0.058500
10.1021_acs.chemmater.3c01952,10.1021_acs.chemmater.3c01952-p003-f01,10.1021_acs.chemmater.3c01952-p003-f01-s04,ABC Stacking,COF-C2-80,ABC Stacking,17.383000,0.058600
10.1021_acs.chemmater.3c01952,10.1021_acs.chemmater.3c01952-p003-f01,10.1021_acs.chemmater.3c01952-p003-f01-s04,ABC Stacking,COF-C2-80,ABC Stacking,17.403000,0.058600
10.1021_acs.chemmater.3c01952,10.1021_acs.chemmater.3c01952-p003-f01,10.1021_acs.chemmater.3c01952-p003-f01-s04,ABC Stacking,COF-C2-80,ABC Stacking,17.423000,0.058600
10.1021_acs.chemmater.3c01952,10.1021_acs.chemmater.3c01952-p003-f01,10.1021_acs.chemmater.3c01952-p003-f01-s04,ABC Stacking,COF-C2-80,ABC Stacking,17.443000,0.058700
10.1021_acs.chemmater.3c01952,10.1021_acs.chemmater.3c01952-p003-f01,10.1021_acs.chemmater.3c01952-p003-f01-s04,ABC Stacking,COF-C2-80,ABC Stacking,17.463000,0.058700
10.1021_acs.chemmater.3c01952,10.1021_acs.chemmater.3c01952-p003-f01,10.1021_acs.chemmater.3c01952-p003-f01-s04,ABC Stacking,COF-C2-80,ABC Stacking,17.483000,0.060100
10.1021_acs.chemmater.3c01952,10.1021_acs.chemmater.3c01952-p003-f01,10.1021_acs.chemmater.3c01952-p003-f01-s04,ABC Stacking,COF-C2-80,ABC Stacking,17.503000,0.063200
10.1021_acs.chemmater.3c01952,10.1021_acs.chemmater.3c01952-p003-f01,10.1021_acs.chemmater.3c01952-p003-f01-s04,ABC Stacking,COF-C2-80,ABC Stacking,17.523000,0.022500
10.1021_acs.chemmater.3c01952,10.1021_acs.chemmater.3c01952-p003-f01,10.1021_acs.chemmater.3c01952-p003-f01-s04,ABC Stacking,COF-C2-80,ABC Stacking,17.543000,-0.032700
10.1021_acs.chemmater.3c01952,10.1021_acs.chemmater.3c01952-p003-f01,10.1021_acs.chemmater.3c01952-p003-f01-s04,ABC Stacking,COF-C2-80,ABC Stacking,17.563000,-0.055700
10.1021_acs.chemmater.3c01952,10.1021_acs.chemmater.3c01952-p003-f01,10.1021_acs.chemmater.3c01952-p003-f01-s04,ABC Stacking,COF-C2-80,ABC Stacking,17.583000,0.020300
10.1021_acs.chemmater.3c01952,10.1021_acs.chemmater.3c01952-p003-f01,10.1021_acs.chemmater.3c01952-p003-f01-s04,ABC Stacking,COF-C2-80,ABC Stacking,17.603000,0.286300
10.1021_acs.chemmater.3c01952,10.1021_acs.chemmater.3c01952-p003-f01,10.1021_acs.chemmater.3c01952-p003-f01-s04,ABC Stacking,COF-C2-80,ABC Stacking,17.623000,0.739600
10.1021_acs.chemmater.3c01952,10.1021_acs.chemmater.3c01952-p003-f01,10.1021_acs.chemmater.3c01952-p003-f01-s04,ABC Stacking,COF-C2-80,ABC Stacking,17.643000,1.313600
10.1021_acs.chemmater.3c01952,10.1021_acs.chemmater.3c01952-p003-f01,10.1021_acs.chemmater.3c01952-p003-f01-s04,ABC Stacking,COF-C2-80,ABC Stacking,17.663000,1.916700
10.1021_acs.chemmater.3c01952,10.1021_acs.chemmater.3c01952-p003-f01,10.1021_acs.chemmater.3c01952-p003-f01-s04,ABC Stacking,COF-C2-80,ABC Stacking,17.683000,2.523100
10.1021_acs.chemmater.3c01952,10.1021_acs.chemmater.3c01952-p003-f01,10.1021_acs.chemmater.3c01952-p003-f01-s04,ABC Stacking,COF-C2-80,ABC Stacking,17.703000,3.111800
10.1021_acs.chemmater.3c01952,10.1021_acs.chemmater.3c01952-p003-f01,10.1021_acs.chemmater.3c01952-p003-f01-s04,ABC Stacking,COF-C2-80,ABC Stacking,17.723000,3.508200
10.1021_acs.chemmater.3c01952,10.1021_acs.chemmater.3c01952-p003-f01,10.1021_acs.chemmater.3c01952-p003-f01-s04,ABC Stacking,COF-C2-80,ABC Stacking,17.743000,3.725300
10.1021_acs.chemmater.3c01952,10.1021_acs.chemmater.3c01952-p003-f01,10.1021_acs.chemmater.3c01952-p003-f01-s04,ABC Stacking,COF-C2-80,ABC Stacking,17.763000,3.795500
10.1021_acs.chemmater.3c01952,10.1021_acs.chemmater.3c01952-p003-f01,10.1021_acs.chemmater.3c01952-p003-f01-s04,ABC Stacking,COF-C2-80,ABC Stacking,17.783000,3.782700
10.1021_acs.chemmater.3c01952,10.1021_acs.chemmater.3c01952-p003-f01,10.1021_acs.chemmater.3c01952-p003-f01-s04,ABC Stacking,COF-C2-80,ABC Stacking,17.803000,3.676400
10.1021_acs.chemmater.3c01952,10.1021_acs.chemmater.3c01952-p003-f01,10.1021_acs.chemmater.3c01952-p003-f01-s04,ABC Stacking,COF-C2-80,ABC Stacking,17.823000,3.419700
10.1021_acs.chemmater.3c01952,10.1021_acs.chemmater.3c01952-p003-f01,10.1021_acs.chemmater.3c01952-p003-f01-s04,ABC Stacking,COF-C2-80,ABC Stacking,17.843000,2.989000
10.1021_acs.chemmater.3c01952,10.1021_acs.chemmater.3c01952-p003-f01,10.1021_acs.chemmater.3c01952-p003-f01-s04,ABC Stacking,COF-C2-80,ABC Stacking,17.863000,2.410200
10.1021_acs.chemmater.3c01952,10.1021_acs.chemmater.3c01952-p003-f01,10.1021_acs.chemmater.3c01952-p003-f01-s04,ABC Stacking,COF-C2-80,ABC Stacking,17.883000,1.810200
10.1021_acs.chemmater.3c01952,10.1021_acs.chemmater.3c01952-p003-f01,10.1021_acs.chemmater.3c01952-p003-f01-s04,ABC Stacking,COF-C2-80,ABC Stacking,17.903000,1.289400
10.1021_acs.chemmater.3c01952,10.1021_acs.chemmater.3c01952-p003-f01,10.1021_acs.chemmater.3c01952-p003-f01-s04,ABC Stacking,COF-C2-80,ABC Stacking,17.923000,0.447300
10.1021_acs.chemmater.3c01952,10.1021_acs.chemmater.3c01952-p003-f01,10.1021_acs.chemmater.3c01952-p003-f01-s04,ABC Stacking,COF-C2-80,ABC Stacking,17.943000,-0.365200
10.1021_acs.chemmater.3c01952,10.1021_acs.chemmater.3c01952-p003-f01,10.1021_acs.chemmater.3c01952-p003-f01-s04,ABC Stacking,COF-C2-80,ABC Stacking,17.963000,-0.679200
10.1021_acs.chemmater.3c01952,10.1021_acs.chemmater.3c01952-p003-f01,10.1021_acs.chemmater.3c01952-p003-f01-s04,ABC Stacking,COF-C2-80,ABC Stacking,17.983000,0.778200
10.1021_acs.chemmater.3c01952,10.1021_acs.chemmater.3c01952-p003-f01,10.1021_acs.chemmater.3c01952-p003-f01-s04,ABC Stacking,COF-C2-80,ABC Stacking,18.003000,3.778200
10.1021_acs.chemmater.3c01952,10.1021_acs.chemmater.3c01952-p003-f01,10.1021_acs.chemmater.3c01952-p003-f01-s04,ABC Stacking,COF-C2-80,ABC Stacking,18.023000,7.837100
10.1021_acs.chemmater.3c01952,10.1021_acs.chemmater.3c01952-p003-f01,10.1021_acs.chemmater.3c01952-p003-f01-s04,ABC Stacking,COF-C2-80,ABC Stacking,18.043000,12.328500
10.1021_acs.chemmater.3c01952,10.1021_acs.chemmater.3c01952-p003-f01,10.1021_acs.chemmater.3c01952-p003-f01-s04,ABC Stacking,COF-C2-80,ABC Stacking,18.063000,16.590000
10.1021_acs.chemmater.3c01952,10.1021_acs.chemmater.3c01952-p003-f01,10.1021_acs.chemmater.3c01952-p003-f01-s04,ABC Stacking,COF-C2-80,ABC Stacking,18.083000,20.005900
10.1021_acs.chemmater.3c01952,10.1021_acs.chemmater.3c01952-p003-f01,10.1021_acs.chemmater.3c01952-p003-f01-s04,ABC Stacking,COF-C2-80,ABC Stacking,18.103000,21.941600
10.1021_acs.chemmater.3c01952,10.1021_acs.chemmater.3c01952-p003-f01,10.1021_acs.chemmater.3c01952-p003-f01-s04,ABC Stacking,COF-C2-80,ABC Stacking,18.123000,21.904700
10.1021_acs.chemmater.3c01952,10.1021_acs.chemmater.3c01952-p003-f01,10.1021_acs.chemmater.3c01952-p003-f01-s04,ABC Stacking,COF-C2-80,ABC Stacking,18.143000,20.384300
10.1021_acs.chemmater.3c01952,10.1021_acs.chemmater.3c01952-p003-f01,10.1021_acs.chemmater.3c01952-p003-f01-s04,ABC Stacking,COF-C2-80,ABC Stacking,18.163000,18.123200
10.1021_acs.chemmater.3c01952,10.1021_acs.chemmater.3c01952-p003-f01,10.1021_acs.chemmater.3c01952-p003-f01-s04,ABC Stacking,COF-C2-80,ABC Stacking,18.183000,16.452400
10.1021_acs.chemmater.3c01952,10.1021_acs.chemmater.3c01952-p003-f01,10.1021_acs.chemmater.3c01952-p003-f01-s04,ABC Stacking,COF-C2-80,ABC Stacking,18.203000,15.132800
10.1021_acs.chemmater.3c01952,10.1021_acs.chemmater.3c01952-p003-f01,10.1021_acs.chemmater.3c01952-p003-f01-s04,ABC Stacking,COF-C2-80,ABC Stacking,18.223000,14.156900
10.1021_acs.chemmater.3c01952,10.1021_acs.chemmater.3c01952-p003-f01,10.1021_acs.chemmater.3c01952-p003-f01-s04,ABC Stacking,COF-C2-80,ABC Stacking,18.243000,13.336600
10.1021_acs.chemmater.3c01952,10.1021_acs.chemmater.3c01952-p003-f01,10.1021_acs.chemmater.3c01952-p003-f01-s04,ABC Stacking,COF-C2-80,ABC Stacking,18.263000,12.590200
10.1021_acs.chemmater.3c01952,10.1021_acs.chemmater.3c01952-p003-f01,10.1021_acs.chemmater.3c01952-p003-f01-s04,ABC Stacking,COF-C2-80,ABC Stacking,18.283000,11.795700
10.1021_acs.chemmater.3c01952,10.1021_acs.chemmater.3c01952-p003-f01,10.1021_acs.chemmater.3c01952-p003-f01-s04,ABC Stacking,COF-C2-80,ABC Stacking,18.303000,10.371200
10.1021_acs.chemmater.3c01952,10.1021_acs.chemmater.3c01952-p003-f01,10.1021_acs.chemmater.3c01952-p003-f01-s04,ABC Stacking,COF-C2-80,ABC Stacking,18.323000,8.506300
10.1021_acs.chemmater.3c01952,10.1021_acs.chemmater.3c01952-p003-f01,10.1021_acs.chemmater.3c01952-p003-f01-s04,ABC Stacking,COF-C2-80,ABC Stacking,18.343000,6.379600
10.1021_acs.chemmater.3c01952,10.1021_acs.chemmater.3c01952-p003-f01,10.1021_acs.chemmater.3c01952-p003-f01-s04,ABC Stacking,COF-C2-80,ABC Stacking,18.363000,4.215100
10.1021_acs.chemmater.3c01952,10.1021_acs.chemmater.3c01952-p003-f01,10.1021_acs.chemmater.3c01952-p003-f01-s04,ABC Stacking,COF-C2-80,ABC Stacking,18.383000,2.347500
10.1021_acs.chemmater.3c01952,10.1021_acs.chemmater.3c01952-p003-f01,10.1021_acs.chemmater.3c01952-p003-f01-s04,ABC Stacking,COF-C2-80,ABC Stacking,18.403000,0.934700
10.1021_acs.chemmater.3c01952,10.1021_acs.chemmater.3c01952-p003-f01,10.1021_acs.chemmater.3c01952-p003-f01-s04,ABC Stacking,COF-C2-80,ABC Stacking,18.423000,0.055200
10.1021_acs.chemmater.3c01952,10.1021_acs.chemmater.3c01952-p003-f01,10.1021_acs.chemmater.3c01952-p003-f01-s04,ABC Stacking,COF-C2-80,ABC Stacking,18.443000,-0.349800
10.1021_acs.chemmater.3c01952,10.1021_acs.chemmater.3c01952-p003-f01,10.1021_acs.chemmater.3c01952-p003-f01-s04,ABC Stacking,COF-C2-80,ABC Stacking,18.463000,-0.293500
10.1021_acs.chemmater.3c01952,10.1021_acs.chemmater.3c01952-p003-f01,10.1021_acs.chemmater.3c01952-p003-f01-s04,ABC Stacking,COF-C2-80,ABC Stacking,18.483000,-0.009600
10.1021_acs.chemmater.3c01952,10.1021_acs.chemmater.3c01952-p003-f01,10.1021_acs.chemmater.3c01952-p003-f01-s04,ABC Stacking,COF-C2-80,ABC Stacking,18.503000,0.034400
10.1021_acs.chemmater.3c01952,10.1021_acs.chemmater.3c01952-p003-f01,10.1021_acs.chemmater.3c01952-p003-f01-s04,ABC Stacking,COF-C2-80,ABC Stacking,18.523000,0.058800
10.1021_acs.chemmater.3c01952,10.1021_acs.chemmater.3c01952-p003-f01,10.1021_acs.chemmater.3c01952-p003-f01-s04,ABC Stacking,COF-C2-80,ABC Stacking,18.543000,0.064100
10.1021_acs.chemmater.3c01952,10.1021_acs.chemmater.3c01952-p003-f01,10.1021_acs.chemmater.3c01952-p003-f01-s04,ABC Stacking,COF-C2-80,ABC Stacking,18.563000,0.061000
10.1021_acs.chemmater.3c01952,10.1021_acs.chemmater.3c01952-p003-f01,10.1021_acs.chemmater.3c01952-p003-f01-s04,ABC Stacking,COF-C2-80,ABC Stacking,18.583000,0.059700
10.1021_acs.chemmater.3c01952,10.1021_acs.chemmater.3c01952-p003-f01,10.1021_acs.chemmater.3c01952-p003-f01-s04,ABC Stacking,COF-C2-80,ABC Stacking,18.603000,0.059800
10.1021_acs.chemmater.3c01952,10.1021_acs.chemmater.3c01952-p003-f01,10.1021_acs.chemmater.3c01952-p003-f01-s04,ABC Stacking,COF-C2-80,ABC Stacking,18.623000,0.059800
10.1021_acs.chemmater.3c01952,10.1021_acs.chemmater.3c01952-p003-f01,10.1021_acs.chemmater.3c01952-p003-f01-s04,ABC Stacking,COF-C2-80,ABC Stacking,18.643000,0.059800
10.1021_acs.chemmater.3c01952,10.1021_acs.chemmater.3c01952-p003-f01,10.1021_acs.chemmater.3c01952-p003-f01-s04,ABC Stacking,COF-C2-80,ABC Stacking,18.663000,0.059800
10.1021_acs.chemmater.3c01952,10.1021_acs.chemmater.3c01952-p003-f01,10.1021_acs.chemmater.3c01952-p003-f01-s04,ABC Stacking,COF-C2-80,ABC Stacking,18.683000,0.059800
10.1021_acs.chemmater.3c01952,10.1021_acs.chemmater.3c01952-p003-f01,10.1021_acs.chemmater.3c01952-p003-f01-s04,ABC Stacking,COF-C2-80,ABC Stacking,18.703000,0.059900
10.1021_acs.chemmater.3c01952,10.1021_acs.chemmater.3c01952-p003-f01,10.1021_acs.chemmater.3c01952-p003-f01-s04,ABC Stacking,COF-C2-80,ABC Stacking,18.723000,0.059900
10.1021_acs.chemmater.3c01952,10.1021_acs.chemmater.3c01952-p003-f01,10.1021_acs.chemmater.3c01952-p003-f01-s04,ABC Stacking,COF-C2-80,ABC Stacking,18.743000,0.059900
10.1021_acs.chemmater.3c01952,10.1021_acs.chemmater.3c01952-p003-f01,10.1021_acs.chemmater.3c01952-p003-f01-s04,ABC Stacking,COF-C2-80,ABC Stacking,18.763000,0.059900
10.1021_acs.chemmater.3c01952,10.1021_acs.chemmater.3c01952-p003-f01,10.1021_acs.chemmater.3c01952-p003-f01-s04,ABC Stacking,COF-C2-80,ABC Stacking,18.783000,0.059800
10.1021_acs.chemmater.3c01952,10.1021_acs.chemmater.3c01952-p003-f01,10.1021_acs.chemmater.3c01952-p003-f01-s04,ABC Stacking,COF-C2-80,ABC Stacking,18.803000,0.059500
10.1021_acs.chemmater.3c01952,10.1021_acs.chemmater.3c01952-p003-f01,10.1021_acs.chemmater.3c01952-p003-f01-s04,ABC Stacking,COF-C2-80,ABC Stacking,18.823000,0.058300
10.1021_acs.chemmater.3c01952,10.1021_acs.chemmater.3c01952-p003-f01,10.1021_acs.chemmater.3c01952-p003-f01-s04,ABC Stacking,COF-C2-80,ABC Stacking,18.843000,0.057900
10.1021_acs.chemmater.3c01952,10.1021_acs.chemmater.3c01952-p003-f01,10.1021_acs.chemmater.3c01952-p003-f01-s04,ABC Stacking,COF-C2-80,ABC Stacking,18.863000,0.059800
10.1021_acs.chemmater.3c01952,10.1021_acs.chemmater.3c01952-p003-f01,10.1021_acs.chemmater.3c01952-p003-f01-s04,ABC Stacking,COF-C2-80,ABC Stacking,18.883000,0.064700
10.1021_acs.chemmater.3c01952,10.1021_acs.chemmater.3c01952-p003-f01,10.1021_acs.chemmater.3c01952-p003-f01-s04,ABC Stacking,COF-C2-80,ABC Stacking,18.903000,0.073200
10.1021_acs.chemmater.3c01952,10.1021_acs.chemmater.3c01952-p003-f01,10.1021_acs.chemmater.3c01952-p003-f01-s04,ABC Stacking,COF-C2-80,ABC Stacking,18.923000,0.085400
10.1021_acs.chemmater.3c01952,10.1021_acs.chemmater.3c01952-p003-f01,10.1021_acs.chemmater.3c01952-p003-f01-s04,ABC Stacking,COF-C2-80,ABC Stacking,18.943000,0.100700
10.1021_acs.chemmater.3c01952,10.1021_acs.chemmater.3c01952-p003-f01,10.1021_acs.chemmater.3c01952-p003-f01-s04,ABC Stacking,COF-C2-80,ABC Stacking,18.963000,0.062500
10.1021_acs.chemmater.3c01952,10.1021_acs.chemmater.3c01952-p003-f01,10.1021_acs.chemmater.3c01952-p003-f01-s04,ABC Stacking,COF-C2-80,ABC Stacking,18.983000,0.033600
10.1021_acs.chemmater.3c01952,10.1021_acs.chemmater.3c01952-p003-f01,10.1021_acs.chemmater.3c01952-p003-f01-s04,ABC Stacking,COF-C2-80,ABC Stacking,19.003000,0.103500
10.1021_acs.chemmater.3c01952,10.1021_acs.chemmater.3c01952-p003-f01,10.1021_acs.chemmater.3c01952-p003-f01-s04,ABC Stacking,COF-C2-80,ABC Stacking,19.023000,0.280600
10.1021_acs.chemmater.3c01952,10.1021_acs.chemmater.3c01952-p003-f01,10.1021_acs.chemmater.3c01952-p003-f01-s04,ABC Stacking,COF-C2-80,ABC Stacking,19.043000,0.564100
10.1021_acs.chemmater.3c01952,10.1021_acs.chemmater.3c01952-p003-f01,10.1021_acs.chemmater.3c01952-p003-f01-s04,ABC Stacking,COF-C2-80,ABC Stacking,19.063000,0.942500
10.1021_acs.chemmater.3c01952,10.1021_acs.chemmater.3c01952-p003-f01,10.1021_acs.chemmater.3c01952-p003-f01-s04,ABC Stacking,COF-C2-80,ABC Stacking,19.083000,1.459200
10.1021_acs.chemmater.3c01952,10.1021_acs.chemmater.3c01952-p003-f01,10.1021_acs.chemmater.3c01952-p003-f01-s04,ABC Stacking,COF-C2-80,ABC Stacking,19.103000,1.985600
10.1021_acs.chemmater.3c01952,10.1021_acs.chemmater.3c01952-p003-f01,10.1021_acs.chemmater.3c01952-p003-f01-s04,ABC Stacking,COF-C2-80,ABC Stacking,19.123000,2.423200
10.1021_acs.chemmater.3c01952,10.1021_acs.chemmater.3c01952-p003-f01,10.1021_acs.chemmater.3c01952-p003-f01-s04,ABC Stacking,COF-C2-80,ABC Stacking,19.143000,2.715100
10.1021_acs.chemmater.3c01952,10.1021_acs.chemmater.3c01952-p003-f01,10.1021_acs.chemmater.3c01952-p003-f01-s04,ABC Stacking,COF-C2-80,ABC Stacking,19.163000,2.825100
10.1021_acs.chemmater.3c01952,10.1021_acs.chemmater.3c01952-p003-f01,10.1021_acs.chemmater.3c01952-p003-f01-s04,ABC Stacking,COF-C2-80,ABC Stacking,19.183000,2.827500
10.1021_acs.chemmater.3c01952,10.1021_acs.chemmater.3c01952-p003-f01,10.1021_acs.chemmater.3c01952-p003-f01-s04,ABC Stacking,COF-C2-80,ABC Stacking,19.203000,2.753400
10.1021_acs.chemmater.3c01952,10.1021_acs.chemmater.3c01952-p003-f01,10.1021_acs.chemmater.3c01952-p003-f01-s04,ABC Stacking,COF-C2-80,ABC Stacking,19.223000,2.580400
10.1021_acs.chemmater.3c01952,10.1021_acs.chemmater.3c01952-p003-f01,10.1021_acs.chemmater.3c01952-p003-f01-s04,ABC Stacking,COF-C2-80,ABC Stacking,19.243000,2.329600
10.1021_acs.chemmater.3c01952,10.1021_acs.chemmater.3c01952-p003-f01,10.1021_acs.chemmater.3c01952-p003-f01-s04,ABC Stacking,COF-C2-80,ABC Stacking,19.263000,2.039300
10.1021_acs.chemmater.3c01952,10.1021_acs.chemmater.3c01952-p003-f01,10.1021_acs.chemmater.3c01952-p003-f01-s04,ABC Stacking,COF-C2-80,ABC Stacking,19.283000,1.733200
10.1021_acs.chemmater.3c01952,10.1021_acs.chemmater.3c01952-p003-f01,10.1021_acs.chemmater.3c01952-p003-f01-s04,ABC Stacking,COF-C2-80,ABC Stacking,19.303000,1.351500
10.1021_acs.chemmater.3c01952,10.1021_acs.chemmater.3c01952-p003-f01,10.1021_acs.chemmater.3c01952-p003-f01-s04,ABC Stacking,COF-C2-80,ABC Stacking,19.323000,0.943400
10.1021_acs.chemmater.3c01952,10.1021_acs.chemmater.3c01952-p003-f01,10.1021_acs.chemmater.3c01952-p003-f01-s04,ABC Stacking,COF-C2-80,ABC Stacking,19.343000,0.576900
10.1021_acs.chemmater.3c01952,10.1021_acs.chemmater.3c01952-p003-f01,10.1021_acs.chemmater.3c01952-p003-f01-s04,ABC Stacking,COF-C2-80,ABC Stacking,19.363000,0.303300
10.1021_acs.chemmater.3c01952,10.1021_acs.chemmater.3c01952-p003-f01,10.1021_acs.chemmater.3c01952-p003-f01-s04,ABC Stacking,COF-C2-80,ABC Stacking,19.383000,0.124800
10.1021_acs.chemmater.3c01952,10.1021_acs.chemmater.3c01952-p003-f01,10.1021_acs.chemmater.3c01952-p003-f01-s04,ABC Stacking,COF-C2-80,ABC Stacking,19.403000,0.028400
10.1021_acs.chemmater.3c01952,10.1021_acs.chemmater.3c01952-p003-f01,10.1021_acs.chemmater.3c01952-p003-f01-s04,ABC Stacking,COF-C2-80,ABC Stacking,19.423000,0.001600
10.1021_acs.chemmater.3c01952,10.1021_acs.chemmater.3c01952-p003-f01,10.1021_acs.chemmater.3c01952-p003-f01-s04,ABC Stacking,COF-C2-80,ABC Stacking,19.443000,0.021700
10.1021_acs.chemmater.3c01952,10.1021_acs.chemmater.3c01952-p003-f01,10.1021_acs.chemmater.3c01952-p003-f01-s04,ABC Stacking,COF-C2-80,ABC Stacking,19.463000,0.055800
10.1021_acs.chemmater.3c01952,10.1021_acs.chemmater.3c01952-p003-f01,10.1021_acs.chemmater.3c01952-p003-f01-s04,ABC Stacking,COF-C2-80,ABC Stacking,19.483000,0.060700
10.1021_acs.chemmater.3c01952,10.1021_acs.chemmater.3c01952-p003-f01,10.1021_acs.chemmater.3c01952-p003-f01-s04,ABC Stacking,COF-C2-80,ABC Stacking,19.503000,0.060700
10.1021_acs.chemmater.3c01952,10.1021_acs.chemmater.3c01952-p003-f01,10.1021_acs.chemmater.3c01952-p003-f01-s04,ABC Stacking,COF-C2-80,ABC Stacking,19.523000,0.060700
10.1021_acs.chemmater.3c01952,10.1021_acs.chemmater.3c01952-p003-f01,10.1021_acs.chemmater.3c01952-p003-f01-s04,ABC Stacking,COF-C2-80,ABC Stacking,19.543000,0.060800
10.1021_acs.chemmater.3c01952,10.1021_acs.chemmater.3c01952-p003-f01,10.1021_acs.chemmater.3c01952-p003-f01-s04,ABC Stacking,COF-C2-80,ABC Stacking,19.563000,0.060800
10.1021_acs.chemmater.3c01952,10.1021_acs.chemmater.3c01952-p003-f01,10.1021_acs.chemmater.3c01952-p003-f01-s04,ABC Stacking,COF-C2-80,ABC Stacking,19.583000,0.060800
10.1021_acs.chemmater.3c01952,10.1021_acs.chemmater.3c01952-p003-f01,10.1021_acs.chemmater.3c01952-p003-f01-s04,ABC Stacking,COF-C2-80,ABC Stacking,19.603000,0.060800
10.1021_acs.chemmater.3c01952,10.1021_acs.chemmater.3c01952-p003-f01,10.1021_acs.chemmater.3c01952-p003-f01-s04,ABC Stacking,COF-C2-80,ABC Stacking,19.623000,0.060800
10.1021_acs.chemmater.3c01952,10.1021_acs.chemmater.3c01952-p003-f01,10.1021_acs.chemmater.3c01952-p003-f01-s04,ABC Stacking,COF-C2-80,ABC Stacking,19.643000,0.060900
10.1021_acs.chemmater.3c01952,10.1021_acs.chemmater.3c01952-p003-f01,10.1021_acs.chemmater.3c01952-p003-f01-s04,ABC Stacking,COF-C2-80,ABC Stacking,19.663000,0.060900
10.1021_acs.chemmater.3c01952,10.1021_acs.chemmater.3c01952-p003-f01,10.1021_acs.chemmater.3c01952-p003-f01-s04,ABC Stacking,COF-C2-80,ABC Stacking,19.683000,0.060900
10.1021_acs.chemmater.3c01952,10.1021_acs.chemmater.3c01952-p003-f01,10.1021_acs.chemmater.3c01952-p003-f01-s04,ABC Stacking,COF-C2-80,ABC Stacking,19.703000,0.060900
10.1021_acs.chemmater.3c01952,10.1021_acs.chemmater.3c01952-p003-f01,10.1021_acs.chemmater.3c01952-p003-f01-s04,ABC Stacking,COF-C2-80,ABC Stacking,19.723000,0.060900
10.1021_acs.chemmater.3c01952,10.1021_acs.chemmater.3c01952-p003-f01,10.1021_acs.chemmater.3c01952-p003-f01-s04,ABC Stacking,COF-C2-80,ABC Stacking,19.743000,0.061000
10.1021_acs.chemmater.3c01952,10.1021_acs.chemmater.3c01952-p003-f01,10.1021_acs.chemmater.3c01952-p003-f01-s04,ABC Stacking,COF-C2-80,ABC Stacking,19.763000,0.061000
10.1021_acs.chemmater.3c01952,10.1021_acs.chemmater.3c01952-p003-f01,10.1021_acs.chemmater.3c01952-p003-f01-s04,ABC Stacking,COF-C2-80,ABC Stacking,19.783000,0.061000
10.1021_acs.chemmater.3c01952,10.1021_acs.chemmater.3c01952-p003-f01,10.1021_acs.chemmater.3c01952-p003-f01-s04,ABC Stacking,COF-C2-80,ABC Stacking,19.803000,0.061000
10.1021_acs.chemmater.3c01952,10.1021_acs.chemmater.3c01952-p003-f01,10.1021_acs.chemmater.3c01952-p003-f01-s04,ABC Stacking,COF-C2-80,ABC Stacking,19.823000,0.061100
10.1021_acs.chemmater.3c01952,10.1021_acs.chemmater.3c01952-p003-f01,10.1021_acs.chemmater.3c01952-p003-f01-s04,ABC Stacking,COF-C2-80,ABC Stacking,19.843000,0.061100
10.1021_acs.chemmater.3c01952,10.1021_acs.chemmater.3c01952-p003-f01,10.1021_acs.chemmater.3c01952-p003-f01-s04,ABC Stacking,COF-C2-80,ABC Stacking,19.863000,0.061100
10.1021_acs.chemmater.3c01952,10.1021_acs.chemmater.3c01952-p003-f01,10.1021_acs.chemmater.3c01952-p003-f01-s04,ABC Stacking,COF-C2-80,ABC Stacking,19.883000,0.061100
10.1021_acs.chemmater.3c01952,10.1021_acs.chemmater.3c01952-p003-f01,10.1021_acs.chemmater.3c01952-p003-f01-s04,ABC Stacking,COF-C2-80,ABC Stacking,19.903000,0.058200
10.1021_acs.chemmater.3c01952,10.1021_acs.chemmater.3c01952-p003-f01,10.1021_acs.chemmater.3c01952-p003-f01-s04,ABC Stacking,COF-C2-80,ABC Stacking,19.923000,0.022800
10.1021_acs.chemmater.3c01952,10.1021_acs.chemmater.3c01952-p003-f01,10.1021_acs.chemmater.3c01952-p003-f01-s04,ABC Stacking,COF-C2-80,ABC Stacking,19.943000,-0.001300
10.1021_acs.chemmater.3c01952,10.1021_acs.chemmater.3c01952-p003-f01,10.1021_acs.chemmater.3c01952-p003-f01-s04,ABC Stacking,COF-C2-80,ABC Stacking,19.963000,0.020700
10.1021_acs.chemmater.3c01952,10.1021_acs.chemmater.3c01952-p003-f01,10.1021_acs.chemmater.3c01952-p003-f01-s04,ABC Stacking,COF-C2-80,ABC Stacking,19.983000,0.113800
10.1021_acs.chemmater.3c01952,10.1021_acs.chemmater.3c01952-p003-f01,10.1021_acs.chemmater.3c01952-p003-f01-s04,ABC Stacking,COF-C2-80,ABC Stacking,20.003000,0.319100
10.1021_acs.chemmater.3c01952,10.1021_acs.chemmater.3c01952-p003-f01,10.1021_acs.chemmater.3c01952-p003-f01-s04,ABC Stacking,COF-C2-80,ABC Stacking,20.023000,0.617900
10.1021_acs.chemmater.3c01952,10.1021_acs.chemmater.3c01952-p003-f01,10.1021_acs.chemmater.3c01952-p003-f01-s04,ABC Stacking,COF-C2-80,ABC Stacking,20.043000,0.968600
10.1021_acs.chemmater.3c01952,10.1021_acs.chemmater.3c01952-p003-f01,10.1021_acs.chemmater.3c01952-p003-f01-s04,ABC Stacking,COF-C2-80,ABC Stacking,20.063000,1.330500
10.1021_acs.chemmater.3c01952,10.1021_acs.chemmater.3c01952-p003-f01,10.1021_acs.chemmater.3c01952-p003-f01-s04,ABC Stacking,COF-C2-80,ABC Stacking,20.083000,1.660200
10.1021_acs.chemmater.3c01952,10.1021_acs.chemmater.3c01952-p003-f01,10.1021_acs.chemmater.3c01952-p003-f01-s04,ABC Stacking,COF-C2-80,ABC Stacking,20.103000,1.912500
10.1021_acs.chemmater.3c01952,10.1021_acs.chemmater.3c01952-p003-f01,10.1021_acs.chemmater.3c01952-p003-f01-s04,ABC Stacking,COF-C2-80,ABC Stacking,20.123000,2.079600
10.1021_acs.chemmater.3c01952,10.1021_acs.chemmater.3c01952-p003-f01,10.1021_acs.chemmater.3c01952-p003-f01-s04,ABC Stacking,COF-C2-80,ABC Stacking,20.143000,2.160200
10.1021_acs.chemmater.3c01952,10.1021_acs.chemmater.3c01952-p003-f01,10.1021_acs.chemmater.3c01952-p003-f01-s04,ABC Stacking,COF-C2-80,ABC Stacking,20.163000,2.136100
10.1021_acs.chemmater.3c01952,10.1021_acs.chemmater.3c01952-p003-f01,10.1021_acs.chemmater.3c01952-p003-f01-s04,ABC Stacking,COF-C2-80,ABC Stacking,20.183000,1.984000
10.1021_acs.chemmater.3c01952,10.1021_acs.chemmater.3c01952-p003-f01,10.1021_acs.chemmater.3c01952-p003-f01-s04,ABC Stacking,COF-C2-80,ABC Stacking,20.203000,1.797000
10.1021_acs.chemmater.3c01952,10.1021_acs.chemmater.3c01952-p003-f01,10.1021_acs.chemmater.3c01952-p003-f01-s04,ABC Stacking,COF-C2-80,ABC Stacking,20.223000,1.568800
10.1021_acs.chemmater.3c01952,10.1021_acs.chemmater.3c01952-p003-f01,10.1021_acs.chemmater.3c01952-p003-f01-s04,ABC Stacking,COF-C2-80,ABC Stacking,20.243000,1.264100
10.1021_acs.chemmater.3c01952,10.1021_acs.chemmater.3c01952-p003-f01,10.1021_acs.chemmater.3c01952-p003-f01-s04,ABC Stacking,COF-C2-80,ABC Stacking,20.263000,0.930500
10.1021_acs.chemmater.3c01952,10.1021_acs.chemmater.3c01952-p003-f01,10.1021_acs.chemmater.3c01952-p003-f01-s04,ABC Stacking,COF-C2-80,ABC Stacking,20.283000,0.614100
10.1021_acs.chemmater.3c01952,10.1021_acs.chemmater.3c01952-p003-f01,10.1021_acs.chemmater.3c01952-p003-f01-s04,ABC Stacking,COF-C2-80,ABC Stacking,20.303000,0.359500
10.1021_acs.chemmater.3c01952,10.1021_acs.chemmater.3c01952-p003-f01,10.1021_acs.chemmater.3c01952-p003-f01-s04,ABC Stacking,COF-C2-80,ABC Stacking,20.323000,0.207900
10.1021_acs.chemmater.3c01952,10.1021_acs.chemmater.3c01952-p003-f01,10.1021_acs.chemmater.3c01952-p003-f01-s04,ABC Stacking,COF-C2-80,ABC Stacking,20.343000,0.115400
10.1021_acs.chemmater.3c01952,10.1021_acs.chemmater.3c01952-p003-f01,10.1021_acs.chemmater.3c01952-p003-f01-s04,ABC Stacking,COF-C2-80,ABC Stacking,20.363000,0.059500
10.1021_acs.chemmater.3c01952,10.1021_acs.chemmater.3c01952-p003-f01,10.1021_acs.chemmater.3c01952-p003-f01-s04,ABC Stacking,COF-C2-80,ABC Stacking,20.383000,0.015900
10.1021_acs.chemmater.3c01952,10.1021_acs.chemmater.3c01952-p003-f01,10.1021_acs.chemmater.3c01952-p003-f01-s04,ABC Stacking,COF-C2-80,ABC Stacking,20.403000,0.030900
10.1021_acs.chemmater.3c01952,10.1021_acs.chemmater.3c01952-p003-f01,10.1021_acs.chemmater.3c01952-p003-f01-s04,ABC Stacking,COF-C2-80,ABC Stacking,20.423000,0.060500
10.1021_acs.chemmater.3c01952,10.1021_acs.chemmater.3c01952-p003-f01,10.1021_acs.chemmater.3c01952-p003-f01-s04,ABC Stacking,COF-C2-80,ABC Stacking,20.443000,0.061400
10.1021_acs.chemmater.3c01952,10.1021_acs.chemmater.3c01952-p003-f01,10.1021_acs.chemmater.3c01952-p003-f01-s04,ABC Stacking,COF-C2-80,ABC Stacking,20.463000,0.061700
10.1021_acs.chemmater.3c01952,10.1021_acs.chemmater.3c01952-p003-f01,10.1021_acs.chemmater.3c01952-p003-f01-s04,ABC Stacking,COF-C2-80,ABC Stacking,20.483000,0.061700
10.1021_acs.chemmater.3c01952,10.1021_acs.chemmater.3c01952-p003-f01,10.1021_acs.chemmater.3c01952-p003-f01-s04,ABC Stacking,COF-C2-80,ABC Stacking,20.503000,0.061700
10.1021_acs.chemmater.3c01952,10.1021_acs.chemmater.3c01952-p003-f01,10.1021_acs.chemmater.3c01952-p003-f01-s04,ABC Stacking,COF-C2-80,ABC Stacking,20.523000,0.061700
10.1021_acs.chemmater.3c01952,10.1021_acs.chemmater.3c01952-p003-f01,10.1021_acs.chemmater.3c01952-p003-f01-s04,ABC Stacking,COF-C2-80,ABC Stacking,20.543000,0.051100
10.1021_acs.chemmater.3c01952,10.1021_acs.chemmater.3c01952-p003-f01,10.1021_acs.chemmater.3c01952-p003-f01-s04,ABC Stacking,COF-C2-80,ABC Stacking,20.563000,0.018500
10.1021_acs.chemmater.3c01952,10.1021_acs.chemmater.3c01952-p003-f01,10.1021_acs.chemmater.3c01952-p003-f01-s04,ABC Stacking,COF-C2-80,ABC Stacking,20.583000,0.035400
10.1021_acs.chemmater.3c01952,10.1021_acs.chemmater.3c01952-p003-f01,10.1021_acs.chemmater.3c01952-p003-f01-s04,ABC Stacking,COF-C2-80,ABC Stacking,20.603000,0.100300
10.1021_acs.chemmater.3c01952,10.1021_acs.chemmater.3c01952-p003-f01,10.1021_acs.chemmater.3c01952-p003-f01-s04,ABC Stacking,COF-C2-80,ABC Stacking,20.623000,0.199000
10.1021_acs.chemmater.3c01952,10.1021_acs.chemmater.3c01952-p003-f01,10.1021_acs.chemmater.3c01952-p003-f01-s04,ABC Stacking,COF-C2-80,ABC Stacking,20.643000,0.317400
10.1021_acs.chemmater.3c01952,10.1021_acs.chemmater.3c01952-p003-f01,10.1021_acs.chemmater.3c01952-p003-f01-s04,ABC Stacking,COF-C2-80,ABC Stacking,20.663000,0.459800
10.1021_acs.chemmater.3c01952,10.1021_acs.chemmater.3c01952-p003-f01,10.1021_acs.chemmater.3c01952-p003-f01-s04,ABC Stacking,COF-C2-80,ABC Stacking,20.683000,0.602800
10.1021_acs.chemmater.3c01952,10.1021_acs.chemmater.3c01952-p003-f01,10.1021_acs.chemmater.3c01952-p003-f01-s04,ABC Stacking,COF-C2-80,ABC Stacking,20.703000,0.664400
10.1021_acs.chemmater.3c01952,10.1021_acs.chemmater.3c01952-p003-f01,10.1021_acs.chemmater.3c01952-p003-f01-s04,ABC Stacking,COF-C2-80,ABC Stacking,20.723000,0.644600
10.1021_acs.chemmater.3c01952,10.1021_acs.chemmater.3c01952-p003-f01,10.1021_acs.chemmater.3c01952-p003-f01-s04,ABC Stacking,COF-C2-80,ABC Stacking,20.743000,0.543400
10.1021_acs.chemmater.3c01952,10.1021_acs.chemmater.3c01952-p003-f01,10.1021_acs.chemmater.3c01952-p003-f01-s04,ABC Stacking,COF-C2-80,ABC Stacking,20.763000,0.387900
10.1021_acs.chemmater.3c01952,10.1021_acs.chemmater.3c01952-p003-f01,10.1021_acs.chemmater.3c01952-p003-f01-s04,ABC Stacking,COF-C2-80,ABC Stacking,20.783000,0.259500
10.1021_acs.chemmater.3c01952,10.1021_acs.chemmater.3c01952-p003-f01,10.1021_acs.chemmater.3c01952-p003-f01-s04,ABC Stacking,COF-C2-80,ABC Stacking,20.803000,0.148200
10.1021_acs.chemmater.3c01952,10.1021_acs.chemmater.3c01952-p003-f01,10.1021_acs.chemmater.3c01952-p003-f01-s04,ABC Stacking,COF-C2-80,ABC Stacking,20.823000,0.063400
10.1021_acs.chemmater.3c01952,10.1021_acs.chemmater.3c01952-p003-f01,10.1021_acs.chemmater.3c01952-p003-f01-s04,ABC Stacking,COF-C2-80,ABC Stacking,20.843000,0.019100
10.1021_acs.chemmater.3c01952,10.1021_acs.chemmater.3c01952-p003-f01,10.1021_acs.chemmater.3c01952-p003-f01-s04,ABC Stacking,COF-C2-80,ABC Stacking,20.863000,0.029600
10.1021_acs.chemmater.3c01952,10.1021_acs.chemmater.3c01952-p003-f01,10.1021_acs.chemmater.3c01952-p003-f01-s04,ABC Stacking,COF-C2-80,ABC Stacking,20.883000,0.062000
10.1021_acs.chemmater.3c01952,10.1021_acs.chemmater.3c01952-p003-f01,10.1021_acs.chemmater.3c01952-p003-f01-s04,ABC Stacking,COF-C2-80,ABC Stacking,20.903000,0.062100
10.1021_acs.chemmater.3c01952,10.1021_acs.chemmater.3c01952-p003-f01,10.1021_acs.chemmater.3c01952-p003-f01-s04,ABC Stacking,COF-C2-80,ABC Stacking,20.923000,0.062100
10.1021_acs.chemmater.3c01952,10.1021_acs.chemmater.3c01952-p003-f01,10.1021_acs.chemmater.3c01952-p003-f01-s04,ABC Stacking,COF-C2-80,ABC Stacking,20.943000,0.062100
10.1021_acs.chemmater.3c01952,10.1021_acs.chemmater.3c01952-p003-f01,10.1021_acs.chemmater.3c01952-p003-f01-s04,ABC Stacking,COF-C2-80,ABC Stacking,20.963000,0.062100
10.1021_acs.chemmater.3c01952,10.1021_acs.chemmater.3c01952-p003-f01,10.1021_acs.chemmater.3c01952-p003-f01-s04,ABC Stacking,COF-C2-80,ABC Stacking,20.983000,0.062100
10.1021_acs.chemmater.3c01952,10.1021_acs.chemmater.3c01952-p003-f01,10.1021_acs.chemmater.3c01952-p003-f01-s04,ABC Stacking,COF-C2-80,ABC Stacking,21.003000,0.062100
10.1021_acs.chemmater.3c01952,10.1021_acs.chemmater.3c01952-p003-f01,10.1021_acs.chemmater.3c01952-p003-f01-s04,ABC Stacking,COF-C2-80,ABC Stacking,21.023000,0.062200
10.1021_acs.chemmater.3c01952,10.1021_acs.chemmater.3c01952-p003-f01,10.1021_acs.chemmater.3c01952-p003-f01-s04,ABC Stacking,COF-C2-80,ABC Stacking,21.043000,0.062200
10.1021_acs.chemmater.3c01952,10.1021_acs.chemmater.3c01952-p003-f01,10.1021_acs.chemmater.3c01952-p003-f01-s04,ABC Stacking,COF-C2-80,ABC Stacking,21.063000,0.062200
10.1021_acs.chemmater.3c01952,10.1021_acs.chemmater.3c01952-p003-f01,10.1021_acs.chemmater.3c01952-p003-f01-s04,ABC Stacking,COF-C2-80,ABC Stacking,21.083000,0.062200
10.1021_acs.chemmater.3c01952,10.1021_acs.chemmater.3c01952-p003-f01,10.1021_acs.chemmater.3c01952-p003-f01-s04,ABC Stacking,COF-C2-80,ABC Stacking,21.103000,0.062200
10.1021_acs.chemmater.3c01952,10.1021_acs.chemmater.3c01952-p003-f01,10.1021_acs.chemmater.3c01952-p003-f01-s04,ABC Stacking,COF-C2-80,ABC Stacking,21.123000,0.062200
10.1021_acs.chemmater.3c01952,10.1021_acs.chemmater.3c01952-p003-f01,10.1021_acs.chemmater.3c01952-p003-f01-s04,ABC Stacking,COF-C2-80,ABC Stacking,21.143000,0.062200
10.1021_acs.chemmater.3c01952,10.1021_acs.chemmater.3c01952-p003-f01,10.1021_acs.chemmater.3c01952-p003-f01-s04,ABC Stacking,COF-C2-80,ABC Stacking,21.163000,0.062300
10.1021_acs.chemmater.3c01952,10.1021_acs.chemmater.3c01952-p003-f01,10.1021_acs.chemmater.3c01952-p003-f01-s04,ABC Stacking,COF-C2-80,ABC Stacking,21.183000,0.062300
10.1021_acs.chemmater.3c01952,10.1021_acs.chemmater.3c01952-p003-f01,10.1021_acs.chemmater.3c01952-p003-f01-s04,ABC Stacking,COF-C2-80,ABC Stacking,21.203000,0.062200
10.1021_acs.chemmater.3c01952,10.1021_acs.chemmater.3c01952-p003-f01,10.1021_acs.chemmater.3c01952-p003-f01-s04,ABC Stacking,COF-C2-80,ABC Stacking,21.223000,0.061700
10.1021_acs.chemmater.3c01952,10.1021_acs.chemmater.3c01952-p003-f01,10.1021_acs.chemmater.3c01952-p003-f01-s04,ABC Stacking,COF-C2-80,ABC Stacking,21.243000,0.061000
10.1021_acs.chemmater.3c01952,10.1021_acs.chemmater.3c01952-p003-f01,10.1021_acs.chemmater.3c01952-p003-f01-s04,ABC Stacking,COF-C2-80,ABC Stacking,21.263000,0.061000
10.1021_acs.chemmater.3c01952,10.1021_acs.chemmater.3c01952-p003-f01,10.1021_acs.chemmater.3c01952-p003-f01-s04,ABC Stacking,COF-C2-80,ABC Stacking,21.283000,0.062500
10.1021_acs.chemmater.3c01952,10.1021_acs.chemmater.3c01952-p003-f01,10.1021_acs.chemmater.3c01952-p003-f01-s04,ABC Stacking,COF-C2-80,ABC Stacking,21.303000,0.066100
10.1021_acs.chemmater.3c01952,10.1021_acs.chemmater.3c01952-p003-f01,10.1021_acs.chemmater.3c01952-p003-f01-s04,ABC Stacking,COF-C2-80,ABC Stacking,21.323000,0.072100
10.1021_acs.chemmater.3c01952,10.1021_acs.chemmater.3c01952-p003-f01,10.1021_acs.chemmater.3c01952-p003-f01-s04,ABC Stacking,COF-C2-80,ABC Stacking,21.343000,0.080600
10.1021_acs.chemmater.3c01952,10.1021_acs.chemmater.3c01952-p003-f01,10.1021_acs.chemmater.3c01952-p003-f01-s04,ABC Stacking,COF-C2-80,ABC Stacking,21.363000,0.059700
10.1021_acs.chemmater.3c01952,10.1021_acs.chemmater.3c01952-p003-f01,10.1021_acs.chemmater.3c01952-p003-f01-s04,ABC Stacking,COF-C2-80,ABC Stacking,21.383000,0.043100
10.1021_acs.chemmater.3c01952,10.1021_acs.chemmater.3c01952-p003-f01,10.1021_acs.chemmater.3c01952-p003-f01-s04,ABC Stacking,COF-C2-80,ABC Stacking,21.403000,0.067000
10.1021_acs.chemmater.3c01952,10.1021_acs.chemmater.3c01952-p003-f01,10.1021_acs.chemmater.3c01952-p003-f01-s04,ABC Stacking,COF-C2-80,ABC Stacking,21.423000,0.159100
10.1021_acs.chemmater.3c01952,10.1021_acs.chemmater.3c01952-p003-f01,10.1021_acs.chemmater.3c01952-p003-f01-s04,ABC Stacking,COF-C2-80,ABC Stacking,21.443000,0.354500
10.1021_acs.chemmater.3c01952,10.1021_acs.chemmater.3c01952-p003-f01,10.1021_acs.chemmater.3c01952-p003-f01-s04,ABC Stacking,COF-C2-80,ABC Stacking,21.463000,0.648800
10.1021_acs.chemmater.3c01952,10.1021_acs.chemmater.3c01952-p003-f01,10.1021_acs.chemmater.3c01952-p003-f01-s04,ABC Stacking,COF-C2-80,ABC Stacking,21.483000,0.966400
10.1021_acs.chemmater.3c01952,10.1021_acs.chemmater.3c01952-p003-f01,10.1021_acs.chemmater.3c01952-p003-f01-s04,ABC Stacking,COF-C2-80,ABC Stacking,21.503000,1.325600
10.1021_acs.chemmater.3c01952,10.1021_acs.chemmater.3c01952-p003-f01,10.1021_acs.chemmater.3c01952-p003-f01-s04,ABC Stacking,COF-C2-80,ABC Stacking,21.523000,1.705200
10.1021_acs.chemmater.3c01952,10.1021_acs.chemmater.3c01952-p003-f01,10.1021_acs.chemmater.3c01952-p003-f01-s04,ABC Stacking,COF-C2-80,ABC Stacking,21.543000,2.065700
10.1021_acs.chemmater.3c01952,10.1021_acs.chemmater.3c01952-p003-f01,10.1021_acs.chemmater.3c01952-p003-f01-s04,ABC Stacking,COF-C2-80,ABC Stacking,21.563000,2.283100
10.1021_acs.chemmater.3c01952,10.1021_acs.chemmater.3c01952-p003-f01,10.1021_acs.chemmater.3c01952-p003-f01-s04,ABC Stacking,COF-C2-80,ABC Stacking,21.583000,2.382500
10.1021_acs.chemmater.3c01952,10.1021_acs.chemmater.3c01952-p003-f01,10.1021_acs.chemmater.3c01952-p003-f01-s04,ABC Stacking,COF-C2-80,ABC Stacking,21.603000,2.403100
10.1021_acs.chemmater.3c01952,10.1021_acs.chemmater.3c01952-p003-f01,10.1021_acs.chemmater.3c01952-p003-f01-s04,ABC Stacking,COF-C2-80,ABC Stacking,21.623000,2.339500
10.1021_acs.chemmater.3c01952,10.1021_acs.chemmater.3c01952-p003-f01,10.1021_acs.chemmater.3c01952-p003-f01-s04,ABC Stacking,COF-C2-80,ABC Stacking,21.643000,2.204900
10.1021_acs.chemmater.3c01952,10.1021_acs.chemmater.3c01952-p003-f01,10.1021_acs.chemmater.3c01952-p003-f01-s04,ABC Stacking,COF-C2-80,ABC Stacking,21.663000,1.982600
10.1021_acs.chemmater.3c01952,10.1021_acs.chemmater.3c01952-p003-f01,10.1021_acs.chemmater.3c01952-p003-f01-s04,ABC Stacking,COF-C2-80,ABC Stacking,21.683000,1.615900
10.1021_acs.chemmater.3c01952,10.1021_acs.chemmater.3c01952-p003-f01,10.1021_acs.chemmater.3c01952-p003-f01-s04,ABC Stacking,COF-C2-80,ABC Stacking,21.703000,1.229900
10.1021_acs.chemmater.3c01952,10.1021_acs.chemmater.3c01952-p003-f01,10.1021_acs.chemmater.3c01952-p003-f01-s04,ABC Stacking,COF-C2-80,ABC Stacking,21.723000,0.870600
10.1021_acs.chemmater.3c01952,10.1021_acs.chemmater.3c01952-p003-f01,10.1021_acs.chemmater.3c01952-p003-f01-s04,ABC Stacking,COF-C2-80,ABC Stacking,21.743000,0.534500
10.1021_acs.chemmater.3c01952,10.1021_acs.chemmater.3c01952-p003-f01,10.1021_acs.chemmater.3c01952-p003-f01-s04,ABC Stacking,COF-C2-80,ABC Stacking,21.763000,0.260200
10.1021_acs.chemmater.3c01952,10.1021_acs.chemmater.3c01952-p003-f01,10.1021_acs.chemmater.3c01952-p003-f01-s04,ABC Stacking,COF-C2-80,ABC Stacking,21.783000,0.114200
10.1021_acs.chemmater.3c01952,10.1021_acs.chemmater.3c01952-p003-f01,10.1021_acs.chemmater.3c01952-p003-f01-s04,ABC Stacking,COF-C2-80,ABC Stacking,21.803000,0.085000
10.1021_acs.chemmater.3c01952,10.1021_acs.chemmater.3c01952-p003-f01,10.1021_acs.chemmater.3c01952-p003-f01-s04,ABC Stacking,COF-C2-80,ABC Stacking,21.823000,0.187700
10.1021_acs.chemmater.3c01952,10.1021_acs.chemmater.3c01952-p003-f01,10.1021_acs.chemmater.3c01952-p003-f01-s04,ABC Stacking,COF-C2-80,ABC Stacking,21.843000,0.393400
10.1021_acs.chemmater.3c01952,10.1021_acs.chemmater.3c01952-p003-f01,10.1021_acs.chemmater.3c01952-p003-f01-s04,ABC Stacking,COF-C2-80,ABC Stacking,21.863000,0.640600
10.1021_acs.chemmater.3c01952,10.1021_acs.chemmater.3c01952-p003-f01,10.1021_acs.chemmater.3c01952-p003-f01-s04,ABC Stacking,COF-C2-80,ABC Stacking,21.883000,0.825900
10.1021_acs.chemmater.3c01952,10.1021_acs.chemmater.3c01952-p003-f01,10.1021_acs.chemmater.3c01952-p003-f01-s04,ABC Stacking,COF-C2-80,ABC Stacking,21.903000,1.031700
10.1021_acs.chemmater.3c01952,10.1021_acs.chemmater.3c01952-p003-f01,10.1021_acs.chemmater.3c01952-p003-f01-s04,ABC Stacking,COF-C2-80,ABC Stacking,21.923000,1.275600
10.1021_acs.chemmater.3c01952,10.1021_acs.chemmater.3c01952-p003-f01,10.1021_acs.chemmater.3c01952-p003-f01-s04,ABC Stacking,COF-C2-80,ABC Stacking,21.943000,1.372900
10.1021_acs.chemmater.3c01952,10.1021_acs.chemmater.3c01952-p003-f01,10.1021_acs.chemmater.3c01952-p003-f01-s04,ABC Stacking,COF-C2-80,ABC Stacking,21.963000,1.409400
10.1021_acs.chemmater.3c01952,10.1021_acs.chemmater.3c01952-p003-f01,10.1021_acs.chemmater.3c01952-p003-f01-s04,ABC Stacking,COF-C2-80,ABC Stacking,21.983000,1.369700
10.1021_acs.chemmater.3c01952,10.1021_acs.chemmater.3c01952-p003-f01,10.1021_acs.chemmater.3c01952-p003-f01-s04,ABC Stacking,COF-C2-80,ABC Stacking,22.003000,1.189700
10.1021_acs.chemmater.3c01952,10.1021_acs.chemmater.3c01952-p003-f01,10.1021_acs.chemmater.3c01952-p003-f01-s04,ABC Stacking,COF-C2-80,ABC Stacking,22.023000,0.966200
10.1021_acs.chemmater.3c01952,10.1021_acs.chemmater.3c01952-p003-f01,10.1021_acs.chemmater.3c01952-p003-f01-s04,ABC Stacking,COF-C2-80,ABC Stacking,22.043000,0.712500
10.1021_acs.chemmater.3c01952,10.1021_acs.chemmater.3c01952-p003-f01,10.1021_acs.chemmater.3c01952-p003-f01-s04,ABC Stacking,COF-C2-80,ABC Stacking,22.063000,0.447900
10.1021_acs.chemmater.3c01952,10.1021_acs.chemmater.3c01952-p003-f01,10.1021_acs.chemmater.3c01952-p003-f01-s04,ABC Stacking,COF-C2-80,ABC Stacking,22.083000,0.200500
10.1021_acs.chemmater.3c01952,10.1021_acs.chemmater.3c01952-p003-f01,10.1021_acs.chemmater.3c01952-p003-f01-s04,ABC Stacking,COF-C2-80,ABC Stacking,22.103000,0.076600
10.1021_acs.chemmater.3c01952,10.1021_acs.chemmater.3c01952-p003-f01,10.1021_acs.chemmater.3c01952-p003-f01-s04,ABC Stacking,COF-C2-80,ABC Stacking,22.123000,0.062000
10.1021_acs.chemmater.3c01952,10.1021_acs.chemmater.3c01952-p003-f01,10.1021_acs.chemmater.3c01952-p003-f01-s04,ABC Stacking,COF-C2-80,ABC Stacking,22.143000,0.020000
10.1021_acs.chemmater.3c01952,10.1021_acs.chemmater.3c01952-p003-f01,10.1021_acs.chemmater.3c01952-p003-f01-s04,ABC Stacking,COF-C2-80,ABC Stacking,22.163000,0.030300
10.1021_acs.chemmater.3c01952,10.1021_acs.chemmater.3c01952-p003-f01,10.1021_acs.chemmater.3c01952-p003-f01-s04,ABC Stacking,COF-C2-80,ABC Stacking,22.183000,0.062900
10.1021_acs.chemmater.3c01952,10.1021_acs.chemmater.3c01952-p003-f01,10.1021_acs.chemmater.3c01952-p003-f01-s04,ABC Stacking,COF-C2-80,ABC Stacking,22.203000,0.062900
10.1021_acs.chemmater.3c01952,10.1021_acs.chemmater.3c01952-p003-f01,10.1021_acs.chemmater.3c01952-p003-f01-s04,ABC Stacking,COF-C2-80,ABC Stacking,22.223000,0.062900
10.1021_acs.chemmater.3c01952,10.1021_acs.chemmater.3c01952-p003-f01,10.1021_acs.chemmater.3c01952-p003-f01-s04,ABC Stacking,COF-C2-80,ABC Stacking,22.243000,0.062900
10.1021_acs.chemmater.3c01952,10.1021_acs.chemmater.3c01952-p003-f01,10.1021_acs.chemmater.3c01952-p003-f01-s04,ABC Stacking,COF-C2-80,ABC Stacking,22.263000,0.062900
10.1021_acs.chemmater.3c01952,10.1021_acs.chemmater.3c01952-p003-f01,10.1021_acs.chemmater.3c01952-p003-f01-s04,ABC Stacking,COF-C2-80,ABC Stacking,22.283000,0.062900
10.1021_acs.chemmater.3c01952,10.1021_acs.chemmater.3c01952-p003-f01,10.1021_acs.chemmater.3c01952-p003-f01-s04,ABC Stacking,COF-C2-80,ABC Stacking,22.303000,0.062900
10.1021_acs.chemmater.3c01952,10.1021_acs.chemmater.3c01952-p003-f01,10.1021_acs.chemmater.3c01952-p003-f01-s04,ABC Stacking,COF-C2-80,ABC Stacking,22.323000,0.062900
10.1021_acs.chemmater.3c01952,10.1021_acs.chemmater.3c01952-p003-f01,10.1021_acs.chemmater.3c01952-p003-f01-s04,ABC Stacking,COF-C2-80,ABC Stacking,22.343000,0.062900
10.1021_acs.chemmater.3c01952,10.1021_acs.chemmater.3c01952-p003-f01,10.1021_acs.chemmater.3c01952-p003-f01-s04,ABC Stacking,COF-C2-80,ABC Stacking,22.363000,0.062900
10.1021_acs.chemmater.3c01952,10.1021_acs.chemmater.3c01952-p003-f01,10.1021_acs.chemmater.3c01952-p003-f01-s04,ABC Stacking,COF-C2-80,ABC Stacking,22.383000,0.062900
10.1021_acs.chemmater.3c01952,10.1021_acs.chemmater.3c01952-p003-f01,10.1021_acs.chemmater.3c01952-p003-f01-s04,ABC Stacking,COF-C2-80,ABC Stacking,22.403000,0.062900
10.1021_acs.chemmater.3c01952,10.1021_acs.chemmater.3c01952-p003-f01,10.1021_acs.chemmater.3c01952-p003-f01-s04,ABC Stacking,COF-C2-80,ABC Stacking,22.423000,0.062900
10.1021_acs.chemmater.3c01952,10.1021_acs.chemmater.3c01952-p003-f01,10.1021_acs.chemmater.3c01952-p003-f01-s04,ABC Stacking,COF-C2-80,ABC Stacking,22.443000,0.063000
10.1021_acs.chemmater.3c01952,10.1021_acs.chemmater.3c01952-p003-f01,10.1021_acs.chemmater.3c01952-p003-f01-s04,ABC Stacking,COF-C2-80,ABC Stacking,22.463000,0.063000
10.1021_acs.chemmater.3c01952,10.1021_acs.chemmater.3c01952-p003-f01,10.1021_acs.chemmater.3c01952-p003-f01-s04,ABC Stacking,COF-C2-80,ABC Stacking,22.483000,0.063000
10.1021_acs.chemmater.3c01952,10.1021_acs.chemmater.3c01952-p003-f01,10.1021_acs.chemmater.3c01952-p003-f01-s04,ABC Stacking,COF-C2-80,ABC Stacking,22.503000,0.063000
10.1021_acs.chemmater.3c01952,10.1021_acs.chemmater.3c01952-p003-f01,10.1021_acs.chemmater.3c01952-p003-f01-s04,ABC Stacking,COF-C2-80,ABC Stacking,22.523000,0.063000
10.1021_acs.chemmater.3c01952,10.1021_acs.chemmater.3c01952-p003-f01,10.1021_acs.chemmater.3c01952-p003-f01-s04,ABC Stacking,COF-C2-80,ABC Stacking,22.543000,0.063000
10.1021_acs.chemmater.3c01952,10.1021_acs.chemmater.3c01952-p003-f01,10.1021_acs.chemmater.3c01952-p003-f01-s04,ABC Stacking,COF-C2-80,ABC Stacking,22.563000,0.063000
10.1021_acs.chemmater.3c01952,10.1021_acs.chemmater.3c01952-p003-f01,10.1021_acs.chemmater.3c01952-p003-f01-s04,ABC Stacking,COF-C2-80,ABC Stacking,22.583000,0.063000
10.1021_acs.chemmater.3c01952,10.1021_acs.chemmater.3c01952-p003-f01,10.1021_acs.chemmater.3c01952-p003-f01-s04,ABC Stacking,COF-C2-80,ABC Stacking,22.603000,0.063000
10.1021_acs.chemmater.3c01952,10.1021_acs.chemmater.3c01952-p003-f01,10.1021_acs.chemmater.3c01952-p003-f01-s04,ABC Stacking,COF-C2-80,ABC Stacking,22.623000,0.063000
10.1021_acs.chemmater.3c01952,10.1021_acs.chemmater.3c01952-p003-f01,10.1021_acs.chemmater.3c01952-p003-f01-s04,ABC Stacking,COF-C2-80,ABC Stacking,22.643000,0.063000
10.1021_acs.chemmater.3c01952,10.1021_acs.chemmater.3c01952-p003-f01,10.1021_acs.chemmater.3c01952-p003-f01-s04,ABC Stacking,COF-C2-80,ABC Stacking,22.663000,0.063000
10.1021_acs.chemmater.3c01952,10.1021_acs.chemmater.3c01952-p003-f01,10.1021_acs.chemmater.3c01952-p003-f01-s04,ABC Stacking,COF-C2-80,ABC Stacking,22.683000,0.063000
10.1021_acs.chemmater.3c01952,10.1021_acs.chemmater.3c01952-p003-f01,10.1021_acs.chemmater.3c01952-p003-f01-s04,ABC Stacking,COF-C2-80,ABC Stacking,22.703000,0.063000
10.1021_acs.chemmater.3c01952,10.1021_acs.chemmater.3c01952-p003-f01,10.1021_acs.chemmater.3c01952-p003-f01-s04,ABC Stacking,COF-C2-80,ABC Stacking,22.723000,0.063000
10.1021_acs.chemmater.3c01952,10.1021_acs.chemmater.3c01952-p003-f01,10.1021_acs.chemmater.3c01952-p003-f01-s04,ABC Stacking,COF-C2-80,ABC Stacking,22.743000,0.063000
10.1021_acs.chemmater.3c01952,10.1021_acs.chemmater.3c01952-p003-f01,10.1021_acs.chemmater.3c01952-p003-f01-s04,ABC Stacking,COF-C2-80,ABC Stacking,22.763000,0.063000
10.1021_acs.chemmater.3c01952,10.1021_acs.chemmater.3c01952-p003-f01,10.1021_acs.chemmater.3c01952-p003-f01-s04,ABC Stacking,COF-C2-80,ABC Stacking,22.783000,0.063000
10.1021_acs.chemmater.3c01952,10.1021_acs.chemmater.3c01952-p003-f01,10.1021_acs.chemmater.3c01952-p003-f01-s04,ABC Stacking,COF-C2-80,ABC Stacking,22.803000,0.063000
10.1021_acs.chemmater.3c01952,10.1021_acs.chemmater.3c01952-p003-f01,10.1021_acs.chemmater.3c01952-p003-f01-s04,ABC Stacking,COF-C2-80,ABC Stacking,22.823000,0.063000
10.1021_acs.chemmater.3c01952,10.1021_acs.chemmater.3c01952-p003-f01,10.1021_acs.chemmater.3c01952-p003-f01-s04,ABC Stacking,COF-C2-80,ABC Stacking,22.843000,0.063000
10.1021_acs.chemmater.3c01952,10.1021_acs.chemmater.3c01952-p003-f01,10.1021_acs.chemmater.3c01952-p003-f01-s04,ABC Stacking,COF-C2-80,ABC Stacking,22.863000,0.063000
10.1021_acs.chemmater.3c01952,10.1021_acs.chemmater.3c01952-p003-f01,10.1021_acs.chemmater.3c01952-p003-f01-s04,ABC Stacking,COF-C2-80,ABC Stacking,22.883000,0.063000
10.1021_acs.chemmater.3c01952,10.1021_acs.chemmater.3c01952-p003-f01,10.1021_acs.chemmater.3c01952-p003-f01-s04,ABC Stacking,COF-C2-80,ABC Stacking,22.903000,0.063000
10.1021_acs.chemmater.3c01952,10.1021_acs.chemmater.3c01952-p003-f01,10.1021_acs.chemmater.3c01952-p003-f01-s04,ABC Stacking,COF-C2-80,ABC Stacking,22.923000,0.062800
10.1021_acs.chemmater.3c01952,10.1021_acs.chemmater.3c01952-p003-f01,10.1021_acs.chemmater.3c01952-p003-f01-s04,ABC Stacking,COF-C2-80,ABC Stacking,22.943000,0.062300
10.1021_acs.chemmater.3c01952,10.1021_acs.chemmater.3c01952-p003-f01,10.1021_acs.chemmater.3c01952-p003-f01-s04,ABC Stacking,COF-C2-80,ABC Stacking,22.963000,0.061800
10.1021_acs.chemmater.3c01952,10.1021_acs.chemmater.3c01952-p003-f01,10.1021_acs.chemmater.3c01952-p003-f01-s04,ABC Stacking,COF-C2-80,ABC Stacking,22.983000,0.062300
10.1021_acs.chemmater.3c01952,10.1021_acs.chemmater.3c01952-p003-f01,10.1021_acs.chemmater.3c01952-p003-f01-s04,ABC Stacking,COF-C2-80,ABC Stacking,23.003000,0.064300
10.1021_acs.chemmater.3c01952,10.1021_acs.chemmater.3c01952-p003-f01,10.1021_acs.chemmater.3c01952-p003-f01-s04,ABC Stacking,COF-C2-80,ABC Stacking,23.023000,0.068400
10.1021_acs.chemmater.3c01952,10.1021_acs.chemmater.3c01952-p003-f01,10.1021_acs.chemmater.3c01952-p003-f01-s04,ABC Stacking,COF-C2-80,ABC Stacking,23.043000,0.074700
10.1021_acs.chemmater.3c01952,10.1021_acs.chemmater.3c01952-p003-f01,10.1021_acs.chemmater.3c01952-p003-f01-s04,ABC Stacking,COF-C2-80,ABC Stacking,23.063000,0.083000
10.1021_acs.chemmater.3c01952,10.1021_acs.chemmater.3c01952-p003-f01,10.1021_acs.chemmater.3c01952-p003-f01-s04,ABC Stacking,COF-C2-80,ABC Stacking,23.083000,0.086200
10.1021_acs.chemmater.3c01952,10.1021_acs.chemmater.3c01952-p003-f01,10.1021_acs.chemmater.3c01952-p003-f01-s04,ABC Stacking,COF-C2-80,ABC Stacking,23.103000,0.062300
10.1021_acs.chemmater.3c01952,10.1021_acs.chemmater.3c01952-p003-f01,10.1021_acs.chemmater.3c01952-p003-f01-s04,ABC Stacking,COF-C2-80,ABC Stacking,23.123000,0.054600
10.1021_acs.chemmater.3c01952,10.1021_acs.chemmater.3c01952-p003-f01,10.1021_acs.chemmater.3c01952-p003-f01-s04,ABC Stacking,COF-C2-80,ABC Stacking,23.143000,0.107300
10.1021_acs.chemmater.3c01952,10.1021_acs.chemmater.3c01952-p003-f01,10.1021_acs.chemmater.3c01952-p003-f01-s04,ABC Stacking,COF-C2-80,ABC Stacking,23.163000,0.256100
10.1021_acs.chemmater.3c01952,10.1021_acs.chemmater.3c01952-p003-f01,10.1021_acs.chemmater.3c01952-p003-f01-s04,ABC Stacking,COF-C2-80,ABC Stacking,23.183000,0.473900
10.1021_acs.chemmater.3c01952,10.1021_acs.chemmater.3c01952-p003-f01,10.1021_acs.chemmater.3c01952-p003-f01-s04,ABC Stacking,COF-C2-80,ABC Stacking,23.203000,0.728900
10.1021_acs.chemmater.3c01952,10.1021_acs.chemmater.3c01952-p003-f01,10.1021_acs.chemmater.3c01952-p003-f01-s04,ABC Stacking,COF-C2-80,ABC Stacking,23.223000,0.989200
10.1021_acs.chemmater.3c01952,10.1021_acs.chemmater.3c01952-p003-f01,10.1021_acs.chemmater.3c01952-p003-f01-s04,ABC Stacking,COF-C2-80,ABC Stacking,23.243000,1.223400
10.1021_acs.chemmater.3c01952,10.1021_acs.chemmater.3c01952-p003-f01,10.1021_acs.chemmater.3c01952-p003-f01-s04,ABC Stacking,COF-C2-80,ABC Stacking,23.263000,1.419200
10.1021_acs.chemmater.3c01952,10.1021_acs.chemmater.3c01952-p003-f01,10.1021_acs.chemmater.3c01952-p003-f01-s04,ABC Stacking,COF-C2-80,ABC Stacking,23.283000,1.537900
10.1021_acs.chemmater.3c01952,10.1021_acs.chemmater.3c01952-p003-f01,10.1021_acs.chemmater.3c01952-p003-f01-s04,ABC Stacking,COF-C2-80,ABC Stacking,23.303000,1.498700
10.1021_acs.chemmater.3c01952,10.1021_acs.chemmater.3c01952-p003-f01,10.1021_acs.chemmater.3c01952-p003-f01-s04,ABC Stacking,COF-C2-80,ABC Stacking,23.323000,1.398100
10.1021_acs.chemmater.3c01952,10.1021_acs.chemmater.3c01952-p003-f01,10.1021_acs.chemmater.3c01952-p003-f01-s04,ABC Stacking,COF-C2-80,ABC Stacking,23.343000,1.269200
10.1021_acs.chemmater.3c01952,10.1021_acs.chemmater.3c01952-p003-f01,10.1021_acs.chemmater.3c01952-p003-f01-s04,ABC Stacking,COF-C2-80,ABC Stacking,23.363000,1.091200
10.1021_acs.chemmater.3c01952,10.1021_acs.chemmater.3c01952-p003-f01,10.1021_acs.chemmater.3c01952-p003-f01-s04,ABC Stacking,COF-C2-80,ABC Stacking,23.383000,0.843300
10.1021_acs.chemmater.3c01952,10.1021_acs.chemmater.3c01952-p003-f01,10.1021_acs.chemmater.3c01952-p003-f01-s04,ABC Stacking,COF-C2-80,ABC Stacking,23.403000,0.587600
10.1021_acs.chemmater.3c01952,10.1021_acs.chemmater.3c01952-p003-f01,10.1021_acs.chemmater.3c01952-p003-f01-s04,ABC Stacking,COF-C2-80,ABC Stacking,23.423000,0.402000
10.1021_acs.chemmater.3c01952,10.1021_acs.chemmater.3c01952-p003-f01,10.1021_acs.chemmater.3c01952-p003-f01-s04,ABC Stacking,COF-C2-80,ABC Stacking,23.443000,0.271900
10.1021_acs.chemmater.3c01952,10.1021_acs.chemmater.3c01952-p003-f01,10.1021_acs.chemmater.3c01952-p003-f01-s04,ABC Stacking,COF-C2-80,ABC Stacking,23.463000,0.244300
10.1021_acs.chemmater.3c01952,10.1021_acs.chemmater.3c01952-p003-f01,10.1021_acs.chemmater.3c01952-p003-f01-s04,ABC Stacking,COF-C2-80,ABC Stacking,23.483000,0.321700
10.1021_acs.chemmater.3c01952,10.1021_acs.chemmater.3c01952-p003-f01,10.1021_acs.chemmater.3c01952-p003-f01-s04,ABC Stacking,COF-C2-80,ABC Stacking,23.503000,0.506000
10.1021_acs.chemmater.3c01952,10.1021_acs.chemmater.3c01952-p003-f01,10.1021_acs.chemmater.3c01952-p003-f01-s04,ABC Stacking,COF-C2-80,ABC Stacking,23.523000,0.805200
10.1021_acs.chemmater.3c01952,10.1021_acs.chemmater.3c01952-p003-f01,10.1021_acs.chemmater.3c01952-p003-f01-s04,ABC Stacking,COF-C2-80,ABC Stacking,23.543000,1.136700
10.1021_acs.chemmater.3c01952,10.1021_acs.chemmater.3c01952-p003-f01,10.1021_acs.chemmater.3c01952-p003-f01-s04,ABC Stacking,COF-C2-80,ABC Stacking,23.563000,1.443300
10.1021_acs.chemmater.3c01952,10.1021_acs.chemmater.3c01952-p003-f01,10.1021_acs.chemmater.3c01952-p003-f01-s04,ABC Stacking,COF-C2-80,ABC Stacking,23.583000,1.669800
10.1021_acs.chemmater.3c01952,10.1021_acs.chemmater.3c01952-p003-f01,10.1021_acs.chemmater.3c01952-p003-f01-s04,ABC Stacking,COF-C2-80,ABC Stacking,23.603000,1.802300
10.1021_acs.chemmater.3c01952,10.1021_acs.chemmater.3c01952-p003-f01,10.1021_acs.chemmater.3c01952-p003-f01-s04,ABC Stacking,COF-C2-80,ABC Stacking,23.623000,1.799400
10.1021_acs.chemmater.3c01952,10.1021_acs.chemmater.3c01952-p003-f01,10.1021_acs.chemmater.3c01952-p003-f01-s04,ABC Stacking,COF-C2-80,ABC Stacking,23.643000,1.662400
10.1021_acs.chemmater.3c01952,10.1021_acs.chemmater.3c01952-p003-f01,10.1021_acs.chemmater.3c01952-p003-f01-s04,ABC Stacking,COF-C2-80,ABC Stacking,23.663000,1.432000
10.1021_acs.chemmater.3c01952,10.1021_acs.chemmater.3c01952-p003-f01,10.1021_acs.chemmater.3c01952-p003-f01-s04,ABC Stacking,COF-C2-80,ABC Stacking,23.683000,1.125200
10.1021_acs.chemmater.3c01952,10.1021_acs.chemmater.3c01952-p003-f01,10.1021_acs.chemmater.3c01952-p003-f01-s04,ABC Stacking,COF-C2-80,ABC Stacking,23.703000,0.825400
10.1021_acs.chemmater.3c01952,10.1021_acs.chemmater.3c01952-p003-f01,10.1021_acs.chemmater.3c01952-p003-f01-s04,ABC Stacking,COF-C2-80,ABC Stacking,23.723000,0.543000
10.1021_acs.chemmater.3c01952,10.1021_acs.chemmater.3c01952-p003-f01,10.1021_acs.chemmater.3c01952-p003-f01-s04,ABC Stacking,COF-C2-80,ABC Stacking,23.743000,0.318500
10.1021_acs.chemmater.3c01952,10.1021_acs.chemmater.3c01952-p003-f01,10.1021_acs.chemmater.3c01952-p003-f01-s04,ABC Stacking,COF-C2-80,ABC Stacking,23.763000,0.187000
10.1021_acs.chemmater.3c01952,10.1021_acs.chemmater.3c01952-p003-f01,10.1021_acs.chemmater.3c01952-p003-f01-s04,ABC Stacking,COF-C2-80,ABC Stacking,23.783000,0.106300
10.1021_acs.chemmater.3c01952,10.1021_acs.chemmater.3c01952-p003-f01,10.1021_acs.chemmater.3c01952-p003-f01-s04,ABC Stacking,COF-C2-80,ABC Stacking,23.803000,0.055000
10.1021_acs.chemmater.3c01952,10.1021_acs.chemmater.3c01952-p003-f01,10.1021_acs.chemmater.3c01952-p003-f01-s04,ABC Stacking,COF-C2-80,ABC Stacking,23.823000,0.018100
10.1021_acs.chemmater.3c01952,10.1021_acs.chemmater.3c01952-p003-f01,10.1021_acs.chemmater.3c01952-p003-f01-s04,ABC Stacking,COF-C2-80,ABC Stacking,23.843000,0.038100
10.1021_acs.chemmater.3c01952,10.1021_acs.chemmater.3c01952-p003-f01,10.1021_acs.chemmater.3c01952-p003-f01-s04,ABC Stacking,COF-C2-80,ABC Stacking,23.863000,0.062900
10.1021_acs.chemmater.3c01952,10.1021_acs.chemmater.3c01952-p003-f01,10.1021_acs.chemmater.3c01952-p003-f01-s04,ABC Stacking,COF-C2-80,ABC Stacking,23.883000,0.062900
10.1021_acs.chemmater.3c01952,10.1021_acs.chemmater.3c01952-p003-f01,10.1021_acs.chemmater.3c01952-p003-f01-s04,ABC Stacking,COF-C2-80,ABC Stacking,23.903000,0.062900
10.1021_acs.chemmater.3c01952,10.1021_acs.chemmater.3c01952-p003-f01,10.1021_acs.chemmater.3c01952-p003-f01-s04,ABC Stacking,COF-C2-80,ABC Stacking,23.923000,0.062900
10.1021_acs.chemmater.3c01952,10.1021_acs.chemmater.3c01952-p003-f01,10.1021_acs.chemmater.3c01952-p003-f01-s04,ABC Stacking,COF-C2-80,ABC Stacking,23.943000,0.062900
10.1021_acs.chemmater.3c01952,10.1021_acs.chemmater.3c01952-p003-f01,10.1021_acs.chemmater.3c01952-p003-f01-s04,ABC Stacking,COF-C2-80,ABC Stacking,23.963000,0.062900
10.1021_acs.chemmater.3c01952,10.1021_acs.chemmater.3c01952-p003-f01,10.1021_acs.chemmater.3c01952-p003-f01-s04,ABC Stacking,COF-C2-80,ABC Stacking,23.983000,0.062900
10.1021_acs.chemmater.3c01952,10.1021_acs.chemmater.3c01952-p003-f01,10.1021_acs.chemmater.3c01952-p003-f01-s04,ABC Stacking,COF-C2-80,ABC Stacking,24.003000,0.062800
10.1021_acs.chemmater.3c01952,10.1021_acs.chemmater.3c01952-p003-f01,10.1021_acs.chemmater.3c01952-p003-f01-s04,ABC Stacking,COF-C2-80,ABC Stacking,24.023000,0.062800
10.1021_acs.chemmater.3c01952,10.1021_acs.chemmater.3c01952-p003-f01,10.1021_acs.chemmater.3c01952-p003-f01-s04,ABC Stacking,COF-C2-80,ABC Stacking,24.043000,0.062800
10.1021_acs.chemmater.3c01952,10.1021_acs.chemmater.3c01952-p003-f01,10.1021_acs.chemmater.3c01952-p003-f01-s04,ABC Stacking,COF-C2-80,ABC Stacking,24.063000,0.062800
10.1021_acs.chemmater.3c01952,10.1021_acs.chemmater.3c01952-p003-f01,10.1021_acs.chemmater.3c01952-p003-f01-s04,ABC Stacking,COF-C2-80,ABC Stacking,24.083000,0.062800
10.1021_acs.chemmater.3c01952,10.1021_acs.chemmater.3c01952-p003-f01,10.1021_acs.chemmater.3c01952-p003-f01-s04,ABC Stacking,COF-C2-80,ABC Stacking,24.103000,0.062800
10.1021_acs.chemmater.3c01952,10.1021_acs.chemmater.3c01952-p003-f01,10.1021_acs.chemmater.3c01952-p003-f01-s04,ABC Stacking,COF-C2-80,ABC Stacking,24.123000,0.062800
10.1021_acs.chemmater.3c01952,10.1021_acs.chemmater.3c01952-p003-f01,10.1021_acs.chemmater.3c01952-p003-f01-s04,ABC Stacking,COF-C2-80,ABC Stacking,24.143000,0.062800
10.1021_acs.chemmater.3c01952,10.1021_acs.chemmater.3c01952-p003-f01,10.1021_acs.chemmater.3c01952-p003-f01-s04,ABC Stacking,COF-C2-80,ABC Stacking,24.163000,0.062800
10.1021_acs.chemmater.3c01952,10.1021_acs.chemmater.3c01952-p003-f01,10.1021_acs.chemmater.3c01952-p003-f01-s04,ABC Stacking,COF-C2-80,ABC Stacking,24.183000,0.062800
10.1021_acs.chemmater.3c01952,10.1021_acs.chemmater.3c01952-p003-f01,10.1021_acs.chemmater.3c01952-p003-f01-s04,ABC Stacking,COF-C2-80,ABC Stacking,24.203000,0.062700
10.1021_acs.chemmater.3c01952,10.1021_acs.chemmater.3c01952-p003-f01,10.1021_acs.chemmater.3c01952-p003-f01-s04,ABC Stacking,COF-C2-80,ABC Stacking,24.223000,0.062700
10.1021_acs.chemmater.3c01952,10.1021_acs.chemmater.3c01952-p003-f01,10.1021_acs.chemmater.3c01952-p003-f01-s04,ABC Stacking,COF-C2-80,ABC Stacking,24.243000,0.062700
10.1021_acs.chemmater.3c01952,10.1021_acs.chemmater.3c01952-p003-f01,10.1021_acs.chemmater.3c01952-p003-f01-s04,ABC Stacking,COF-C2-80,ABC Stacking,24.263000,0.062700
10.1021_acs.chemmater.3c01952,10.1021_acs.chemmater.3c01952-p003-f01,10.1021_acs.chemmater.3c01952-p003-f01-s04,ABC Stacking,COF-C2-80,ABC Stacking,24.283000,0.062700
10.1021_acs.chemmater.3c01952,10.1021_acs.chemmater.3c01952-p003-f01,10.1021_acs.chemmater.3c01952-p003-f01-s04,ABC Stacking,COF-C2-80,ABC Stacking,24.303000,0.062700
10.1021_acs.chemmater.3c01952,10.1021_acs.chemmater.3c01952-p003-f01,10.1021_acs.chemmater.3c01952-p003-f01-s04,ABC Stacking,COF-C2-80,ABC Stacking,24.323000,0.062700
10.1021_acs.chemmater.3c01952,10.1021_acs.chemmater.3c01952-p003-f01,10.1021_acs.chemmater.3c01952-p003-f01-s04,ABC Stacking,COF-C2-80,ABC Stacking,24.343000,0.062700
10.1021_acs.chemmater.3c01952,10.1021_acs.chemmater.3c01952-p003-f01,10.1021_acs.chemmater.3c01952-p003-f01-s04,ABC Stacking,COF-C2-80,ABC Stacking,24.363000,0.062600
10.1021_acs.chemmater.3c01952,10.1021_acs.chemmater.3c01952-p003-f01,10.1021_acs.chemmater.3c01952-p003-f01-s04,ABC Stacking,COF-C2-80,ABC Stacking,24.383000,0.062600
10.1021_acs.chemmater.3c01952,10.1021_acs.chemmater.3c01952-p003-f01,10.1021_acs.chemmater.3c01952-p003-f01-s04,ABC Stacking,COF-C2-80,ABC Stacking,24.403000,0.062600
10.1021_acs.chemmater.3c01952,10.1021_acs.chemmater.3c01952-p003-f01,10.1021_acs.chemmater.3c01952-p003-f01-s04,ABC Stacking,COF-C2-80,ABC Stacking,24.423000,0.062600
10.1021_acs.chemmater.3c01952,10.1021_acs.chemmater.3c01952-p003-f01,10.1021_acs.chemmater.3c01952-p003-f01-s04,ABC Stacking,COF-C2-80,ABC Stacking,24.443000,0.062600
10.1021_acs.chemmater.3c01952,10.1021_acs.chemmater.3c01952-p003-f01,10.1021_acs.chemmater.3c01952-p003-f01-s04,ABC Stacking,COF-C2-80,ABC Stacking,24.463000,0.062600
10.1021_acs.chemmater.3c01952,10.1021_acs.chemmater.3c01952-p003-f01,10.1021_acs.chemmater.3c01952-p003-f01-s04,ABC Stacking,COF-C2-80,ABC Stacking,24.483000,0.062500
10.1021_acs.chemmater.3c01952,10.1021_acs.chemmater.3c01952-p003-f01,10.1021_acs.chemmater.3c01952-p003-f01-s04,ABC Stacking,COF-C2-80,ABC Stacking,24.503000,0.062500
10.1021_acs.chemmater.3c01952,10.1021_acs.chemmater.3c01952-p003-f01,10.1021_acs.chemmater.3c01952-p003-f01-s04,ABC Stacking,COF-C2-80,ABC Stacking,24.523000,0.062500
10.1021_acs.chemmater.3c01952,10.1021_acs.chemmater.3c01952-p003-f01,10.1021_acs.chemmater.3c01952-p003-f01-s04,ABC Stacking,COF-C2-80,ABC Stacking,24.543000,0.062500
10.1021_acs.chemmater.3c01952,10.1021_acs.chemmater.3c01952-p003-f01,10.1021_acs.chemmater.3c01952-p003-f01-s04,ABC Stacking,COF-C2-80,ABC Stacking,24.563000,0.062500
10.1021_acs.chemmater.3c01952,10.1021_acs.chemmater.3c01952-p003-f01,10.1021_acs.chemmater.3c01952-p003-f01-s04,ABC Stacking,COF-C2-80,ABC Stacking,24.583000,0.062500
10.1021_acs.chemmater.3c01952,10.1021_acs.chemmater.3c01952-p003-f01,10.1021_acs.chemmater.3c01952-p003-f01-s04,ABC Stacking,COF-C2-80,ABC Stacking,24.603000,0.062500
10.1021_acs.chemmater.3c01952,10.1021_acs.chemmater.3c01952-p003-f01,10.1021_acs.chemmater.3c01952-p003-f01-s04,ABC Stacking,COF-C2-80,ABC Stacking,24.623000,0.062400
10.1021_acs.chemmater.3c01952,10.1021_acs.chemmater.3c01952-p003-f01,10.1021_acs.chemmater.3c01952-p003-f01-s04,ABC Stacking,COF-C2-80,ABC Stacking,24.643000,0.062400
10.1021_acs.chemmater.3c01952,10.1021_acs.chemmater.3c01952-p003-f01,10.1021_acs.chemmater.3c01952-p003-f01-s04,ABC Stacking,COF-C2-80,ABC Stacking,24.663000,0.062400
10.1021_acs.chemmater.3c01952,10.1021_acs.chemmater.3c01952-p003-f01,10.1021_acs.chemmater.3c01952-p003-f01-s04,ABC Stacking,COF-C2-80,ABC Stacking,24.683000,0.062400
10.1021_acs.chemmater.3c01952,10.1021_acs.chemmater.3c01952-p003-f01,10.1021_acs.chemmater.3c01952-p003-f01-s04,ABC Stacking,COF-C2-80,ABC Stacking,24.703000,0.062400
10.1021_acs.chemmater.3c01952,10.1021_acs.chemmater.3c01952-p003-f01,10.1021_acs.chemmater.3c01952-p003-f01-s04,ABC Stacking,COF-C2-80,ABC Stacking,24.723000,0.062300
10.1021_acs.chemmater.3c01952,10.1021_acs.chemmater.3c01952-p003-f01,10.1021_acs.chemmater.3c01952-p003-f01-s04,ABC Stacking,COF-C2-80,ABC Stacking,24.743000,0.062300
10.1021_acs.chemmater.3c01952,10.1021_acs.chemmater.3c01952-p003-f01,10.1021_acs.chemmater.3c01952-p003-f01-s04,ABC Stacking,COF-C2-80,ABC Stacking,24.763000,0.062300
10.1021_acs.chemmater.3c01952,10.1021_acs.chemmater.3c01952-p003-f01,10.1021_acs.chemmater.3c01952-p003-f01-s04,ABC Stacking,COF-C2-80,ABC Stacking,24.783000,0.062300
10.1021_acs.chemmater.3c01952,10.1021_acs.chemmater.3c01952-p003-f01,10.1021_acs.chemmater.3c01952-p003-f01-s04,ABC Stacking,COF-C2-80,ABC Stacking,24.803000,0.062300
10.1021_acs.chemmater.3c01952,10.1021_acs.chemmater.3c01952-p003-f01,10.1021_acs.chemmater.3c01952-p003-f01-s04,ABC Stacking,COF-C2-80,ABC Stacking,24.823000,0.062300
10.1021_acs.chemmater.3c01952,10.1021_acs.chemmater.3c01952-p003-f01,10.1021_acs.chemmater.3c01952-p003-f01-s04,ABC Stacking,COF-C2-80,ABC Stacking,24.843000,0.062200
10.1021_acs.chemmater.3c01952,10.1021_acs.chemmater.3c01952-p003-f01,10.1021_acs.chemmater.3c01952-p003-f01-s04,ABC Stacking,COF-C2-80,ABC Stacking,24.863000,0.062200
10.1021_acs.chemmater.3c01952,10.1021_acs.chemmater.3c01952-p003-f01,10.1021_acs.chemmater.3c01952-p003-f01-s04,ABC Stacking,COF-C2-80,ABC Stacking,24.883000,0.062200
10.1021_acs.chemmater.3c01952,10.1021_acs.chemmater.3c01952-p003-f01,10.1021_acs.chemmater.3c01952-p003-f01-s04,ABC Stacking,COF-C2-80,ABC Stacking,24.903000,0.062200
10.1021_acs.chemmater.3c01952,10.1021_acs.chemmater.3c01952-p003-f01,10.1021_acs.chemmater.3c01952-p003-f01-s04,ABC Stacking,COF-C2-80,ABC Stacking,24.923000,0.062200
10.1021_acs.chemmater.3c01952,10.1021_acs.chemmater.3c01952-p003-f01,10.1021_acs.chemmater.3c01952-p003-f01-s04,ABC Stacking,COF-C2-80,ABC Stacking,24.943000,0.062100
10.1021_acs.chemmater.3c01952,10.1021_acs.chemmater.3c01952-p003-f01,10.1021_acs.chemmater.3c01952-p003-f01-s04,ABC Stacking,COF-C2-80,ABC Stacking,24.963000,0.062100
10.1021_acs.chemmater.3c01952,10.1021_acs.chemmater.3c01952-p003-f01,10.1021_acs.chemmater.3c01952-p003-f01-s04,ABC Stacking,COF-C2-80,ABC Stacking,24.983000,0.062100
10.1021_acs.chemmater.3c01952,10.1021_acs.chemmater.3c01952-p003-f01,10.1021_acs.chemmater.3c01952-p003-f01-s04,ABC Stacking,COF-C2-80,ABC Stacking,25.003000,0.032000
10.1021_acs.chemmater.3c01952,10.1021_acs.chemmater.3c01952-p003-f01,10.1021_acs.chemmater.3c01952-p003-f01-s04,ABC Stacking,COF-C2-80,ABC Stacking,25.023000,0.018600
10.1021_acs.chemmater.3c01952,10.1021_acs.chemmater.3c01952-p003-f01,10.1021_acs.chemmater.3c01952-p003-f01-s04,ABC Stacking,COF-C2-80,ABC Stacking,25.043000,0.060500
10.1021_acs.chemmater.3c01952,10.1021_acs.chemmater.3c01952-p003-f01,10.1021_acs.chemmater.3c01952-p003-f01-s04,ABC Stacking,COF-C2-80,ABC Stacking,25.063000,0.143700
10.1021_acs.chemmater.3c01952,10.1021_acs.chemmater.3c01952-p003-f01,10.1021_acs.chemmater.3c01952-p003-f01-s04,ABC Stacking,COF-C2-80,ABC Stacking,25.083000,0.253900
10.1021_acs.chemmater.3c01952,10.1021_acs.chemmater.3c01952-p003-f01,10.1021_acs.chemmater.3c01952-p003-f01-s04,ABC Stacking,COF-C2-80,ABC Stacking,25.103000,0.377000
10.1021_acs.chemmater.3c01952,10.1021_acs.chemmater.3c01952-p003-f01,10.1021_acs.chemmater.3c01952-p003-f01-s04,ABC Stacking,COF-C2-80,ABC Stacking,25.123000,0.498900
10.1021_acs.chemmater.3c01952,10.1021_acs.chemmater.3c01952-p003-f01,10.1021_acs.chemmater.3c01952-p003-f01-s04,ABC Stacking,COF-C2-80,ABC Stacking,25.143000,0.605300
10.1021_acs.chemmater.3c01952,10.1021_acs.chemmater.3c01952-p003-f01,10.1021_acs.chemmater.3c01952-p003-f01-s04,ABC Stacking,COF-C2-80,ABC Stacking,25.163000,0.688600
10.1021_acs.chemmater.3c01952,10.1021_acs.chemmater.3c01952-p003-f01,10.1021_acs.chemmater.3c01952-p003-f01-s04,ABC Stacking,COF-C2-80,ABC Stacking,25.183000,0.755300
10.1021_acs.chemmater.3c01952,10.1021_acs.chemmater.3c01952-p003-f01,10.1021_acs.chemmater.3c01952-p003-f01-s04,ABC Stacking,COF-C2-80,ABC Stacking,25.203000,0.722800
10.1021_acs.chemmater.3c01952,10.1021_acs.chemmater.3c01952-p003-f01,10.1021_acs.chemmater.3c01952-p003-f01-s04,ABC Stacking,COF-C2-80,ABC Stacking,25.223000,0.644000
10.1021_acs.chemmater.3c01952,10.1021_acs.chemmater.3c01952-p003-f01,10.1021_acs.chemmater.3c01952-p003-f01-s04,ABC Stacking,COF-C2-80,ABC Stacking,25.243000,0.549900
10.1021_acs.chemmater.3c01952,10.1021_acs.chemmater.3c01952-p003-f01,10.1021_acs.chemmater.3c01952-p003-f01-s04,ABC Stacking,COF-C2-80,ABC Stacking,25.263000,0.433800
10.1021_acs.chemmater.3c01952,10.1021_acs.chemmater.3c01952-p003-f01,10.1021_acs.chemmater.3c01952-p003-f01-s04,ABC Stacking,COF-C2-80,ABC Stacking,25.283000,0.310000
10.1021_acs.chemmater.3c01952,10.1021_acs.chemmater.3c01952-p003-f01,10.1021_acs.chemmater.3c01952-p003-f01-s04,ABC Stacking,COF-C2-80,ABC Stacking,25.303000,0.192400
10.1021_acs.chemmater.3c01952,10.1021_acs.chemmater.3c01952-p003-f01,10.1021_acs.chemmater.3c01952-p003-f01-s04,ABC Stacking,COF-C2-80,ABC Stacking,25.323000,0.095400
10.1021_acs.chemmater.3c01952,10.1021_acs.chemmater.3c01952-p003-f01,10.1021_acs.chemmater.3c01952-p003-f01-s04,ABC Stacking,COF-C2-80,ABC Stacking,25.343000,0.033000
10.1021_acs.chemmater.3c01952,10.1021_acs.chemmater.3c01952-p003-f01,10.1021_acs.chemmater.3c01952-p003-f01-s04,ABC Stacking,COF-C2-80,ABC Stacking,25.363000,0.019500
10.1021_acs.chemmater.3c01952,10.1021_acs.chemmater.3c01952-p003-f01,10.1021_acs.chemmater.3c01952-p003-f01-s04,ABC Stacking,COF-C2-80,ABC Stacking,25.383000,0.052500
10.1021_acs.chemmater.3c01952,10.1021_acs.chemmater.3c01952-p003-f01,10.1021_acs.chemmater.3c01952-p003-f01-s04,ABC Stacking,COF-C2-80,ABC Stacking,25.403000,0.061600
10.1021_acs.chemmater.3c01952,10.1021_acs.chemmater.3c01952-p003-f01,10.1021_acs.chemmater.3c01952-p003-f01-s04,ABC Stacking,COF-C2-80,ABC Stacking,25.423000,0.061600
10.1021_acs.chemmater.3c01952,10.1021_acs.chemmater.3c01952-p003-f01,10.1021_acs.chemmater.3c01952-p003-f01-s04,ABC Stacking,COF-C2-80,ABC Stacking,25.443000,0.061600
10.1021_acs.chemmater.3c01952,10.1021_acs.chemmater.3c01952-p003-f01,10.1021_acs.chemmater.3c01952-p003-f01-s04,ABC Stacking,COF-C2-80,ABC Stacking,25.463000,0.061600
10.1021_acs.chemmater.3c01952,10.1021_acs.chemmater.3c01952-p003-f01,10.1021_acs.chemmater.3c01952-p003-f01-s04,ABC Stacking,COF-C2-80,ABC Stacking,25.483000,0.061500
10.1021_acs.chemmater.3c01952,10.1021_acs.chemmater.3c01952-p003-f01,10.1021_acs.chemmater.3c01952-p003-f01-s04,ABC Stacking,COF-C2-80,ABC Stacking,25.503000,0.061500
10.1021_acs.chemmater.3c01952,10.1021_acs.chemmater.3c01952-p003-f01,10.1021_acs.chemmater.3c01952-p003-f01-s04,ABC Stacking,COF-C2-80,ABC Stacking,25.523000,0.061500
10.1021_acs.chemmater.3c01952,10.1021_acs.chemmater.3c01952-p003-f01,10.1021_acs.chemmater.3c01952-p003-f01-s04,ABC Stacking,COF-C2-80,ABC Stacking,25.543000,0.061500
10.1021_acs.chemmater.3c01952,10.1021_acs.chemmater.3c01952-p003-f01,10.1021_acs.chemmater.3c01952-p003-f01-s04,ABC Stacking,COF-C2-80,ABC Stacking,25.563000,0.061400
10.1021_acs.chemmater.3c01952,10.1021_acs.chemmater.3c01952-p003-f01,10.1021_acs.chemmater.3c01952-p003-f01-s04,ABC Stacking,COF-C2-80,ABC Stacking,25.583000,0.061400
10.1021_acs.chemmater.3c01952,10.1021_acs.chemmater.3c01952-p003-f01,10.1021_acs.chemmater.3c01952-p003-f01-s04,ABC Stacking,COF-C2-80,ABC Stacking,25.603000,0.061400
10.1021_acs.chemmater.3c01952,10.1021_acs.chemmater.3c01952-p003-f01,10.1021_acs.chemmater.3c01952-p003-f01-s04,ABC Stacking,COF-C2-80,ABC Stacking,25.623000,0.061400
10.1021_acs.chemmater.3c01952,10.1021_acs.chemmater.3c01952-p003-f01,10.1021_acs.chemmater.3c01952-p003-f01-s04,ABC Stacking,COF-C2-80,ABC Stacking,25.643000,0.061400
10.1021_acs.chemmater.3c01952,10.1021_acs.chemmater.3c01952-p003-f01,10.1021_acs.chemmater.3c01952-p003-f01-s04,ABC Stacking,COF-C2-80,ABC Stacking,25.663000,0.061300
10.1021_acs.chemmater.3c01952,10.1021_acs.chemmater.3c01952-p003-f01,10.1021_acs.chemmater.3c01952-p003-f01-s04,ABC Stacking,COF-C2-80,ABC Stacking,25.683000,0.061300
10.1021_acs.chemmater.3c01952,10.1021_acs.chemmater.3c01952-p003-f01,10.1021_acs.chemmater.3c01952-p003-f01-s04,ABC Stacking,COF-C2-80,ABC Stacking,25.703000,0.061300
10.1021_acs.chemmater.3c01952,10.1021_acs.chemmater.3c01952-p003-f01,10.1021_acs.chemmater.3c01952-p003-f01-s04,ABC Stacking,COF-C2-80,ABC Stacking,25.723000,0.061300
10.1021_acs.chemmater.3c01952,10.1021_acs.chemmater.3c01952-p003-f01,10.1021_acs.chemmater.3c01952-p003-f01-s04,ABC Stacking,COF-C2-80,ABC Stacking,25.743000,0.061200
10.1021_acs.chemmater.3c01952,10.1021_acs.chemmater.3c01952-p003-f01,10.1021_acs.chemmater.3c01952-p003-f01-s04,ABC Stacking,COF-C2-80,ABC Stacking,25.763000,0.061200
10.1021_acs.chemmater.3c01952,10.1021_acs.chemmater.3c01952-p003-f01,10.1021_acs.chemmater.3c01952-p003-f01-s04,ABC Stacking,COF-C2-80,ABC Stacking,25.783000,0.061200
10.1021_acs.chemmater.3c01952,10.1021_acs.chemmater.3c01952-p003-f01,10.1021_acs.chemmater.3c01952-p003-f01-s04,ABC Stacking,COF-C2-80,ABC Stacking,25.803000,0.061200
10.1021_acs.chemmater.3c01952,10.1021_acs.chemmater.3c01952-p003-f01,10.1021_acs.chemmater.3c01952-p003-f01-s04,ABC Stacking,COF-C2-80,ABC Stacking,25.823000,0.061100
10.1021_acs.chemmater.3c01952,10.1021_acs.chemmater.3c01952-p003-f01,10.1021_acs.chemmater.3c01952-p003-f01-s04,ABC Stacking,COF-C2-80,ABC Stacking,25.843000,0.061100
10.1021_acs.chemmater.3c01952,10.1021_acs.chemmater.3c01952-p003-f01,10.1021_acs.chemmater.3c01952-p003-f01-s04,ABC Stacking,COF-C2-80,ABC Stacking,25.863000,0.061100
10.1021_acs.chemmater.3c01952,10.1021_acs.chemmater.3c01952-p003-f01,10.1021_acs.chemmater.3c01952-p003-f01-s04,ABC Stacking,COF-C2-80,ABC Stacking,25.883000,0.061100
10.1021_acs.chemmater.3c01952,10.1021_acs.chemmater.3c01952-p003-f01,10.1021_acs.chemmater.3c01952-p003-f01-s04,ABC Stacking,COF-C2-80,ABC Stacking,25.903000,0.061100
10.1021_acs.chemmater.3c01952,10.1021_acs.chemmater.3c01952-p003-f01,10.1021_acs.chemmater.3c01952-p003-f01-s04,ABC Stacking,COF-C2-80,ABC Stacking,25.923000,0.061000
10.1021_acs.chemmater.3c01952,10.1021_acs.chemmater.3c01952-p003-f01,10.1021_acs.chemmater.3c01952-p003-f01-s04,ABC Stacking,COF-C2-80,ABC Stacking,25.943000,0.061000
10.1021_acs.chemmater.3c01952,10.1021_acs.chemmater.3c01952-p003-f01,10.1021_acs.chemmater.3c01952-p003-f01-s04,ABC Stacking,COF-C2-80,ABC Stacking,25.963000,0.061000
10.1021_acs.chemmater.3c01952,10.1021_acs.chemmater.3c01952-p003-f01,10.1021_acs.chemmater.3c01952-p003-f01-s04,ABC Stacking,COF-C2-80,ABC Stacking,25.983000,0.061000
10.1021_acs.chemmater.3c01952,10.1021_acs.chemmater.3c01952-p003-f01,10.1021_acs.chemmater.3c01952-p003-f01-s04,ABC Stacking,COF-C2-80,ABC Stacking,26.003000,0.061000
10.1021_acs.chemmater.3c01952,10.1021_acs.chemmater.3c01952-p003-f01,10.1021_acs.chemmater.3c01952-p003-f01-s04,ABC Stacking,COF-C2-80,ABC Stacking,26.023000,0.060900
10.1021_acs.chemmater.3c01952,10.1021_acs.chemmater.3c01952-p003-f01,10.1021_acs.chemmater.3c01952-p003-f01-s04,ABC Stacking,COF-C2-80,ABC Stacking,26.043000,0.060900
10.1021_acs.chemmater.3c01952,10.1021_acs.chemmater.3c01952-p003-f01,10.1021_acs.chemmater.3c01952-p003-f01-s04,ABC Stacking,COF-C2-80,ABC Stacking,26.063000,0.060900
10.1021_acs.chemmater.3c01952,10.1021_acs.chemmater.3c01952-p003-f01,10.1021_acs.chemmater.3c01952-p003-f01-s04,ABC Stacking,COF-C2-80,ABC Stacking,26.083000,0.060900
10.1021_acs.chemmater.3c01952,10.1021_acs.chemmater.3c01952-p003-f01,10.1021_acs.chemmater.3c01952-p003-f01-s04,ABC Stacking,COF-C2-80,ABC Stacking,26.103000,0.060900
10.1021_acs.chemmater.3c01952,10.1021_acs.chemmater.3c01952-p003-f01,10.1021_acs.chemmater.3c01952-p003-f01-s04,ABC Stacking,COF-C2-80,ABC Stacking,26.123000,0.060800
10.1021_acs.chemmater.3c01952,10.1021_acs.chemmater.3c01952-p003-f01,10.1021_acs.chemmater.3c01952-p003-f01-s04,ABC Stacking,COF-C2-80,ABC Stacking,26.143000,0.060800
10.1021_acs.chemmater.3c01952,10.1021_acs.chemmater.3c01952-p003-f01,10.1021_acs.chemmater.3c01952-p003-f01-s04,ABC Stacking,COF-C2-80,ABC Stacking,26.163000,0.060800
10.1021_acs.chemmater.3c01952,10.1021_acs.chemmater.3c01952-p003-f01,10.1021_acs.chemmater.3c01952-p003-f01-s04,ABC Stacking,COF-C2-80,ABC Stacking,26.183000,0.060800
10.1021_acs.chemmater.3c01952,10.1021_acs.chemmater.3c01952-p003-f01,10.1021_acs.chemmater.3c01952-p003-f01-s04,ABC Stacking,COF-C2-80,ABC Stacking,26.203000,0.060800
10.1021_acs.chemmater.3c01952,10.1021_acs.chemmater.3c01952-p003-f01,10.1021_acs.chemmater.3c01952-p003-f01-s04,ABC Stacking,COF-C2-80,ABC Stacking,26.223000,0.060700
10.1021_acs.chemmater.3c01952,10.1021_acs.chemmater.3c01952-p003-f01,10.1021_acs.chemmater.3c01952-p003-f01-s04,ABC Stacking,COF-C2-80,ABC Stacking,26.243000,0.060700
10.1021_acs.chemmater.3c01952,10.1021_acs.chemmater.3c01952-p003-f01,10.1021_acs.chemmater.3c01952-p003-f01-s04,ABC Stacking,COF-C2-80,ABC Stacking,26.263000,0.060700
10.1021_acs.chemmater.3c01952,10.1021_acs.chemmater.3c01952-p003-f01,10.1021_acs.chemmater.3c01952-p003-f01-s04,ABC Stacking,COF-C2-80,ABC Stacking,26.283000,0.060700
10.1021_acs.chemmater.3c01952,10.1021_acs.chemmater.3c01952-p003-f01,10.1021_acs.chemmater.3c01952-p003-f01-s04,ABC Stacking,COF-C2-80,ABC Stacking,26.303000,0.060700
10.1021_acs.chemmater.3c01952,10.1021_acs.chemmater.3c01952-p003-f01,10.1021_acs.chemmater.3c01952-p003-f01-s04,ABC Stacking,COF-C2-80,ABC Stacking,26.323000,0.060700
10.1021_acs.chemmater.3c01952,10.1021_acs.chemmater.3c01952-p003-f01,10.1021_acs.chemmater.3c01952-p003-f01-s04,ABC Stacking,COF-C2-80,ABC Stacking,26.343000,0.060600
10.1021_acs.chemmater.3c01952,10.1021_acs.chemmater.3c01952-p003-f01,10.1021_acs.chemmater.3c01952-p003-f01-s04,ABC Stacking,COF-C2-80,ABC Stacking,26.363000,0.060600
10.1021_acs.chemmater.3c01952,10.1021_acs.chemmater.3c01952-p003-f01,10.1021_acs.chemmater.3c01952-p003-f01-s04,ABC Stacking,COF-C2-80,ABC Stacking,26.383000,0.060600
10.1021_acs.chemmater.3c01952,10.1021_acs.chemmater.3c01952-p003-f01,10.1021_acs.chemmater.3c01952-p003-f01-s04,ABC Stacking,COF-C2-80,ABC Stacking,26.403000,0.060600
10.1021_acs.chemmater.3c01952,10.1021_acs.chemmater.3c01952-p003-f01,10.1021_acs.chemmater.3c01952-p003-f01-s04,ABC Stacking,COF-C2-80,ABC Stacking,26.423000,0.060600
10.1021_acs.chemmater.3c01952,10.1021_acs.chemmater.3c01952-p003-f01,10.1021_acs.chemmater.3c01952-p003-f01-s04,ABC Stacking,COF-C2-80,ABC Stacking,26.443000,0.060600
10.1021_acs.chemmater.3c01952,10.1021_acs.chemmater.3c01952-p003-f01,10.1021_acs.chemmater.3c01952-p003-f01-s04,ABC Stacking,COF-C2-80,ABC Stacking,26.463000,0.060600
10.1021_acs.chemmater.3c01952,10.1021_acs.chemmater.3c01952-p003-f01,10.1021_acs.chemmater.3c01952-p003-f01-s04,ABC Stacking,COF-C2-80,ABC Stacking,26.483000,0.060600
10.1021_acs.chemmater.3c01952,10.1021_acs.chemmater.3c01952-p003-f01,10.1021_acs.chemmater.3c01952-p003-f01-s04,ABC Stacking,COF-C2-80,ABC Stacking,26.503000,0.060500
10.1021_acs.chemmater.3c01952,10.1021_acs.chemmater.3c01952-p003-f01,10.1021_acs.chemmater.3c01952-p003-f01-s04,ABC Stacking,COF-C2-80,ABC Stacking,26.523000,0.060500
10.1021_acs.chemmater.3c01952,10.1021_acs.chemmater.3c01952-p003-f01,10.1021_acs.chemmater.3c01952-p003-f01-s04,ABC Stacking,COF-C2-80,ABC Stacking,26.543000,0.060500
10.1021_acs.chemmater.3c01952,10.1021_acs.chemmater.3c01952-p003-f01,10.1021_acs.chemmater.3c01952-p003-f01-s04,ABC Stacking,COF-C2-80,ABC Stacking,26.563000,0.057100
10.1021_acs.chemmater.3c01952,10.1021_acs.chemmater.3c01952-p003-f01,10.1021_acs.chemmater.3c01952-p003-f01-s04,ABC Stacking,COF-C2-80,ABC Stacking,26.583000,0.038200
10.1021_acs.chemmater.3c01952,10.1021_acs.chemmater.3c01952-p003-f01,10.1021_acs.chemmater.3c01952-p003-f01-s04,ABC Stacking,COF-C2-80,ABC Stacking,26.603000,0.004300
10.1021_acs.chemmater.3c01952,10.1021_acs.chemmater.3c01952-p003-f01,10.1021_acs.chemmater.3c01952-p003-f01-s04,ABC Stacking,COF-C2-80,ABC Stacking,26.623000,-0.036000
10.1021_acs.chemmater.3c01952,10.1021_acs.chemmater.3c01952-p003-f01,10.1021_acs.chemmater.3c01952-p003-f01-s04,ABC Stacking,COF-C2-80,ABC Stacking,26.643000,-0.117900
10.1021_acs.chemmater.3c01952,10.1021_acs.chemmater.3c01952-p003-f01,10.1021_acs.chemmater.3c01952-p003-f01-s04,ABC Stacking,COF-C2-80,ABC Stacking,26.663000,-0.128400
10.1021_acs.chemmater.3c01952,10.1021_acs.chemmater.3c01952-p003-f01,10.1021_acs.chemmater.3c01952-p003-f01-s04,ABC Stacking,COF-C2-80,ABC Stacking,26.683000,0.381100
10.1021_acs.chemmater.3c01952,10.1021_acs.chemmater.3c01952-p003-f01,10.1021_acs.chemmater.3c01952-p003-f01-s04,ABC Stacking,COF-C2-80,ABC Stacking,26.703000,1.424400
10.1021_acs.chemmater.3c01952,10.1021_acs.chemmater.3c01952-p003-f01,10.1021_acs.chemmater.3c01952-p003-f01-s04,ABC Stacking,COF-C2-80,ABC Stacking,26.723000,2.922200
10.1021_acs.chemmater.3c01952,10.1021_acs.chemmater.3c01952-p003-f01,10.1021_acs.chemmater.3c01952-p003-f01-s04,ABC Stacking,COF-C2-80,ABC Stacking,26.743000,4.732000
10.1021_acs.chemmater.3c01952,10.1021_acs.chemmater.3c01952-p003-f01,10.1021_acs.chemmater.3c01952-p003-f01-s04,ABC Stacking,COF-C2-80,ABC Stacking,26.763000,6.685700
10.1021_acs.chemmater.3c01952,10.1021_acs.chemmater.3c01952-p003-f01,10.1021_acs.chemmater.3c01952-p003-f01-s04,ABC Stacking,COF-C2-80,ABC Stacking,26.783000,8.523900
10.1021_acs.chemmater.3c01952,10.1021_acs.chemmater.3c01952-p003-f01,10.1021_acs.chemmater.3c01952-p003-f01-s04,ABC Stacking,COF-C2-80,ABC Stacking,26.803000,9.992800
10.1021_acs.chemmater.3c01952,10.1021_acs.chemmater.3c01952-p003-f01,10.1021_acs.chemmater.3c01952-p003-f01-s04,ABC Stacking,COF-C2-80,ABC Stacking,26.823000,11.010300
10.1021_acs.chemmater.3c01952,10.1021_acs.chemmater.3c01952-p003-f01,10.1021_acs.chemmater.3c01952-p003-f01-s04,ABC Stacking,COF-C2-80,ABC Stacking,26.843000,11.411300
10.1021_acs.chemmater.3c01952,10.1021_acs.chemmater.3c01952-p003-f01,10.1021_acs.chemmater.3c01952-p003-f01-s04,ABC Stacking,COF-C2-80,ABC Stacking,26.863000,11.316000
10.1021_acs.chemmater.3c01952,10.1021_acs.chemmater.3c01952-p003-f01,10.1021_acs.chemmater.3c01952-p003-f01-s04,ABC Stacking,COF-C2-80,ABC Stacking,26.883000,11.147000
10.1021_acs.chemmater.3c01952,10.1021_acs.chemmater.3c01952-p003-f01,10.1021_acs.chemmater.3c01952-p003-f01-s04,ABC Stacking,COF-C2-80,ABC Stacking,26.903000,10.759100
10.1021_acs.chemmater.3c01952,10.1021_acs.chemmater.3c01952-p003-f01,10.1021_acs.chemmater.3c01952-p003-f01-s04,ABC Stacking,COF-C2-80,ABC Stacking,26.923000,10.147500
10.1021_acs.chemmater.3c01952,10.1021_acs.chemmater.3c01952-p003-f01,10.1021_acs.chemmater.3c01952-p003-f01-s04,ABC Stacking,COF-C2-80,ABC Stacking,26.943000,9.330700
10.1021_acs.chemmater.3c01952,10.1021_acs.chemmater.3c01952-p003-f01,10.1021_acs.chemmater.3c01952-p003-f01-s04,ABC Stacking,COF-C2-80,ABC Stacking,26.963000,8.334500
10.1021_acs.chemmater.3c01952,10.1021_acs.chemmater.3c01952-p003-f01,10.1021_acs.chemmater.3c01952-p003-f01-s04,ABC Stacking,COF-C2-80,ABC Stacking,26.983000,7.172100
10.1021_acs.chemmater.3c01952,10.1021_acs.chemmater.3c01952-p003-f01,10.1021_acs.chemmater.3c01952-p003-f01-s04,ABC Stacking,COF-C2-80,ABC Stacking,27.003000,5.931000
10.1021_acs.chemmater.3c01952,10.1021_acs.chemmater.3c01952-p003-f01,10.1021_acs.chemmater.3c01952-p003-f01-s04,ABC Stacking,COF-C2-80,ABC Stacking,27.023000,4.712700
10.1021_acs.chemmater.3c01952,10.1021_acs.chemmater.3c01952-p003-f01,10.1021_acs.chemmater.3c01952-p003-f01-s04,ABC Stacking,COF-C2-80,ABC Stacking,27.043000,3.534300
10.1021_acs.chemmater.3c01952,10.1021_acs.chemmater.3c01952-p003-f01,10.1021_acs.chemmater.3c01952-p003-f01-s04,ABC Stacking,COF-C2-80,ABC Stacking,27.063000,2.514300
10.1021_acs.chemmater.3c01952,10.1021_acs.chemmater.3c01952-p003-f01,10.1021_acs.chemmater.3c01952-p003-f01-s04,ABC Stacking,COF-C2-80,ABC Stacking,27.083000,1.716300
10.1021_acs.chemmater.3c01952,10.1021_acs.chemmater.3c01952-p003-f01,10.1021_acs.chemmater.3c01952-p003-f01-s04,ABC Stacking,COF-C2-80,ABC Stacking,27.103000,1.096400
10.1021_acs.chemmater.3c01952,10.1021_acs.chemmater.3c01952-p003-f01,10.1021_acs.chemmater.3c01952-p003-f01-s04,ABC Stacking,COF-C2-80,ABC Stacking,27.123000,0.652800
10.1021_acs.chemmater.3c01952,10.1021_acs.chemmater.3c01952-p003-f01,10.1021_acs.chemmater.3c01952-p003-f01-s04,ABC Stacking,COF-C2-80,ABC Stacking,27.143000,0.361400
10.1021_acs.chemmater.3c01952,10.1021_acs.chemmater.3c01952-p003-f01,10.1021_acs.chemmater.3c01952-p003-f01-s04,ABC Stacking,COF-C2-80,ABC Stacking,27.163000,0.181400
10.1021_acs.chemmater.3c01952,10.1021_acs.chemmater.3c01952-p003-f01,10.1021_acs.chemmater.3c01952-p003-f01-s04,ABC Stacking,COF-C2-80,ABC Stacking,27.183000,0.093000
10.1021_acs.chemmater.3c01952,10.1021_acs.chemmater.3c01952-p003-f01,10.1021_acs.chemmater.3c01952-p003-f01-s04,ABC Stacking,COF-C2-80,ABC Stacking,27.203000,0.064300
10.1021_acs.chemmater.3c01952,10.1021_acs.chemmater.3c01952-p003-f01,10.1021_acs.chemmater.3c01952-p003-f01-s04,ABC Stacking,COF-C2-80,ABC Stacking,27.223000,0.026400
10.1021_acs.chemmater.3c01952,10.1021_acs.chemmater.3c01952-p003-f01,10.1021_acs.chemmater.3c01952-p003-f01-s04,ABC Stacking,COF-C2-80,ABC Stacking,27.243000,0.021400
10.1021_acs.chemmater.3c01952,10.1021_acs.chemmater.3c01952-p003-f01,10.1021_acs.chemmater.3c01952-p003-f01-s04,ABC Stacking,COF-C2-80,ABC Stacking,27.263000,0.055300
10.1021_acs.chemmater.3c01952,10.1021_acs.chemmater.3c01952-p003-f01,10.1021_acs.chemmater.3c01952-p003-f01-s04,ABC Stacking,COF-C2-80,ABC Stacking,27.283000,0.060700
10.1021_acs.chemmater.3c01952,10.1021_acs.chemmater.3c01952-p003-f01,10.1021_acs.chemmater.3c01952-p003-f01-s04,ABC Stacking,COF-C2-80,ABC Stacking,27.303000,0.060700
10.1021_acs.chemmater.3c01952,10.1021_acs.chemmater.3c01952-p003-f01,10.1021_acs.chemmater.3c01952-p003-f01-s04,ABC Stacking,COF-C2-80,ABC Stacking,27.323000,0.060700
10.1021_acs.chemmater.3c01952,10.1021_acs.chemmater.3c01952-p003-f01,10.1021_acs.chemmater.3c01952-p003-f01-s04,ABC Stacking,COF-C2-80,ABC Stacking,27.343000,0.060800
10.1021_acs.chemmater.3c01952,10.1021_acs.chemmater.3c01952-p003-f01,10.1021_acs.chemmater.3c01952-p003-f01-s04,ABC Stacking,COF-C2-80,ABC Stacking,27.363000,0.060800
10.1021_acs.chemmater.3c01952,10.1021_acs.chemmater.3c01952-p003-f01,10.1021_acs.chemmater.3c01952-p003-f01-s04,ABC Stacking,COF-C2-80,ABC Stacking,27.383000,0.060800
10.1021_acs.chemmater.3c01952,10.1021_acs.chemmater.3c01952-p003-f01,10.1021_acs.chemmater.3c01952-p003-f01-s04,ABC Stacking,COF-C2-80,ABC Stacking,27.403000,0.060800
10.1021_acs.chemmater.3c01952,10.1021_acs.chemmater.3c01952-p003-f01,10.1021_acs.chemmater.3c01952-p003-f01-s04,ABC Stacking,COF-C2-80,ABC Stacking,27.423000,0.042700
10.1021_acs.chemmater.3c01952,10.1021_acs.chemmater.3c01952-p003-f01,10.1021_acs.chemmater.3c01952-p003-f01-s04,ABC Stacking,COF-C2-80,ABC Stacking,27.443000,0.014400
10.1021_acs.chemmater.3c01952,10.1021_acs.chemmater.3c01952-p003-f01,10.1021_acs.chemmater.3c01952-p003-f01-s04,ABC Stacking,COF-C2-80,ABC Stacking,27.463000,0.044900
10.1021_acs.chemmater.3c01952,10.1021_acs.chemmater.3c01952-p003-f01,10.1021_acs.chemmater.3c01952-p003-f01-s04,ABC Stacking,COF-C2-80,ABC Stacking,27.483000,0.119800
10.1021_acs.chemmater.3c01952,10.1021_acs.chemmater.3c01952-p003-f01,10.1021_acs.chemmater.3c01952-p003-f01-s04,ABC Stacking,COF-C2-80,ABC Stacking,27.503000,0.225100
10.1021_acs.chemmater.3c01952,10.1021_acs.chemmater.3c01952-p003-f01,10.1021_acs.chemmater.3c01952-p003-f01-s04,ABC Stacking,COF-C2-80,ABC Stacking,27.523000,0.346600
10.1021_acs.chemmater.3c01952,10.1021_acs.chemmater.3c01952-p003-f01,10.1021_acs.chemmater.3c01952-p003-f01-s04,ABC Stacking,COF-C2-80,ABC Stacking,27.543000,0.496100
10.1021_acs.chemmater.3c01952,10.1021_acs.chemmater.3c01952-p003-f01,10.1021_acs.chemmater.3c01952-p003-f01-s04,ABC Stacking,COF-C2-80,ABC Stacking,27.563000,0.626000
10.1021_acs.chemmater.3c01952,10.1021_acs.chemmater.3c01952-p003-f01,10.1021_acs.chemmater.3c01952-p003-f01-s04,ABC Stacking,COF-C2-80,ABC Stacking,27.583000,0.673100
10.1021_acs.chemmater.3c01952,10.1021_acs.chemmater.3c01952-p003-f01,10.1021_acs.chemmater.3c01952-p003-f01-s04,ABC Stacking,COF-C2-80,ABC Stacking,27.603000,0.637500
10.1021_acs.chemmater.3c01952,10.1021_acs.chemmater.3c01952-p003-f01,10.1021_acs.chemmater.3c01952-p003-f01-s04,ABC Stacking,COF-C2-80,ABC Stacking,27.623000,0.519000
10.1021_acs.chemmater.3c01952,10.1021_acs.chemmater.3c01952-p003-f01,10.1021_acs.chemmater.3c01952-p003-f01-s04,ABC Stacking,COF-C2-80,ABC Stacking,27.643000,0.363600
10.1021_acs.chemmater.3c01952,10.1021_acs.chemmater.3c01952-p003-f01,10.1021_acs.chemmater.3c01952-p003-f01-s04,ABC Stacking,COF-C2-80,ABC Stacking,27.663000,0.241200
10.1021_acs.chemmater.3c01952,10.1021_acs.chemmater.3c01952-p003-f01,10.1021_acs.chemmater.3c01952-p003-f01-s04,ABC Stacking,COF-C2-80,ABC Stacking,27.683000,0.133200
10.1021_acs.chemmater.3c01952,10.1021_acs.chemmater.3c01952-p003-f01,10.1021_acs.chemmater.3c01952-p003-f01-s04,ABC Stacking,COF-C2-80,ABC Stacking,27.703000,0.053500
10.1021_acs.chemmater.3c01952,10.1021_acs.chemmater.3c01952-p003-f01,10.1021_acs.chemmater.3c01952-p003-f01-s04,ABC Stacking,COF-C2-80,ABC Stacking,27.723000,0.016500
10.1021_acs.chemmater.3c01952,10.1021_acs.chemmater.3c01952-p003-f01,10.1021_acs.chemmater.3c01952-p003-f01-s04,ABC Stacking,COF-C2-80,ABC Stacking,27.743000,0.036300
10.1021_acs.chemmater.3c01952,10.1021_acs.chemmater.3c01952-p003-f01,10.1021_acs.chemmater.3c01952-p003-f01-s04,ABC Stacking,COF-C2-80,ABC Stacking,27.763000,0.061300
10.1021_acs.chemmater.3c01952,10.1021_acs.chemmater.3c01952-p003-f01,10.1021_acs.chemmater.3c01952-p003-f01-s04,ABC Stacking,COF-C2-80,ABC Stacking,27.783000,0.061300
10.1021_acs.chemmater.3c01952,10.1021_acs.chemmater.3c01952-p003-f01,10.1021_acs.chemmater.3c01952-p003-f01-s04,ABC Stacking,COF-C2-80,ABC Stacking,27.803000,0.061400
10.1021_acs.chemmater.3c01952,10.1021_acs.chemmater.3c01952-p003-f01,10.1021_acs.chemmater.3c01952-p003-f01-s04,ABC Stacking,COF-C2-80,ABC Stacking,27.823000,0.061400
10.1021_acs.chemmater.3c01952,10.1021_acs.chemmater.3c01952-p003-f01,10.1021_acs.chemmater.3c01952-p003-f01-s04,ABC Stacking,COF-C2-80,ABC Stacking,27.843000,0.061400
10.1021_acs.chemmater.3c01952,10.1021_acs.chemmater.3c01952-p003-f01,10.1021_acs.chemmater.3c01952-p003-f01-s04,ABC Stacking,COF-C2-80,ABC Stacking,27.863000,0.061500
10.1021_acs.chemmater.3c01952,10.1021_acs.chemmater.3c01952-p003-f01,10.1021_acs.chemmater.3c01952-p003-f01-s04,ABC Stacking,COF-C2-80,ABC Stacking,27.883000,0.061500
10.1021_acs.chemmater.3c01952,10.1021_acs.chemmater.3c01952-p003-f01,10.1021_acs.chemmater.3c01952-p003-f01-s04,ABC Stacking,COF-C2-80,ABC Stacking,27.903000,0.061500
10.1021_acs.chemmater.3c01952,10.1021_acs.chemmater.3c01952-p003-f01,10.1021_acs.chemmater.3c01952-p003-f01-s04,ABC Stacking,COF-C2-80,ABC Stacking,27.923000,0.061600
10.1021_acs.chemmater.3c01952,10.1021_acs.chemmater.3c01952-p003-f01,10.1021_acs.chemmater.3c01952-p003-f01-s04,ABC Stacking,COF-C2-80,ABC Stacking,27.943000,0.061600
10.1021_acs.chemmater.3c01952,10.1021_acs.chemmater.3c01952-p003-f01,10.1021_acs.chemmater.3c01952-p003-f01-s04,ABC Stacking,COF-C2-80,ABC Stacking,27.963000,0.061600
10.1021_acs.chemmater.3c01952,10.1021_acs.chemmater.3c01952-p003-f01,10.1021_acs.chemmater.3c01952-p003-f01-s04,ABC Stacking,COF-C2-80,ABC Stacking,27.983000,0.061700
10.1021_acs.chemmater.3c01952,10.1021_acs.chemmater.3c01952-p003-f01,10.1021_acs.chemmater.3c01952-p003-f01-s04,ABC Stacking,COF-C2-80,ABC Stacking,28.003000,0.061700
10.1021_acs.chemmater.3c01952,10.1021_acs.chemmater.3c01952-p003-f01,10.1021_acs.chemmater.3c01952-p003-f01-s04,ABC Stacking,COF-C2-80,ABC Stacking,28.023000,0.061700
10.1021_acs.chemmater.3c01952,10.1021_acs.chemmater.3c01952-p003-f01,10.1021_acs.chemmater.3c01952-p003-f01-s04,ABC Stacking,COF-C2-80,ABC Stacking,28.043000,0.061800
10.1021_acs.chemmater.3c01952,10.1021_acs.chemmater.3c01952-p003-f01,10.1021_acs.chemmater.3c01952-p003-f01-s04,ABC Stacking,COF-C2-80,ABC Stacking,28.063000,0.061800
10.1021_acs.chemmater.3c01952,10.1021_acs.chemmater.3c01952-p003-f01,10.1021_acs.chemmater.3c01952-p003-f01-s04,ABC Stacking,COF-C2-80,ABC Stacking,28.083000,0.061800
10.1021_acs.chemmater.3c01952,10.1021_acs.chemmater.3c01952-p003-f01,10.1021_acs.chemmater.3c01952-p003-f01-s04,ABC Stacking,COF-C2-80,ABC Stacking,28.103000,0.061900
10.1021_acs.chemmater.3c01952,10.1021_acs.chemmater.3c01952-p003-f01,10.1021_acs.chemmater.3c01952-p003-f01-s04,ABC Stacking,COF-C2-80,ABC Stacking,28.123000,0.061900
10.1021_acs.chemmater.3c01952,10.1021_acs.chemmater.3c01952-p003-f01,10.1021_acs.chemmater.3c01952-p003-f01-s04,ABC Stacking,COF-C2-80,ABC Stacking,28.143000,0.062000
10.1021_acs.chemmater.3c01952,10.1021_acs.chemmater.3c01952-p003-f01,10.1021_acs.chemmater.3c01952-p003-f01-s04,ABC Stacking,COF-C2-80,ABC Stacking,28.163000,0.062000
10.1021_acs.chemmater.3c01952,10.1021_acs.chemmater.3c01952-p003-f01,10.1021_acs.chemmater.3c01952-p003-f01-s04,ABC Stacking,COF-C2-80,ABC Stacking,28.183000,0.062000
10.1021_acs.chemmater.3c01952,10.1021_acs.chemmater.3c01952-p003-f01,10.1021_acs.chemmater.3c01952-p003-f01-s04,ABC Stacking,COF-C2-80,ABC Stacking,28.203000,0.062100
10.1021_acs.chemmater.3c01952,10.1021_acs.chemmater.3c01952-p003-f01,10.1021_acs.chemmater.3c01952-p003-f01-s04,ABC Stacking,COF-C2-80,ABC Stacking,28.223000,0.062100
10.1021_acs.chemmater.3c01952,10.1021_acs.chemmater.3c01952-p003-f01,10.1021_acs.chemmater.3c01952-p003-f01-s04,ABC Stacking,COF-C2-80,ABC Stacking,28.243000,0.062100
10.1021_acs.chemmater.3c01952,10.1021_acs.chemmater.3c01952-p003-f01,10.1021_acs.chemmater.3c01952-p003-f01-s04,ABC Stacking,COF-C2-80,ABC Stacking,28.263000,0.062200
10.1021_acs.chemmater.3c01952,10.1021_acs.chemmater.3c01952-p003-f01,10.1021_acs.chemmater.3c01952-p003-f01-s04,ABC Stacking,COF-C2-80,ABC Stacking,28.283000,0.062200
10.1021_acs.chemmater.3c01952,10.1021_acs.chemmater.3c01952-p003-f01,10.1021_acs.chemmater.3c01952-p003-f01-s04,ABC Stacking,COF-C2-80,ABC Stacking,28.303000,0.062200
10.1021_acs.chemmater.3c01952,10.1021_acs.chemmater.3c01952-p003-f01,10.1021_acs.chemmater.3c01952-p003-f01-s04,ABC Stacking,COF-C2-80,ABC Stacking,28.323000,0.062300
10.1021_acs.chemmater.3c01952,10.1021_acs.chemmater.3c01952-p003-f01,10.1021_acs.chemmater.3c01952-p003-f01-s04,ABC Stacking,COF-C2-80,ABC Stacking,28.343000,0.062300
10.1021_acs.chemmater.3c01952,10.1021_acs.chemmater.3c01952-p003-f01,10.1021_acs.chemmater.3c01952-p003-f01-s04,ABC Stacking,COF-C2-80,ABC Stacking,28.363000,0.062400
10.1021_acs.chemmater.3c01952,10.1021_acs.chemmater.3c01952-p003-f01,10.1021_acs.chemmater.3c01952-p003-f01-s04,ABC Stacking,COF-C2-80,ABC Stacking,28.383000,0.062400
10.1021_acs.chemmater.3c01952,10.1021_acs.chemmater.3c01952-p003-f01,10.1021_acs.chemmater.3c01952-p003-f01-s04,ABC Stacking,COF-C2-80,ABC Stacking,28.403000,0.062400
10.1021_acs.chemmater.3c01952,10.1021_acs.chemmater.3c01952-p003-f01,10.1021_acs.chemmater.3c01952-p003-f01-s04,ABC Stacking,COF-C2-80,ABC Stacking,28.423000,0.062500
10.1021_acs.chemmater.3c01952,10.1021_acs.chemmater.3c01952-p003-f01,10.1021_acs.chemmater.3c01952-p003-f01-s04,ABC Stacking,COF-C2-80,ABC Stacking,28.443000,0.062500
10.1021_acs.chemmater.3c01952,10.1021_acs.chemmater.3c01952-p003-f01,10.1021_acs.chemmater.3c01952-p003-f01-s04,ABC Stacking,COF-C2-80,ABC Stacking,28.463000,0.062500
10.1021_acs.chemmater.3c01952,10.1021_acs.chemmater.3c01952-p003-f01,10.1021_acs.chemmater.3c01952-p003-f01-s04,ABC Stacking,COF-C2-80,ABC Stacking,28.483000,0.062600
10.1021_acs.chemmater.3c01952,10.1021_acs.chemmater.3c01952-p003-f01,10.1021_acs.chemmater.3c01952-p003-f01-s04,ABC Stacking,COF-C2-80,ABC Stacking,28.503000,0.062600
10.1021_acs.chemmater.3c01952,10.1021_acs.chemmater.3c01952-p003-f01,10.1021_acs.chemmater.3c01952-p003-f01-s04,ABC Stacking,COF-C2-80,ABC Stacking,28.523000,0.062700
10.1021_acs.chemmater.3c01952,10.1021_acs.chemmater.3c01952-p003-f01,10.1021_acs.chemmater.3c01952-p003-f01-s04,ABC Stacking,COF-C2-80,ABC Stacking,28.543000,0.062700
10.1021_acs.chemmater.3c01952,10.1021_acs.chemmater.3c01952-p003-f01,10.1021_acs.chemmater.3c01952-p003-f01-s04,ABC Stacking,COF-C2-80,ABC Stacking,28.563000,0.062700
10.1021_acs.chemmater.3c01952,10.1021_acs.chemmater.3c01952-p003-f01,10.1021_acs.chemmater.3c01952-p003-f01-s04,ABC Stacking,COF-C2-80,ABC Stacking,28.583000,0.062800
10.1021_acs.chemmater.3c01952,10.1021_acs.chemmater.3c01952-p003-f01,10.1021_acs.chemmater.3c01952-p003-f01-s04,ABC Stacking,COF-C2-80,ABC Stacking,28.603000,0.062800
10.1021_acs.chemmater.3c01952,10.1021_acs.chemmater.3c01952-p003-f01,10.1021_acs.chemmater.3c01952-p003-f01-s04,ABC Stacking,COF-C2-80,ABC Stacking,28.623000,0.062900
10.1021_acs.chemmater.3c01952,10.1021_acs.chemmater.3c01952-p003-f01,10.1021_acs.chemmater.3c01952-p003-f01-s04,ABC Stacking,COF-C2-80,ABC Stacking,28.643000,0.062900
10.1021_acs.chemmater.3c01952,10.1021_acs.chemmater.3c01952-p003-f01,10.1021_acs.chemmater.3c01952-p003-f01-s04,ABC Stacking,COF-C2-80,ABC Stacking,28.663000,0.062900
10.1021_acs.chemmater.3c01952,10.1021_acs.chemmater.3c01952-p003-f01,10.1021_acs.chemmater.3c01952-p003-f01-s04,ABC Stacking,COF-C2-80,ABC Stacking,28.683000,0.063000
10.1021_acs.chemmater.3c01952,10.1021_acs.chemmater.3c01952-p003-f01,10.1021_acs.chemmater.3c01952-p003-f01-s04,ABC Stacking,COF-C2-80,ABC Stacking,28.703000,0.063000
10.1021_acs.chemmater.3c01952,10.1021_acs.chemmater.3c01952-p003-f01,10.1021_acs.chemmater.3c01952-p003-f01-s04,ABC Stacking,COF-C2-80,ABC Stacking,28.723000,0.063100
10.1021_acs.chemmater.3c01952,10.1021_acs.chemmater.3c01952-p003-f01,10.1021_acs.chemmater.3c01952-p003-f01-s04,ABC Stacking,COF-C2-80,ABC Stacking,28.743000,0.063100
10.1021_acs.chemmater.3c01952,10.1021_acs.chemmater.3c01952-p003-f01,10.1021_acs.chemmater.3c01952-p003-f01-s04,ABC Stacking,COF-C2-80,ABC Stacking,28.763000,0.063100
10.1021_acs.chemmater.3c01952,10.1021_acs.chemmater.3c01952-p003-f01,10.1021_acs.chemmater.3c01952-p003-f01-s04,ABC Stacking,COF-C2-80,ABC Stacking,28.783000,0.063200
10.1021_acs.chemmater.3c01952,10.1021_acs.chemmater.3c01952-p003-f01,10.1021_acs.chemmater.3c01952-p003-f01-s04,ABC Stacking,COF-C2-80,ABC Stacking,28.803000,0.063200
10.1021_acs.chemmater.3c01952,10.1021_acs.chemmater.3c01952-p003-f01,10.1021_acs.chemmater.3c01952-p003-f01-s04,ABC Stacking,COF-C2-80,ABC Stacking,28.823000,0.063200
10.1021_acs.chemmater.3c01952,10.1021_acs.chemmater.3c01952-p003-f01,10.1021_acs.chemmater.3c01952-p003-f01-s04,ABC Stacking,COF-C2-80,ABC Stacking,28.843000,0.063300
10.1021_acs.chemmater.3c01952,10.1021_acs.chemmater.3c01952-p003-f01,10.1021_acs.chemmater.3c01952-p003-f01-s04,ABC Stacking,COF-C2-80,ABC Stacking,28.863000,0.063300
10.1021_acs.chemmater.3c01952,10.1021_acs.chemmater.3c01952-p003-f01,10.1021_acs.chemmater.3c01952-p003-f01-s04,ABC Stacking,COF-C2-80,ABC Stacking,28.883000,0.063400
10.1021_acs.chemmater.3c01952,10.1021_acs.chemmater.3c01952-p003-f01,10.1021_acs.chemmater.3c01952-p003-f01-s04,ABC Stacking,COF-C2-80,ABC Stacking,28.903000,0.063400
10.1021_acs.chemmater.3c01952,10.1021_acs.chemmater.3c01952-p003-f01,10.1021_acs.chemmater.3c01952-p003-f01-s04,ABC Stacking,COF-C2-80,ABC Stacking,28.923000,0.063400
10.1021_acs.chemmater.3c01952,10.1021_acs.chemmater.3c01952-p003-f01,10.1021_acs.chemmater.3c01952-p003-f01-s04,ABC Stacking,COF-C2-80,ABC Stacking,28.943000,0.063500
10.1021_acs.chemmater.3c01952,10.1021_acs.chemmater.3c01952-p003-f01,10.1021_acs.chemmater.3c01952-p003-f01-s04,ABC Stacking,COF-C2-80,ABC Stacking,28.963000,0.063500
10.1021_acs.chemmater.3c01952,10.1021_acs.chemmater.3c01952-p003-f01,10.1021_acs.chemmater.3c01952-p003-f01-s04,ABC Stacking,COF-C2-80,ABC Stacking,28.983000,0.063600
10.1021_acs.chemmater.3c01952,10.1021_acs.chemmater.3c01952-p003-f01,10.1021_acs.chemmater.3c01952-p003-f01-s04,ABC Stacking,COF-C2-80,ABC Stacking,29.003000,0.063600
10.1021_acs.chemmater.3c01952,10.1021_acs.chemmater.3c01952-p003-f01,10.1021_acs.chemmater.3c01952-p003-f01-s04,ABC Stacking,COF-C2-80,ABC Stacking,29.023000,0.063600
10.1021_acs.chemmater.3c01952,10.1021_acs.chemmater.3c01952-p003-f01,10.1021_acs.chemmater.3c01952-p003-f01-s04,ABC Stacking,COF-C2-80,ABC Stacking,29.043000,0.063700
10.1021_acs.chemmater.3c01952,10.1021_acs.chemmater.3c01952-p003-f01,10.1021_acs.chemmater.3c01952-p003-f01-s04,ABC Stacking,COF-C2-80,ABC Stacking,29.063000,0.063700
10.1021_acs.chemmater.3c01952,10.1021_acs.chemmater.3c01952-p003-f01,10.1021_acs.chemmater.3c01952-p003-f01-s04,ABC Stacking,COF-C2-80,ABC Stacking,29.083000,0.063800
10.1021_acs.chemmater.3c01952,10.1021_acs.chemmater.3c01952-p003-f01,10.1021_acs.chemmater.3c01952-p003-f01-s04,ABC Stacking,COF-C2-80,ABC Stacking,29.103000,0.063800
10.1021_acs.chemmater.3c01952,10.1021_acs.chemmater.3c01952-p003-f01,10.1021_acs.chemmater.3c01952-p003-f01-s04,ABC Stacking,COF-C2-80,ABC Stacking,29.123000,0.063700
10.1021_acs.chemmater.3c01952,10.1021_acs.chemmater.3c01952-p003-f01,10.1021_acs.chemmater.3c01952-p003-f01-s04,ABC Stacking,COF-C2-80,ABC Stacking,29.143000,0.063300
10.1021_acs.chemmater.3c01952,10.1021_acs.chemmater.3c01952-p003-f01,10.1021_acs.chemmater.3c01952-p003-f01-s04,ABC Stacking,COF-C2-80,ABC Stacking,29.163000,0.063100
10.1021_acs.chemmater.3c01952,10.1021_acs.chemmater.3c01952-p003-f01,10.1021_acs.chemmater.3c01952-p003-f01-s04,ABC Stacking,COF-C2-80,ABC Stacking,29.183000,0.063600
10.1021_acs.chemmater.3c01952,10.1021_acs.chemmater.3c01952-p003-f01,10.1021_acs.chemmater.3c01952-p003-f01-s04,ABC Stacking,COF-C2-80,ABC Stacking,29.203000,0.065100
10.1021_acs.chemmater.3c01952,10.1021_acs.chemmater.3c01952-p003-f01,10.1021_acs.chemmater.3c01952-p003-f01-s04,ABC Stacking,COF-C2-80,ABC Stacking,29.223000,0.067700
10.1021_acs.chemmater.3c01952,10.1021_acs.chemmater.3c01952-p003-f01,10.1021_acs.chemmater.3c01952-p003-f01-s04,ABC Stacking,COF-C2-80,ABC Stacking,29.243000,0.071500
10.1021_acs.chemmater.3c01952,10.1021_acs.chemmater.3c01952-p003-f01,10.1021_acs.chemmater.3c01952-p003-f01-s04,ABC Stacking,COF-C2-80,ABC Stacking,29.263000,0.076400
10.1021_acs.chemmater.3c01952,10.1021_acs.chemmater.3c01952-p003-f01,10.1021_acs.chemmater.3c01952-p003-f01-s04,ABC Stacking,COF-C2-80,ABC Stacking,29.283000,0.082200
10.1021_acs.chemmater.3c01952,10.1021_acs.chemmater.3c01952-p003-f01,10.1021_acs.chemmater.3c01952-p003-f01-s04,ABC Stacking,COF-C2-80,ABC Stacking,29.303000,0.088500
10.1021_acs.chemmater.3c01952,10.1021_acs.chemmater.3c01952-p003-f01,10.1021_acs.chemmater.3c01952-p003-f01-s04,ABC Stacking,COF-C2-80,ABC Stacking,29.323000,0.094900
10.1021_acs.chemmater.3c01952,10.1021_acs.chemmater.3c01952-p003-f01,10.1021_acs.chemmater.3c01952-p003-f01-s04,ABC Stacking,COF-C2-80,ABC Stacking,29.343000,0.100900
10.1021_acs.chemmater.3c01952,10.1021_acs.chemmater.3c01952-p003-f01,10.1021_acs.chemmater.3c01952-p003-f01-s04,ABC Stacking,COF-C2-80,ABC Stacking,29.363000,0.106900
10.1021_acs.chemmater.3c01952,10.1021_acs.chemmater.3c01952-p003-f01,10.1021_acs.chemmater.3c01952-p003-f01-s04,ABC Stacking,COF-C2-80,ABC Stacking,29.383000,0.112900
10.1021_acs.chemmater.3c01952,10.1021_acs.chemmater.3c01952-p003-f01,10.1021_acs.chemmater.3c01952-p003-f01-s04,ABC Stacking,COF-C2-80,ABC Stacking,29.403000,0.118800
10.1021_acs.chemmater.3c01952,10.1021_acs.chemmater.3c01952-p003-f01,10.1021_acs.chemmater.3c01952-p003-f01-s04,ABC Stacking,COF-C2-80,ABC Stacking,29.423000,0.093700
10.1021_acs.chemmater.3c01952,10.1021_acs.chemmater.3c01952-p003-f01,10.1021_acs.chemmater.3c01952-p003-f01-s04,ABC Stacking,COF-C2-80,ABC Stacking,29.443000,0.085800
10.1021_acs.chemmater.3c01952,10.1021_acs.chemmater.3c01952-p003-f01,10.1021_acs.chemmater.3c01952-p003-f01-s04,ABC Stacking,COF-C2-80,ABC Stacking,29.463000,0.136000
10.1021_acs.chemmater.3c01952,10.1021_acs.chemmater.3c01952-p003-f01,10.1021_acs.chemmater.3c01952-p003-f01-s04,ABC Stacking,COF-C2-80,ABC Stacking,29.483000,0.229000
10.1021_acs.chemmater.3c01952,10.1021_acs.chemmater.3c01952-p003-f01,10.1021_acs.chemmater.3c01952-p003-f01-s04,ABC Stacking,COF-C2-80,ABC Stacking,29.503000,0.348600
10.1021_acs.chemmater.3c01952,10.1021_acs.chemmater.3c01952-p003-f01,10.1021_acs.chemmater.3c01952-p003-f01-s04,ABC Stacking,COF-C2-80,ABC Stacking,29.523000,0.478800
10.1021_acs.chemmater.3c01952,10.1021_acs.chemmater.3c01952-p003-f01,10.1021_acs.chemmater.3c01952-p003-f01-s04,ABC Stacking,COF-C2-80,ABC Stacking,29.543000,0.604200
10.1021_acs.chemmater.3c01952,10.1021_acs.chemmater.3c01952-p003-f01,10.1021_acs.chemmater.3c01952-p003-f01-s04,ABC Stacking,COF-C2-80,ABC Stacking,29.563000,0.709600
10.1021_acs.chemmater.3c01952,10.1021_acs.chemmater.3c01952-p003-f01,10.1021_acs.chemmater.3c01952-p003-f01-s04,ABC Stacking,COF-C2-80,ABC Stacking,29.583000,0.780700
10.1021_acs.chemmater.3c01952,10.1021_acs.chemmater.3c01952-p003-f01,10.1021_acs.chemmater.3c01952-p003-f01-s04,ABC Stacking,COF-C2-80,ABC Stacking,29.603000,0.803200
10.1021_acs.chemmater.3c01952,10.1021_acs.chemmater.3c01952-p003-f01,10.1021_acs.chemmater.3c01952-p003-f01-s04,ABC Stacking,COF-C2-80,ABC Stacking,29.623000,0.788900
10.1021_acs.chemmater.3c01952,10.1021_acs.chemmater.3c01952-p003-f01,10.1021_acs.chemmater.3c01952-p003-f01-s04,ABC Stacking,COF-C2-80,ABC Stacking,29.643000,0.770200
10.1021_acs.chemmater.3c01952,10.1021_acs.chemmater.3c01952-p003-f01,10.1021_acs.chemmater.3c01952-p003-f01-s04,ABC Stacking,COF-C2-80,ABC Stacking,29.663000,0.717700
10.1021_acs.chemmater.3c01952,10.1021_acs.chemmater.3c01952-p003-f01,10.1021_acs.chemmater.3c01952-p003-f01-s04,ABC Stacking,COF-C2-80,ABC Stacking,29.683000,0.624600
10.1021_acs.chemmater.3c01952,10.1021_acs.chemmater.3c01952-p003-f01,10.1021_acs.chemmater.3c01952-p003-f01-s04,ABC Stacking,COF-C2-80,ABC Stacking,29.703000,0.505600
10.1021_acs.chemmater.3c01952,10.1021_acs.chemmater.3c01952-p003-f01,10.1021_acs.chemmater.3c01952-p003-f01-s04,ABC Stacking,COF-C2-80,ABC Stacking,29.723000,0.375000
10.1021_acs.chemmater.3c01952,10.1021_acs.chemmater.3c01952-p003-f01,10.1021_acs.chemmater.3c01952-p003-f01-s04,ABC Stacking,COF-C2-80,ABC Stacking,29.743000,0.247400
10.1021_acs.chemmater.3c01952,10.1021_acs.chemmater.3c01952-p003-f01,10.1021_acs.chemmater.3c01952-p003-f01-s04,ABC Stacking,COF-C2-80,ABC Stacking,29.763000,0.136500
10.1021_acs.chemmater.3c01952,10.1021_acs.chemmater.3c01952-p003-f01,10.1021_acs.chemmater.3c01952-p003-f01-s04,ABC Stacking,COF-C2-80,ABC Stacking,29.783000,0.056100
10.1021_acs.chemmater.3c01952,10.1021_acs.chemmater.3c01952-p003-f01,10.1021_acs.chemmater.3c01952-p003-f01-s04,ABC Stacking,COF-C2-80,ABC Stacking,29.803000,0.019500
10.1021_acs.chemmater.3c01952,10.1021_acs.chemmater.3c01952-p003-f01,10.1021_acs.chemmater.3c01952-p003-f01-s04,ABC Stacking,COF-C2-80,ABC Stacking,29.823000,0.039800
10.1021_acs.chemmater.3c01952,10.1021_acs.chemmater.3c01952-p003-f01,10.1021_acs.chemmater.3c01952-p003-f01-s04,ABC Stacking,COF-C2-80,ABC Stacking,29.843000,0.065300
10.1021_acs.chemmater.3c01952,10.1021_acs.chemmater.3c01952-p003-f01,10.1021_acs.chemmater.3c01952-p003-f01-s04,ABC Stacking,COF-C2-80,ABC Stacking,29.863000,0.065300
10.1021_acs.chemmater.3c01952,10.1021_acs.chemmater.3c01952-p003-f01,10.1021_acs.chemmater.3c01952-p003-f01-s04,ABC Stacking,COF-C2-80,ABC Stacking,29.883000,0.065400
10.1021_acs.chemmater.3c01952,10.1021_acs.chemmater.3c01952-p003-f01,10.1021_acs.chemmater.3c01952-p003-f01-s04,ABC Stacking,COF-C2-80,ABC Stacking,29.903000,0.065400
10.1021_acs.chemmater.3c01952,10.1021_acs.chemmater.3c01952-p003-f01,10.1021_acs.chemmater.3c01952-p003-f01-s04,ABC Stacking,COF-C2-80,ABC Stacking,29.923000,0.065400
10.1021_acs.chemmater.3c01952,10.1021_acs.chemmater.3c01952-p003-f01,10.1021_acs.chemmater.3c01952-p003-f01-s04,ABC Stacking,COF-C2-80,ABC Stacking,29.943000,0.065500
10.1021_acs.chemmater.3c01952,10.1021_acs.chemmater.3c01952-p003-f01,10.1021_acs.chemmater.3c01952-p003-f01-s04,ABC Stacking,COF-C2-80,ABC Stacking,29.963000,0.065500
10.1021_acs.chemmater.3c01952,10.1021_acs.chemmater.3c01952-p003-f01,10.1021_acs.chemmater.3c01952-p003-f01-s04,ABC Stacking,COF-C2-80,ABC Stacking,29.983000,0.065500
10.1021_acs.chemmater.3c01952,10.1021_acs.chemmater.3c01952-p003-f01,10.1021_acs.chemmater.3c01952-p003-f01-s04,ABC Stacking,COF-C2-80,ABC Stacking,30.003000,0.065600
